 TITLE = "Cavity Iterative Residual History"
 variables="Iteration""Time(s)""Res1""Res2""Res3"
           1   3.0517578125000007E-005  0.99999999037292220       0.99999999898843828       0.99999999902801739     
          10   3.0517578125000005E-004  0.91412793825723027       0.32807053130324321       0.33456272810313886     
          20   6.1035156250000011E-004  0.82378782382303750       0.20827296724858044       0.21520896644081633     
          30   9.1552734375000011E-004  0.76041150660944234       0.15970905109469732       0.16680900228346657     
          40   1.2207031250000002E-003  0.71247313266340162       0.13280909690608725       0.13999666608678213     
          50   1.5258789062500002E-003  0.67416448427160380       0.11552981771363237       0.12276898805051947     
          60   1.8310546875000002E-003  0.64239320806894040       0.10341145343305043       0.11068066755158072     
          70   2.1362304687500004E-003  0.61534157630266195        9.4400258065810511E-002  0.10168492321771865     
          80   2.4414062500000004E-003  0.59185403518068069        8.7412233756018379E-002   9.4701742213192594E-002
          90   2.7465820312500004E-003  0.57115160249947994        8.1818674888084267E-002   8.9104960412002693E-002
         100   3.0517578125000004E-003  0.55268456889610573        7.7228769134883607E-002   8.4505503344809274E-002
         110   3.3569335937500004E-003  0.53605093303107165        7.3386297077750240E-002   8.0648401203284509E-002
         120   3.6621093750000004E-003  0.52094712757015338        7.0116032907782941E-002   7.7359359198514596E-002
         130   3.9672851562500009E-003  0.50713884511476548        6.7293952938866294E-002   7.4515061152445314E-002
         140   4.2724609375000009E-003  0.49444131465428048        6.4829735015082754E-002   7.2025733461636751E-002
         150   4.5776367187500009E-003  0.48270616658243715        6.2655996461875973E-002   6.9824428280588366E-002
         160   4.8828125000000009E-003  0.47181243410767254        6.0721420737182973E-002   6.7860179253566841E-002
         170   5.1879882812500009E-003  0.46166012629881764        5.8986222157370295E-002   6.6093486924365702E-002
         180   5.4931640625000009E-003  0.45216567125859930        5.7419068840974835E-002   6.4493256694902135E-002
         190   5.7983398437500009E-003  0.44325833161025596        5.5994943536447107E-002   6.3034669573719643E-002
         200   6.1035156250000009E-003  0.43487777690991164        5.4693624409993896E-002   6.1697670451237301E-002
         210   6.4086914062500009E-003  0.42697223281226543        5.3498585652991822E-002   6.0465875361339551E-002
         220   6.7138671875000009E-003  0.41949689724317746        5.2396188903899035E-002   5.9325767776641419E-002
         230   7.0190429687500009E-003  0.41241267819965399        5.1375079175199040E-002   5.8266098406057641E-002
         240   7.3242187500000009E-003  0.40568526900015617        5.0425727895388552E-002   5.7277431327999943E-002
         250   7.6293945312500009E-003  0.39928438142086858        4.9540083468034013E-002   5.6351796859598076E-002
         260   7.9345703125000017E-003  0.39318310786199490        4.8711301131982229E-002   5.5482423270221549E-002
         270   8.2397460937500017E-003  0.38735744297913760        4.7933532350797767E-002   5.4663527646678901E-002
         280   8.5449218750000017E-003  0.38178586100082956        4.7201759235674823E-002   5.3890151717032035E-002
         290   8.8500976562500017E-003  0.37644890006103537        4.6511663242872897E-002   5.3158031549647752E-002
         300   9.1552734375000017E-003  0.37132890127778378        4.5859520233130176E-002   5.2463493446322514E-002
         310   9.4604492187500017E-003  0.36640971767204661        4.5242115766094118E-002   5.1803370178471857E-002
         320   9.7656250000000017E-003  0.36167647252458218        4.4656675974784968E-002   5.1174932690572397E-002
         330   1.0070800781250002E-002  0.35711535767043096        4.4100810487515504E-002   5.0575833764125055E-002
         340   1.0375976562500002E-002  0.35271343695796131        4.3572464542538741E-002   5.0004060880927924E-002
         350   1.0681152343750002E-002  0.34845849050103622        4.3069878123377744E-002   4.9457896063109831E-002
         360   1.0986328125000002E-002  0.34433887546137321        4.2591550474650491E-002   4.8935881011355473E-002
         370   1.1291503906250002E-002  0.34034340392367662        4.2136208669966209E-002   4.8436786212579755E-002
         380   1.1596679687500002E-002  0.33646123664058519        4.1702779196594271E-002   4.7959583004001181E-002
         390   1.1901855468750002E-002  0.33268179880388471        4.1290361853821747E-002   4.7503417830563339E-002
         400   1.2207031250000002E-002  0.32899470937000869        4.0898205390709597E-002   4.7067588161143072E-002
         410   1.2512207031250002E-002  0.32538973313751274        4.0525684568098234E-002   4.6651519669265368E-002
         420   1.2817382812500002E-002  0.32185673339667736        4.0172278372680552E-002   4.6254744440105522E-002
         430   1.3122558593750002E-002  0.31838565424868487        3.9837549256828718E-002   4.5876880089704891E-002
         440   1.3427734375000002E-002  0.31496651416805105        3.9521123423416737E-002   4.5517609765222192E-002
         450   1.3732910156250002E-002  0.31158941004885649        3.9222672185014108E-002   4.5176663064649757E-002
         460   1.4038085937500002E-002  0.30824453371727761        3.8941894469339419E-002   4.4853797966086656E-002
         470   1.4343261718750002E-002  0.30492219693264838        3.8678500596166121E-002   4.4548783889377698E-002
         480   1.4648437500000002E-002  0.30161286740713145        3.8432197452803747E-002   4.4261386041112391E-002
         490   1.4953613281250002E-002  0.29830720903088254        3.8202675216304716E-002   4.3991351189933955E-002
         500   1.5258789062500002E-002  0.29499612633988276        3.7989595708929208E-002   4.3738395030757014E-002
         510   1.5563964843750002E-002  0.29167081494335961        3.7792582515024813E-002   4.3502191259635899E-002
         520   1.5869140625000003E-002  0.28832281314401748        3.7611212936611488E-002   4.3282362460150110E-002
         530   1.6174316406250003E-002  0.28494405238914883        3.7445011817657470E-002   4.3078472879363679E-002
         540   1.6479492187500003E-002  0.28152690927383822        3.7293447246202371E-002   4.2890023119935568E-002
         550   1.6784667968750003E-002  0.27806425554124531        3.7155928092755600E-002   4.2716446761399358E-002
         560   1.7089843750000003E-002  0.27454950230034419        3.7031803317182581E-002   4.2557108847042155E-002
         570   1.7395019531250003E-002  0.27097664220052264        3.6920362914882432E-002   4.2411306156019506E-002
         580   1.7700195312500003E-002  0.26734028738151655        3.6820840377602172E-002   4.2278269133917724E-002
         590   1.8005371093750003E-002  0.26363570444228784        3.6732416493037233E-002   4.2157165344380645E-002
         600   1.8310546875000003E-002  0.25985884221398603        3.6654224295411847E-002   4.2047104250993131E-002
         610   1.8615722656250003E-002  0.25600635531956917        3.6585354965838007E-002   4.1947143133971319E-002
         620   1.8920898437500003E-002  0.25207562303044928        3.6524864471874093E-002   4.1856293932054034E-002
         630   1.9226074218750003E-002  0.24806476407115383        3.6471780744822463E-002   4.1773530802594938E-002
         640   1.9531250000000003E-002  0.24397264663218762        3.6425111192349556E-002   4.1697798184827391E-002
         650   1.9836425781250003E-002  0.23979889352425945        3.6383850364766289E-002   4.1628019159809890E-002
         660   2.0141601562500003E-002  0.23554388633443382        3.6346987598984595E-002   4.1563103921910850E-002
         670   2.0446777343750003E-002  0.23120876448271954        3.6313514498035666E-002   4.1501958190684717E-002
         680   2.0751953125000003E-002  0.22679542292615509        3.6282432110225353E-002   4.1443491407730987E-002
         690   2.1057128906250003E-002  0.22230650747655809        3.6252757708119553E-002   4.1386624584982587E-002
         700   2.1362304687500003E-002  0.21774541088885713        3.6223531079892929E-002   4.1330297706778207E-002
         710   2.1667480468750003E-002  0.21311626630017444        3.6193820275359716E-002   4.1273476593729756E-002
         720   2.1972656250000003E-002  0.20842394178001447        3.6162726757983960E-002   4.1215159164073707E-002
         730   2.2277832031250003E-002  0.20367403675086221        3.6129389946581068E-002   4.1154381055278862E-002
         740   2.2583007812500003E-002  0.19887287883572496        3.6092991132588403E-002   4.1090220578151468E-002
         750   2.2888183593750003E-002  0.19402752321145117        3.6052756781567045E-002   4.1021802991997321E-002
         760   2.3193359375000003E-002  0.18914575595403035        3.6007961232126996E-002   4.0948304113238701E-002
         770   2.3498535156250003E-002  0.18423609849709796        3.5957928821225643E-002   4.0868953265409354E-002
         780   2.3803710937500003E-002  0.17930781909321969        3.5902035462312569E-002   4.0783035600220265E-002
         790   2.4108886718750003E-002  0.17437094636637002        3.5839709718563581E-002   4.0689893822747951E-002
         800   2.4414062500000003E-002  0.16943628838793540        3.5770433403816790E-002   4.0588929353494015E-002
         810   2.4719238281250003E-002  0.16451545712708424        3.5693741758928206E-002   4.0479602972021973E-002
         820   2.5024414062500003E-002  0.15962089569321980        3.5609223238806033E-002   4.0361434980112118E-002
         830   2.5329589843750003E-002  0.15476591175481111        3.5516518954854567E-002   4.0234004931157238E-002
         840   2.5634765625000003E-002  0.14996471051556676        3.5415321810319159E-002   4.0096950963037808E-002
         850   2.5939941406250003E-002  0.14523243087750135        3.5305375366572737E-002   3.9949968780394432E-002
         860   2.6245117187500003E-002  0.14058517621149028        3.5186472475088701E-002   3.9792810321247742E-002
         870   2.6550292968750003E-002  0.13604003868794670        3.5058453708870792E-002   3.9625282147937972E-002
         880   2.6855468750000003E-002  0.13161510885992575        3.4921205622602966E-002   3.9447243595533858E-002
         890   2.7160644531250003E-002  0.12732946298790315        3.4774658869361888E-002   3.9258604710405418E-002
         900   2.7465820312500003E-002  0.12320311564649643        3.4618786198860260E-002   3.9059324008583682E-002
         910   2.7770996093750003E-002  0.11925692575455490        3.4453600359949758E-002   3.8849406081311502E-002
         920   2.8076171875000003E-002  0.11551243985773539        3.4279151927202774E-002   3.8628899072402322E-002
         930   2.8381347656250003E-002  0.11199165604004971        3.4095527069720730E-002   3.8397892050308684E-002
         940   2.8686523437500003E-002  0.10871669295174291        3.3902845278349289E-002   3.8156512295856142E-002
         950   2.8991699218750003E-002  0.10570935182996349        3.3701257065598005E-002   3.7904922524897182E-002
         960   2.9296875000000003E-002  0.10299056698609367        3.3490941651837615E-002   3.7643318063558820E-002
         970   2.9602050781250003E-002  0.10057975186565285        3.3272104649761811E-002   3.7371923988009717E-002
         980   2.9907226562500003E-002   9.8494067463112386E-002   3.3044975753253533E-002   3.7090992248465335E-002
         990   3.0212402343750003E-002   9.6747655708923089E-002   3.2809806443879201E-002   3.6800798792018245E-002
        1000   3.0517578125000003E-002   9.5350900047615011E-002   3.2566867723263164E-002   3.6501640695897557E-002
        1010   3.0822753906250003E-002   9.4309788420281926E-002   3.2316447878576286E-002   3.6193833324367604E-002
        1020   3.1127929687500003E-002   9.3625455126563326E-002   3.2058850288381277E-002   3.5877707521711891E-002
        1030   3.1433105468750007E-002   9.3293965274616794E-002   3.1794391275613794E-002   3.5553606853449764E-002
        1040   3.1738281250000007E-002   9.3306378812030771E-002   3.1523398014103275E-002   3.5221884907730906E-002
        1050   3.2043457031250007E-002   9.3649095233327193E-002   3.1246206494732549E-002   3.4882902668711399E-002
        1060   3.2348632812500007E-002   9.4304443025366474E-002   3.0963159557078939E-002   3.4537025973612780E-002
        1070   3.2653808593750007E-002   9.5251448350812937E-002   3.0674604992164952E-002   3.4184623065080882E-002
        1080   3.2958984375000007E-002   9.6466701517348388E-002   3.0380893721746422E-002   3.3826062250352090E-002
        1090   3.3264160156250007E-002   9.7925239217268770E-002   3.0082378059374842E-002   3.3461709678597192E-002
        1100   3.3569335937500007E-002   9.9601372826778584E-002   2.9779410058269225E-002   3.3091927247598983E-002
        1110   3.3874511718750007E-002  0.10146941304784947        2.9472339950812606E-002   3.2717070650632799E-002
        1120   3.4179687500000007E-002  0.10350426320356473        2.9161514684235605E-002   3.2337487574012037E-002
        1130   3.4484863281250007E-002  0.10568187312859936        2.8847276556756965E-002   3.1953516055243179E-002
        1140   3.4790039062500007E-002  0.10797956035927761        2.8529961958108654E-002   3.1565483011069650E-002
        1150   3.5095214843750007E-002  0.11037621459389602        2.8209900217978867E-002   3.1173702943878352E-002
        1160   3.5400390625000007E-002  0.11285240579277138        2.7887412565449091E-002   3.0778476833979565E-002
        1170   3.5705566406250007E-002  0.11539041704471875        2.7562811201986510E-002   3.0380091224155217E-002
        1180   3.6010742187500007E-002  0.11797422175683413        2.7236398489971878E-002   2.9978817501601536E-002
        1190   3.6315917968750007E-002  0.12058942194074222        2.6908466258105609E-002   2.9574911380980694E-002
        1200   3.6621093750000007E-002  0.12322316117641599        2.6579295224332694E-002   2.9168612590752385E-002
        1210   3.6926269531250007E-002  0.12586402274101646        2.6249154536179924E-002   2.8760144763299984E-002
        1220   3.7231445312500007E-002  0.12850192066435559        2.5918301427596380E-002   2.8349715527620816E-002
        1230   3.7536621093750007E-002  0.13112798921989402        2.5586980990557350E-002   2.7937516801535354E-002
        1240   3.7841796875000007E-002  0.13373447458555304        2.5255426058824238E-002   2.7523725278525868E-002
        1250   3.8146972656250007E-002  0.13631463106421401        2.4923857200374339E-002   2.7108503102465202E-002
        1260   3.8452148437500007E-002  0.13886262326973003        2.4592482814131969E-002   2.6691998721678330E-002
        1270   3.8757324218750007E-002  0.14137343498772570        2.4261499325753961E-002   2.6274347912031083E-002
        1280   3.9062500000000007E-002  0.14384278494465974        2.3931091476373123E-002   2.5855674957090787E-002
        1290   3.9367675781250007E-002  0.14626704940723570        2.3601432697388527E-002   2.5436093971893520E-002
        1300   3.9672851562500007E-002  0.14864319134194978        2.3272685563627597E-002   2.5015710355510871E-002
        1310   3.9978027343750007E-002  0.15096869575628405        2.2945002316505515E-002   2.4594622356461513E-002
        1320   4.0283203125000007E-002  0.15324151079229639        2.2618525448189233E-002   2.4172922734091308E-002
        1330   4.0588378906250007E-002  0.15545999413075415        2.2293388337239775E-002   2.3750700498364849E-002
        1340   4.0893554687500007E-002  0.15762286427541236        2.1969715925775488E-002   2.3328042710083794E-002
        1350   4.1198730468750007E-002  0.15972915631271747        2.1647625427877785E-002   2.2905036323393101E-002
        1360   4.1503906250000007E-002  0.16177818177524511        2.1327227058751955E-002   2.2481770052540498E-002
        1370   4.1809082031250007E-002  0.16376949227296431        2.1008624774072046E-002   2.2058336245232200E-002
        1380   4.2114257812500007E-002  0.16570284659193471        2.0691917008976574E-002   2.1634832745554916E-002
        1390   4.2419433593750007E-002  0.16757818099342839        2.0377197406346050E-002   2.1211364730303793E-002
        1400   4.2724609375000007E-002  0.16939558247662764        2.0064555524282872E-002   2.0788046503641962E-002
        1410   4.3029785156250007E-002  0.17115526479444274        1.9754077513125821E-002   2.0365003236296239E-002
        1420   4.3334960937500007E-002  0.17285754703450251        1.9445846752859580E-002   1.9942372636932618E-002
        1430   4.3640136718750007E-002  0.17450283459599489        1.9139944442421137E-002   1.9520306544914896E-002
        1440   4.3945312500000007E-002  0.17609160240810806        1.8836450133150658E-002   1.9098972435297311E-002
        1450   4.4250488281250007E-002  0.17762438024761679        1.8535442199474016E-002   1.8678554828581041E-002
        1460   4.4555664062500007E-002  0.17910174002210558        1.8236998240832688E-002   1.8259256599434236E-002
        1470   4.4860839843750007E-002  0.18052428489181563        1.7941195409877646E-002   1.7841300180174473E-002
        1480   4.5166015625000007E-002  0.18189264010759323        1.7648110663012220E-002   1.7424928656282177E-002
        1490   4.5471191406250007E-002  0.18320744544528816        1.7357820930487187E-002   1.7010406752485111E-002
        1500   4.5776367187500007E-002  0.18446934911862178        1.7070403204412901E-002   1.6598021708949598E-002
        1510   4.6081542968750007E-002  0.18567900305336532        1.6785934544242247E-002   1.6188084047749133E-002
        1520   4.6386718750000007E-002  0.18683705940595449        1.6504492000482335E-002   1.5780928229953251E-002
        1530   4.6691894531250007E-002  0.18794416820976453        1.6226152458603819E-002   1.5376913203280110E-002
        1540   4.6997070312500007E-002  0.18900097603238078        1.5950992406313161E-002   1.4976422839152622E-002
        1550   4.7302246093750007E-002  0.19000812552756341        1.5679087628532561E-002   1.4579866256048016E-002
        1560   4.7607421875000007E-002  0.19096625576642184        1.5410512835570747E-002   1.4187678023070036E-002
        1570   4.7912597656250007E-002  0.19187600323369633        1.5145341231060165E-002   1.3800318233525132E-002
        1580   4.8217773437500007E-002  0.19273800337709565        1.4883644027261148E-002   1.3418272432764822E-002
        1590   4.8522949218750007E-002  0.19355289260046124        1.4625489916282888E-002   1.3042051377482418E-002
        1600   4.8828125000000007E-002  0.19432131059509966        1.4370944506624099E-002   1.2672190594864585E-002
        1610   4.9133300781250007E-002  0.19504390290802495        1.4120069735180811E-002   1.2309249699388623E-002
        1620   4.9438476562500007E-002  0.19572132365097258        1.3872923265489893E-002   1.1953811412616831E-002
        1630   4.9743652343750007E-002  0.19635423825993065        1.3629557883457500E-002   1.1606480217218565E-002
        1640   5.0048828125000007E-002  0.19694332622143887        1.3390020902146435E-002   1.1267880561043823E-002
        1650   5.0354003906250007E-002  0.19748928368901900        1.3154353587357481E-002   1.0938654511122432E-002
        1660   5.0659179687500007E-002  0.19799282592067946        1.2922590615715511E-002   1.0619458742183336E-002
        1670   5.0964355468750007E-002  0.19845468947640180        1.2694759576761919E-002   1.0310960731492329E-002
        1680   5.1269531250000007E-002  0.19887563412276771        1.2470880530146156E-002   1.0013834024014089E-002
        1690   5.1574707031250007E-002  0.19925644440030579        1.2250965628401042E-002   9.7287524324020814E-003
        1700   5.1879882812500007E-002  0.19959793081759514        1.2035018814980815E-002   9.4563830490867543E-003
        1710   5.2185058593750007E-002  0.19990093064460954        1.1823035606239565E-002   9.1973779772037967E-003
        1720   5.2490234375000007E-002  0.20016630828606383        1.1615002964846306E-002   8.9523647376344995E-003
        1730   5.2795410156250007E-002  0.20039495522354839        1.1410899270785807E-002   8.7219353844534154E-003
        1740   5.3100585937500007E-002  0.20058778952296633        1.1210694394603262E-002   8.5066344619145057E-003
        1750   5.3405761718750007E-002  0.20074575491107174        1.1014349875945947E-002   8.3069460605479650E-003
        1760   5.3710937500000007E-002  0.20086981943173973        1.0821819208767004E-002   8.1232803708717362E-003
        1770   5.4016113281250007E-002  0.20096097369886576        1.0633048232822065E-002   7.9559602777112583E-003
        1780   5.4321289062500007E-002  0.20102022876851239        1.0447975629350880E-002   7.8052086675485174E-003
        1790   5.4626464843750007E-002  0.20104861365796650        1.0266533517129760E-002   7.6711372130451967E-003
        1800   5.4931640625000007E-002  0.20104717254380208        1.0088648143454308E-002   7.5537374297370442E-003
        1810   5.5236816406250007E-002  0.20101696167477459        9.9142406630984854E-003   7.4528747511269236E-003
        1820   5.5541992187500007E-002  0.20095904603843748        9.7432279969374910E-003   7.3682862311376532E-003
        1830   5.5847167968750007E-002  0.20087449582272796        9.5755237607471032E-003   7.2995822624416931E-003
        1840   5.6152343750000007E-002  0.20076438271547500        9.4110392537249746E-003   7.2462524166009316E-003
        1850   5.6457519531250007E-002  0.20062977608580512        9.2496844955425334E-003   7.2076752015918320E-003
        1860   5.6762695312500007E-002  0.20047173909180208        9.0913693002326497E-003   7.1831312356581255E-003
        1870   5.7067871093750007E-002  0.20029132475855882        8.9360043749537547E-003   7.1718190936508226E-003
        1880   5.7373046875000007E-002  0.20008957206995542        8.7835024316364873E-003   7.1728729234750996E-003
        1890   5.7678222656250007E-002  0.19986750211615095        8.6337792996950147E-003   7.1853808708410103E-003
        1900   5.7983398437500007E-002  0.19962611433693889        8.4867550283522931E-003   7.2084033879179447E-003
        1910   5.8288574218750007E-002  0.19936638289884479        8.3423549676521127E-003   7.2409906187688730E-003
        1920   5.8593750000000007E-002  0.19908925324115442        8.2005108178760736E-003   7.2821982254134996E-003
        1930   5.8898925781250007E-002  0.19879563882305804        8.0611616378104128E-003   7.3311012140430841E-003
        1940   5.9204101562500007E-002  0.19848641810078005        7.9242548030732281E-003   7.3868055150623640E-003
        1950   5.9509277343750007E-002  0.19816243176005519        7.7897469064716679E-003   7.4484572434528025E-003
        1960   5.9814453125000007E-002  0.19782448022558766        7.6576045930712927E-003   7.5152497054415757E-003
        1970   6.0119628906250007E-002  0.19747332146534630        7.5278053232809162E-003   7.5864283189860833E-003
        1980   6.0424804687500007E-002  0.19710966910364983        7.4003380577524801E-003   7.6612936802777599E-003
        1990   6.0729980468750007E-002  0.19673419085313920        7.2752038582305240E-003   7.7392030412061150E-003
        2000   6.1035156250000007E-002  0.19634750727190875        7.1524163986365187E-003   7.8195704702138241E-003
        2010   6.1340332031250007E-002  0.19595019084832357        7.0320023806194837E-003   7.9018659582830962E-003
        2020   6.1645507812500007E-002  0.19554276541248058        6.9140018475389873E-003   7.9856137093672619E-003
        2030   6.1950683593750007E-002  0.19512570586984754        6.7984683903706258E-003   8.0703898257354929E-003
        2040   6.2255859375000007E-002  0.19469943824944114        6.6854692383576195E-003   8.1558195674616783E-003
        2050   6.2561035156250014E-002  0.19426434005596019        6.5750852264045648E-003   8.2415743344728884E-003
        2060   6.2866210937500014E-002  0.19382074091262630        6.4674106302759615E-003   8.3273684909561229E-003
        2070   6.3171386718750014E-002  0.19336892347912715        6.3625528596952426E-003   8.4129561264797165E-003
        2080   6.3476562500000014E-002  0.19290912462699467        6.2606319985380569E-003   8.4981278263160098E-003
        2090   6.3781738281250014E-002  0.19244153685302334        6.1617801806028221E-003   8.5827075051554645E-003
        2100   6.4086914062500014E-002  0.19196630990991725        6.0661407890710154E-003   8.6665493434512977E-003
        2110   6.4392089843750014E-002  0.19148355263228148        5.9738674679186109E-003   8.7495348536625033E-003
        2120   6.4697265625000014E-002  0.19099333493529488        5.8851229344028264E-003   8.8315700942596682E-003
        2130   6.5002441406250014E-002  0.19049568996294733        5.8000775835342321E-003   8.9125830421077391E-003
        2140   6.5307617187500014E-002  0.18999061636256612        5.7189078783550142E-003   8.9925211283547746E-003
        2150   6.5612792968750014E-002  0.18947808066243990        5.6417945240596614E-003   9.0713489388883663E-003
        2160   6.5917968750000014E-002  0.18895801972975565        5.5689204296396665E-003   9.1490460774784534E-003
        2170   6.6223144531250014E-002  0.18843034328661479        5.5004684678523113E-003   9.2256051876519734E-003
        2180   6.6528320312500014E-002  0.18789493646273187        5.4366190528301970E-003   9.3010301279425698E-003
        2190   6.6833496093750014E-002  0.18735166236438103        5.3775475643337168E-003   9.3753342942578168E-003
        2200   6.7138671875000014E-002  0.18680036464030758        5.3234216581044434E-003   9.4485390825781636E-003
        2210   6.7443847656250014E-002  0.18624087002658246        5.2743985124132763E-003   9.5206724849447952E-003
        2220   6.7749023437500014E-002  0.18567299085373520        5.2306220709562087E-003   9.5917678116260452E-003
        2230   6.8054199218750014E-002  0.18509652750095995        5.1922203508433734E-003   9.6618625324160993E-003
        2240   6.8359375000000014E-002  0.18451127078365945        5.1593028906072435E-003   9.7309972301708111E-003
        2250   6.8664550781250014E-002  0.18391700426213395        5.1319584160215747E-003   9.7992146598873519E-003
        2260   6.8969726562500014E-002  0.18331350646072517        5.1102528003321417E-003   9.8665589068686489E-003
        2270   6.9274902343750014E-002  0.18270055298825866        5.0942273897973591E-003   9.9330746377579507E-003
        2280   6.9580078125000014E-002  0.18207791855209560        5.0838977551462862E-003   9.9988064384766186E-003
        2290   6.9885253906250014E-002  0.18144537885955095        5.0792529150562359E-003   1.0063798233340936E-002
        2300   7.0190429687500014E-002  0.18080271240180953        5.0802550598523467E-003   1.0128092779865646E-002
        2310   7.0495605468750014E-002  0.18014970211678510        5.0868397835414497E-003   1.0191731233985214E-002
        2320   7.0800781250000014E-002  0.17948613692859461        5.0989168114816321E-003   1.0254752780633364E-002
        2330   7.1105957031250014E-002  0.17881181316246941        5.1163711910170700E-003   1.0317194324823427E-002
        2340   7.1411132812500014E-002  0.17812653583498528        5.1390648947474181E-003   1.0379090238561491E-002
        2350   7.1716308593750014E-002  0.17743011982045656        5.1668387719631175E-003   1.0440472159109575E-002
        2360   7.2021484375000014E-002  0.17672239089520442        5.1995147739881059E-003   1.0501368834293444E-002
        2370   7.2326660156250014E-002  0.17600318666220174        5.2368983740985319E-003   1.0561806010724243E-002
        2380   7.2631835937500014E-002  0.17527235735926203        5.2787811022488671E-003   1.0621806360974729E-002
        2390   7.2937011718750014E-002  0.17452976655454724        5.3249431185560855E-003   1.0681389445921952E-002
        2400   7.3242187500000014E-002  0.17377529173366651        5.3751557566008570E-003   1.0740571708638789E-002
        2410   7.3547363281250014E-002  0.17300882478306842        5.4291839771633005E-003   1.0799366496388817E-002
        2420   7.3852539062500014E-002  0.17223027237475291        5.4867886840361856E-003   1.0857784107451134E-002
        2430   7.4157714843750014E-002  0.17143955625761903        5.5477288651265668E-003   1.0915831859676296E-002
        2440   7.4462890625000014E-002  0.17063661346094883        5.6117635333744866E-003   1.0973514177850432E-002
        2450   7.4768066406250014E-002  0.16982139641566374        5.6786534524767961E-003   1.1030832697119439E-002
        2460   7.5073242187500014E-002  0.16899387299906912        5.7481626415820915E-003   1.1087786379904423E-002
        2470   7.5378417968750014E-002  0.16815402650882405        5.8200596607874064E-003   1.1144371643913673E-002
        2480   7.5683593750000014E-002  0.16730185557185154        5.8941186853375040E-003   1.1200582499033919E-002
        2490   7.5988769531250014E-002  0.16643737399383396        5.9701203809502884E-003   1.1256410691056625E-002
        2500   7.6293945312500014E-002  0.16556061055484217        6.0478525957977924E-003   1.1311845850366660E-002
        2510   7.6599121093750014E-002  0.16467160875651024        6.1271108865465851E-003   1.1366875643887569E-002
        2520   7.6904296875000014E-002  0.16377042652600252        6.2076988967127902E-003   1.1421485928742184E-002
        2530   7.7209472656250014E-002  0.16285713588184431        6.2894286056300415E-003   1.1475660906243591E-002
        2540   7.7514648437500014E-002  0.16193182256647684        6.3721204657582829E-003   1.1529383274984911E-002
        2550   7.7819824218750014E-002  0.16099458565018790        6.4556034450608396E-003   1.1582634381941242E-002
        2560   7.8125000000000014E-002  0.16004553711083214        6.5397149898917938E-003   1.1635394370635042E-002
        2570   7.8430175781250014E-002  0.15908480139352968        6.6243009223913947E-003   1.1687642325547814E-002
        2580   7.8735351562500014E-002  0.15811251495428022        6.7092152848789409E-003   1.1739356412082673E-002
        2590   7.9040527343750014E-002  0.15712882579118967        6.7943201422305697E-003   1.1790514011498044E-002
        2600   7.9345703125000014E-002  0.15613389296676636        6.8794853517876323E-003   1.1841091850338110E-002
        2610   7.9650878906250014E-002  0.15512788612448991        6.9645883089895343E-003   1.1891066123984176E-002
        2620   7.9956054687500014E-002  0.15411098500262863        7.0495136756883927E-003   1.1940412614040698E-002
        2630   8.0261230468750014E-002  0.15308337894803545        7.1341530969870207E-003   1.1989106799350682E-002
        2640   8.0566406250000014E-002  0.15204526643243382        7.2184049114515751E-003   1.2037123960509518E-002
        2650   8.0871582031250014E-002  0.15099685457347309        7.3021738586826592E-003   1.2084439277811278E-002
        2660   8.1176757812500014E-002  0.14993835866263347        7.3853707874752296E-003   1.2131027922620625E-002
        2670   8.1481933593750014E-002  0.14887000170183712        7.4679123671514856E-003   1.2176865142214105E-002
        2680   8.1787109375000014E-002  0.14779201395045083        7.5497208041010247E-003   1.2221926338180263E-002
        2690   8.2092285156250014E-002  0.14670463248415413        7.6307235650985086E-003   1.2266187138505379E-002
        2700   8.2397460937500014E-002  0.14560810076699499        7.7108531085807669E-003   1.2309623463505479E-002
        2710   8.2702636718750014E-002  0.14450266823777738        7.7900466247432095E-003   1.2352211585791318E-002
        2720   8.3007812500000014E-002  0.14338858991176842        7.8682457850507634E-003   1.2393928184476691E-002
        2730   8.3312988281250014E-002  0.14226612599858013        7.9453965015409377E-003   1.2434750393857075E-002
        2740   8.3618164062500014E-002  0.14113554153693572        8.0214486961227415E-003   1.2474655846800256E-002
        2750   8.3923339843750014E-002  0.13999710604690990        8.0963560799346360E-003   1.2513622713100324E-002
        2760   8.4228515625000014E-002  0.13885109320012096        8.1700759427136005E-003   1.2551629733052939E-002
        2770   8.4533691406250014E-002  0.13769778050824491        8.2425689520412015E-003   1.2588656246514375E-002
        2780   8.4838867187500014E-002  0.13653744903012480        8.3137989622661199E-003   1.2624682217707598E-002
        2790   8.5144042968750014E-002  0.13537038309766783        8.3837328328522625E-003   1.2659688256037931E-002
        2800   8.5449218750000014E-002  0.13419687006064102        8.4523402558659266E-003   1.2693655633178379E-002
        2810   8.5754394531250014E-002  0.13301720005040191        8.5195935922896884E-003   1.2726566296679332E-002
        2820   8.6059570312500014E-002  0.13183166576255478        8.5854677168338955E-003   1.2758402880353003E-002
        2830   8.6364746093750014E-002  0.13064056225844475        8.6499398709077996E-003   1.2789148711674771E-002
        2840   8.6669921875000014E-002  0.12944418678538028        8.7129895234075317E-003   1.2818787816436153E-002
        2850   8.6975097656250014E-002  0.12824283861541289        8.7745982389794454E-003   1.2847304920875685E-002
        2860   8.7280273437500014E-002  0.12703681890248247        8.8347495534202118E-003   1.2874685451504974E-002
        2870   8.7585449218750014E-002  0.12582643055769657        8.8934288558820910E-003   1.2900915532836970E-002
        2880   8.7890625000000014E-002  0.12461197814250213        8.9506232775597473E-003   1.2925981983214447E-002
        2890   8.8195800781250014E-002  0.12339376777947551        9.0063215865443663E-003   1.2949872308926353E-002
        2900   8.8500976562500014E-002  0.12217210708044775        9.0605140885415669E-003   1.2972574696789616E-002
        2910   8.8806152343750014E-002  0.12094730509168049        9.1131925331611480E-003   1.2994078005364243E-002
        2920   8.9111328125000014E-002  0.11971967225578604        9.1643500254968424E-003   1.3014371754959593E-002
        2930   8.9416503906250014E-002  0.11848952039009444        9.2139809427280485E-003   1.3033446116579762E-002
        2940   8.9721679687500014E-002  0.11725716268116540        9.2620808554842952E-003   1.3051291899947186E-002
        2950   9.0026855468750014E-002  0.11602291369514341        9.3086464537277709E-003   1.3067900540733680E-002
        2960   9.0332031250000014E-002  0.11478708940366265        9.3536754769174106E-003   1.3083264087119547E-002
        2970   9.0637207031250014E-002  0.11355000722501131        9.3971666482313213E-003   1.3097375185793195E-002
        2980   9.0942382812500014E-002  0.11231198608027042        9.4391196126335022E-003   1.3110227067494745E-002
        2990   9.1247558593750014E-002  0.11107334646415558        9.4795348785815317E-003   1.3121813532199527E-002
        3000   9.1552734375000014E-002  0.10983441053029178        9.5184137631814190E-003   1.3132128934030995E-002
        3010   9.1857910156250014E-002  0.10859550219065699        9.5557583406057078E-003   1.3141168165982653E-002
        3020   9.2163085937500014E-002  0.10735694722895159        9.5915713935992210E-003   1.3148926644525851E-002
        3030   9.2468261718750014E-002  0.10611907342763222        9.6258563679056004E-003   1.3155400294169936E-002
        3040   9.2773437500000014E-002  0.10488221070837593        9.6586173294569751E-003   1.3160585532038131E-002
        3050   9.3078613281250014E-002  0.10364669128572458        9.6898589241747862E-003   1.3164479252515245E-002
        3060   9.3383789062500014E-002  0.10241284983366628        9.7195863402398785E-003   1.3167078812018916E-002
        3070   9.3688964843750014E-002  0.10118102366489971        9.7478052726946568E-003   1.3168382013940532E-002
        3080   9.3994140625000014E-002   9.9951552922516854E-002   9.7745218902486851E-003   1.3168387093797421E-002
        3090   9.4299316406250014E-002   9.8724780783828639E-002   9.7997428041642909E-003   1.3167092704633839E-002
        3100   9.4604492187500014E-002   9.7501053676022728E-002   9.8234750391058626E-003   1.3164497902704133E-002
        3110   9.4909667968750014E-002   9.6280721503326186E-002   9.8457260058416370E-003   1.3160602133467175E-002
        3120   9.5214843750000014E-002   9.5064137885294137E-002   9.8665034756925396E-003   1.3155405217918454E-002
        3130   9.5520019531250014E-002   9.3851660405801979E-002   9.8858155566284665E-003   1.3148907339282366E-002
        3140   9.5825195312500014E-002   9.2643650872258607E-002   9.9036706709166190E-003   1.3141109030084442E-002
        3150   9.6130371093750014E-002   9.1440475584478667E-002   9.9200775342318699E-003   1.3132011159620342E-002
        3160   9.6435546875000014E-002   9.0242505612565915E-002   9.9350451361437195E-003   1.3121614921836016E-002
        3170   9.6740722656250014E-002   8.9050117083060001E-002   9.9485827218986893E-003   1.3109921823630844E-002
        3180   9.7045898437500014E-002   8.7863691472463340E-002   9.9606997754209340E-003   1.3096933673593660E-002
        3190   9.7351074218750014E-002   8.6683615907133540E-002   9.9714060034583659E-003   1.3082652571178665E-002
        3200   9.7656250000000014E-002   8.5510283468355708E-002   9.9807113208049171E-003   1.3067080896328069E-002
        3210   9.7961425781250014E-002   8.4344093501210873E-002   9.9886258365336263E-003   1.3050221299544237E-002
        3220   9.8266601562500014E-002   8.3185451925653409E-002   9.9951598411780890E-003   1.3032076692414969E-002
        3230   9.8571777343750014E-002   8.2034771547947000E-002   1.0000323794803812E-002   1.3012650238591756E-002
        3240   9.8876953125000014E-002   8.0892472370333313E-002   1.0004128315913734E-002   1.2991945345221434E-002
        3250   9.9182128906250014E-002   7.9758981896498424E-002   1.0006584171135141E-002   1.2969965654829189E-002
        3260   9.9487304687500014E-002   7.8634735430033104E-002   1.0007702265638361E-002   1.2946715037650377E-002
        3270   9.9792480468750014E-002   7.7520176362707860E-002   1.0007493634240134E-002   1.2922197584406931E-002
        3280  0.10009765625000001        7.6415756448934002E-002   1.0005969433147084E-002   1.2896417599524174E-002
        3290  0.10040283203125001        7.5321936062314590E-002   1.0003140932297634E-002   1.2869379594781592E-002
        3300  0.10070800781250001        7.4239184429659169E-002   9.9990195082622479E-003   1.2841088283391889E-002
        3310  0.10101318359375001        7.3167979837279587E-002   9.9936166376651519E-003   1.2811548574500535E-002
        3320  0.10131835937500001        7.2108809803763413E-002   9.9869438910920229E-003   1.2780765568098191E-002
        3330  0.10162353515625001        7.1062171212784381E-002   9.9790129274502735E-003   1.2748744550337339E-002
        3340  0.10192871093750001        7.0028570398813716E-002   9.9698354887513222E-003   1.2715490989244222E-002
        3350  0.10223388671875001        6.9008523177887027E-002   9.9594233952845744E-003   1.2681010530816311E-002
        3360  0.10253906250000001        6.8002554814842284E-002   9.9477885411561363E-003   1.2645308995495382E-002
        3370  0.10284423828125001        6.7011199917699077E-002   9.9349428901659449E-003   1.2608392375005800E-002
        3380  0.10314941406250001        6.6035002249113545E-002   9.9208984719990120E-003   1.2570266829546805E-002
        3390  0.10345458984375001        6.5074514444126444E-002   9.9056673787076780E-003   1.2530938685327949E-002
        3400  0.10375976562500001        6.4130297622762344E-002   9.8892617614637739E-003   1.2490414432436148E-002
        3410  0.10406494140625001        6.3202920885458994E-002   9.8716938275601011E-003   1.2448700723022232E-002
        3420  0.10437011718750001        6.2292960678827260E-002   9.8529758376428005E-003   1.2405804369795414E-002
        3430  0.10467529296875001        6.1401000018934782E-002   9.8331201031565830E-003   1.2361732344813003E-002
        3440  0.10498046875000001        6.0527627559186996E-002   9.8121389839868033E-003   1.2316491778553427E-002
        3450  0.10528564453125001        5.9673436490001272E-002   9.7900448862826353E-003   1.2270089959259371E-002
        3460  0.10559082031250001        5.8839023257916415E-002   9.7668502604471488E-003   1.2222534332538885E-002
        3470  0.10589599609375001        5.8024986092556054E-002   9.7425675992810472E-003   1.2173832501211750E-002
        3480  0.10620117187500001        5.7231923331086572E-002   9.7172094362674519E-003   1.2123992225387178E-002
        3490  0.10650634765625001        5.6460431531483043E-002   9.6907883439865204E-003   1.2073021422761603E-002
        3500  0.10681152343750001        5.5711103368137942E-002   9.6633169326486093E-003   1.2020928169122244E-002
        3510  0.10711669921875001        5.4984525306121489E-002   9.6348078487370880E-003   1.1967720699044133E-002
        3520  0.10742187500000001        5.4281275053796048E-002   9.6052737737505108E-003   1.1913407406767844E-002
        3530  0.10772705078125001        5.3601918797488268E-002   9.5747274230366473E-003   1.1857996847244772E-002
        3540  0.10803222656250001        5.2947008226537244E-002   9.5431815447100162E-003   1.1801497737337512E-002
        3550  0.10833740234375001        5.2317077362226294E-002   9.5106489186463951E-003   1.1743918957162544E-002
        3560  0.10864257812500001        5.1712639209785201E-002   9.4771423555469001E-003   1.1685269551563114E-002
        3570  0.10894775390625001        5.1134182258741334E-002   9.4426746960668707E-003   1.1625558731699485E-002
        3580  0.10925292968750001        5.0582166863214074E-002   9.4072588100031166E-003   1.1564795876745099E-002
        3590  0.10955810546875001        5.0057021540135055E-002   9.3709075955353428E-003   1.1502990535676286E-002
        3600  0.10986328125000001        4.9559139229587643E-002   9.3336339785168951E-003   1.1440152429144352E-002
        3610  0.11016845703125001        4.9088873567244055E-002   9.2954509118114027E-003   1.1376291451418422E-002
        3620  0.11047363281250001        4.8646535223947067E-002   9.2563713746712638E-003   1.1311417672388224E-002
        3630  0.11077880859375001        4.8232388371560755E-002   9.2164083721554182E-003   1.1245541339616250E-002
        3640  0.11108398437500001        4.7846647336976515E-002   9.1755749345832690E-003   1.1178672880428809E-002
        3650  0.11138916015625001        4.7489473507396844E-002   9.1338841170229799E-003   1.1110822904036286E-002
        3660  0.11169433593750001        4.7160972549448010E-002   9.0913489988116176E-003   1.1042002203673450E-002
        3670  0.11199951171875001        4.6861192002198605E-002   9.0479826831059377E-003   1.0972221758750293E-002
        3680  0.11230468750000001        4.6590119299652365E-002   9.0037982964624209E-003   1.0901492737005492E-002
        3690  0.11260986328125001        4.6347680271812554E-002   8.9588089884456226E-003   1.0829826496654569E-002
        3700  0.11291503906250001        4.6133738165052764E-002   8.9130279312637194E-003   1.0757234588525271E-002
        3710  0.11322021484375001        4.5948093212551888E-002   8.8664683194316432E-003   1.0683728758173559E-002
        3720  0.11352539062500001        4.5790482774239166E-002   8.8191433694609078E-003   1.0609320947974326E-002
        3730  0.11383056640625001        4.5660582053484514E-002   8.7710663195765884E-003   1.0534023299181223E-002
        3740  0.11413574218750001        4.5558005385110754E-002   8.7222504294615557E-003   1.0457848153951460E-002
        3750  0.11444091796875001        4.5482308076696863E-002   8.6727089800288856E-003   1.0380808057330939E-002
        3760  0.11474609375000001        4.5432988773098482E-002   8.6224552732228309E-003   1.0302915759197701E-002
        3770  0.11505126953125001        4.5409492303081542E-002   8.5715026318495223E-003   1.0224184216160420E-002
        3780  0.11535644531250001        4.5411212957389535E-002   8.5198643994386022E-003   1.0144626593411499E-002
        3790  0.11566162109375001        4.5437498139751210E-002   8.4675539401372121E-003   1.0064256266533726E-002
        3800  0.11596679687500001        4.5487652326535642E-002   8.4145846386376941E-003   9.9830868232615826E-003
        3810  0.11627197265625001        4.5560941267084487E-002   8.3609699001409334E-003   9.9011320651983051E-003
        3820  0.11657714843750001        4.5656596355225829E-002   8.3067231503572859E-003   9.8184060094919420E-003
        3830  0.11688232421875001        4.5773819103002808E-002   8.2518578355469472E-003   9.7349228904735335E-003
        3840  0.11718750000000001        4.5911785650061786E-002   8.1963874226024490E-003   9.6506971612630634E-003
        3850  0.11749267578125001        4.6069651246189322E-002   8.1403253991751776E-003   9.5657434953488260E-003
        3860  0.11779785156250001        4.6246554649875218E-002   8.0836852738488483E-003   9.4800767881481132E-003
        3870  0.11810302734375001        4.6441622392174323E-002   8.0264805763625487E-003   9.3937121585577297E-003
        3880  0.11840820312500001        4.6653972862224551E-002   7.9687248578863921E-003   9.3066649505050385E-003
        3890  0.11871337890625001        4.6882720178227470E-002   7.9104316913524431E-003   9.2189507345108394E-003
        3900  0.11901855468750001        4.7126977815220114E-002   7.8516146718446284E-003   9.1305853092778968E-003
        3910  0.11932373046875001        4.7385861968309219E-002   7.7922874170505887E-003   9.0415847033199544E-003
        3920  0.11962890625000001        4.7658494636996625E-002   7.7324635677792127E-003   8.9519651766479524E-003
        3930  0.11993408203125001        4.7944006422620644E-002   7.6721567885474750E-003   8.8617432225323606E-003
        3940  0.12023925781250001        4.8241539036684898E-002   7.6113807682404626E-003   8.7709355693622020E-003
        3950  0.12054443359375001        4.8550247522839957E-002   7.5501492208485919E-003   8.6795591826233660E-003
        3960  0.12084960937500001        4.8869302199524914E-002   7.4884758862862081E-003   8.5876312670214398E-003
        3970  0.12115478515625001        4.9197890333740051E-002   7.4263745312960865E-003   8.4951692687762030E-003
        3980  0.12145996093750001        4.9535217559163534E-002   7.3638589504443743E-003   8.4021908781179728E-003
        3990  0.12176513671875001        4.9880509053864590E-002   7.3009429672106704E-003   8.3087140320180792E-003
        4000  0.12207031250000001        5.0233010494298291E-002   7.2376404351785174E-003   8.2147569171893160E-003
        4010  0.12237548828125001        5.0591988803133849E-002   7.1739652393313889E-003   8.1203379733948665E-003
        4020  0.12268066406250001        5.0956732708865915E-002   7.1099312974596774E-003   8.0254758971077481E-003
        4030  0.12298583984375001        5.1326553135156418E-002   7.0455525616847023E-003   7.9301896455665852E-003
        4040  0.12329101562500001        5.1700783437517418E-002   6.9808430201053458E-003   7.8344984412768853E-003
        4050  0.12359619140625001        5.2078779504359997E-002   6.9158166985742444E-003   7.7384217770123370E-003
        4060  0.12390136718750001        5.2459919738635521E-002   6.8504876626096743E-003   7.6419794213736679E-003
        4070  0.12420654296875001        5.2843604935371900E-002   6.7848700194505186E-003   7.5451914249693355E-003
        4080  0.12451171875000001        5.3229258069368450E-002   6.7189779202614357E-003   7.4480781272861923E-003
        4090  0.12481689453125001        5.3616324006234971E-002   6.6528255624962720E-003   7.3506601643252688E-003
        4100  0.12512207031250003        5.4004269148847608E-002   6.5864271924275233E-003   7.2529584770836646E-003
        4110  0.12542724609375003        5.4392581030190956E-002   6.5197971078509512E-003   7.1549943209710106E-003
        4120  0.12573242187500003        5.4780767862477278E-002   6.4529496609738567E-003   7.0567892762561412E-003
        4130  0.12603759765625003        5.5168358051393813E-002   6.3858992614971499E-003   6.9583652596484340E-003
        4140  0.12634277343750003        5.5554899683345434E-002   6.3186603799010510E-003   6.8597445371275708E-003
        4150  0.12664794921875003        5.5939959992630336E-002   6.2512475509449768E-003   6.7609497381449215E-003
        4160  0.12695312500000003        5.6323124814632607E-002   6.1836753773933618E-003   6.6620038713319047E-003
        4170  0.12725830078125003        5.6703998030316317E-002   6.1159585339787357E-003   6.5629303418615597E-003
        4180  0.12756347656250003        5.7082201006587743E-002   6.0481117716152649E-003   6.4637529706240721E-003
        4190  0.12786865234375003        5.7457372036430900E-002   5.9801499218753683E-003   6.3644960153908326E-003
        4200  0.12817382812500003        5.7829165782131958E-002   5.9120879017440483E-003   6.2651841941578062E-003
        4210  0.12847900390625003        5.8197252724376043E-002   5.8439407186653474E-003   6.1658427108768716E-003
        4220  0.12878417968750003        5.8561318619528957E-002   5.7757234758966042E-003   6.0664972838027683E-003
        4230  0.12908935546875003        5.8921063966996631E-002   5.7074513781869970E-003   5.9671741767040893E-003
        4240  0.12939453125000003        5.9276203488188649E-002   5.6391397377977088E-003   5.8679002332107854E-003
        4250  0.12969970703125003        5.9626465618288188E-002   5.5708039808815566E-003   5.7687029145943548E-003
        4260  0.13000488281250003        5.9971592011751534E-002   5.5024596542416196E-003   5.6696103413054443E-003
        4270  0.13031005859375003        6.0311337062216128E-002   5.4341224324885645E-003   5.5706513386229199E-003
        4280  0.13061523437500003        6.0645467437288769E-002   5.3658081256174545E-003   5.4718554868000719E-003
        4290  0.13092041015625003        6.0973761628504583E-002   5.2975326870261536E-003   5.3732531761292593E-003
        4300  0.13122558593750003        6.1296009516598068E-002   5.2293122219976796E-003   5.2748756673826535E-003
        4310  0.13153076171875003        6.1612011952098027E-002   5.1611629966702936E-003   5.1767551581266428E-003
        4320  0.13183593750000003        6.1921580351152125E-002   5.0931014475192327E-003   5.0789248554490322E-003
        4330  0.13214111328125003        6.2224536306398792E-002   5.0251441913756060E-003   4.9814190556824777E-003
        4340  0.13244628906250003        6.2520711212631835E-002   4.9573080360075239E-003   4.8842732317518588E-003
        4350  0.13275146484375003        6.2809945906945455E-002   4.8896099912898025E-003   4.7875241288196273E-003
        4360  0.13305664062500003        6.3092090322999422E-002   4.8220672809883526E-003   4.6912098689483534E-003
        4370  0.13336181640625003        6.3367003159014404E-002   4.7546973551857762E-003   4.5953700655423030E-003
        4380  0.13366699218750003        6.3634551559073910E-002   4.6875179033739915E-003   4.5000459483695993E-003
        4390  0.13397216796875003        6.3894610807295485E-002   4.6205468682395364E-003   4.4052804999975227E-003
        4400  0.13427734375000003        6.4147064034422344E-002   4.5538024601659167E-003   4.3111186044951667E-003
        4410  0.13458251953125003        6.4391801936375850E-002   4.4873031724758754E-003   4.2176072092622342E-003
        4420  0.13488769531250003        6.4628722504310260E-002   4.4210677974342990E-003   4.1247955008257365E-003
        4430  0.13519287109375003        6.4857730765714813E-002   4.3551154430297835E-003   4.0327350953982995E-003
        4440  0.13549804687500003        6.5078738536108169E-002   4.2894655505485626E-003   3.9414802449027064E-003
        4450  0.13580322265625003        6.5291664180882350E-002   4.2241379129505652E-003   3.8510880590230134E-003
        4460  0.13610839843750003        6.5496432386861467E-002   4.1591526940504275E-003   3.7616187436276777E-003
        4470  0.13641357421875003        6.5692973943151309E-002   4.0945304484997138E-003   3.6731358556024527E-003
        4480  0.13671875000000003        6.5881225530868212E-002   4.0302921425571167E-003   3.5857065737058859E-003
        4490  0.13702392578125003        6.6061129521352541E-002   3.9664591756223711E-003   3.4994019844874591E-003
        4500  0.13732910156250003        6.6232633782478276E-002   3.9030534024969130E-003   3.4142973815513107E-003
        4510  0.13763427734375003        6.6395691492695530E-002   3.8400971563183209E-003   3.3304725754651162E-003
        4520  0.13793945312500003        6.6550260962447566E-002   3.7776132720971287E-003   3.2480122103566906E-003
        4530  0.13824462890625003        6.6696305462625075E-002   3.7156251107628791E-003   3.1670060816579768E-003
        4540  0.13854980468750003        6.6833793059731056E-002   3.6541565836007155E-003   3.0875494474939414E-003
        4550  0.13885498046875003        6.6962696457450274E-002   3.5932321769301580E-003   3.0097433238214523E-003
        4560  0.13916015625000003        6.7082992844321274E-002   3.5328769768433734E-003   2.9336947505582112E-003
        4570  0.13946533203125003        6.7194663747234359E-002   3.4731166937808861E-003   2.8595170125845773E-003
        4580  0.13977050781250003        6.7297694890485218E-002   3.4139776866773885E-003   2.7873297956637916E-003
        4590  0.14007568359375003        6.7392076060127190E-002   3.3554869863591024E-003   2.7172592530802816E-003
        4600  0.14038085937500003        6.7477800973382449E-002   3.2976723178162401E-003   2.6494379542900000E-003
        4610  0.14068603515625003        6.7554867152880158E-002   3.2405621209090061E-003   2.5840046823757757E-003
        4620  0.14099121093750003        6.7623275805501246E-002   3.1841855689935159E-003   2.5211040430088007E-003
        4630  0.14129638671875003        6.7683031705625507E-002   3.1285725848740459E-003   2.4608858445163474E-003
        4640  0.14160156250000003        6.7734143082580120E-002   3.0737538534010228E-003   2.4035042073153553E-003
        4650  0.14190673828125003        6.7776621512105867E-002   3.0197608299398554E-003   2.3491163623471012E-003
        4660  0.14221191406250003        6.7810481811660689E-002   2.9666257438355601E-003   2.2978811033263001E-003
        4670  0.14251708984375003        6.7835741939395053E-002   2.9143815958921765E-003   2.2499568677103779E-003
        4680  0.14282226562500003        6.7852422896637496E-002   2.8630621487779791E-003   2.2054994372479445E-003
        4690  0.14312744140625003        6.7860548633740705E-002   2.8127019091575972E-003   2.1646592713005573E-003
        4700  0.14343261718750003        6.7860145959142137E-002   2.7633361002462743E-003   2.1275785146202936E-003
        4710  0.14373779296875003        6.7851244451505990E-002   2.7150006233819346E-003   2.0943877546066229E-003
        4720  0.14404296875000003        6.7833876374814597E-002   2.6677320071248909E-003   2.0652026386508925E-003
        4730  0.14434814453125003        6.7808076596287861E-002   2.6215673423280175E-003   2.0401204960638153E-003
        4740  0.14465332031250003        6.7773882507014341E-002   2.5765442015816373E-003   2.0192171362941810E-003
        4750  0.14495849609375003        6.7731333945180619E-002   2.5327005414352401E-003   2.0025440103606535E-003
        4760  0.14526367187500003        6.7680473121798326E-002   2.4900745858437777E-003   1.9901259209859439E-003
        4770  0.14556884765625003        6.7621344548824361E-002   2.4487046893903112E-003   1.9819594460452330E-003
        4780  0.14587402343750003        6.7553994969580991E-002   2.4086291790114274E-003   1.9780121996783636E-003
        4790  0.14617919921875003        6.7478473291385552E-002   2.3698861732076386E-003   1.9782229991711768E-003
        4800  0.14648437500000003        6.7394830520303053E-002   2.3325133780697539E-003   1.9825029399440446E-003
        4810  0.14678955078125003        6.7303119697938493E-002   2.2965478599003683E-003   1.9907373141167272E-003
        4820  0.14709472656250003        6.7203395840193067E-002   2.2620257947636381E-003   2.0027882488814304E-003
        4830  0.14739990234375003        6.7095715877907899E-002   2.2289821959552334E-003   2.0184978965957514E-003
        4840  0.14770507812500003        6.6980138599323877E-002   2.1974506211417631E-003   2.0376919835836224E-003
        4850  0.14801025390625003        6.6856724594291123E-002   2.1674628617612429E-003   2.0601835201594057E-003
        4860  0.14831542968750003        6.6725536200163790E-002   2.1390486181796986E-003   2.0857764882251731E-003
        4870  0.14862060546875003        6.6586637449315450E-002   2.1122351650319695E-003   2.1142693504757944E-003
        4880  0.14892578125000003        6.6440094018220541E-002   2.0870470120953012E-003   2.1454582612171428E-003
        4890  0.14923095703125003        6.6285973178042717E-002   2.0635055669020403E-003   2.1791398975559251E-003
        4900  0.14953613281250003        6.6124343746676070E-002   2.0416288060369696E-003   2.2151138666818507E-003
        4910  0.14984130859375003        6.5955276042192271E-002   2.0214309626268669E-003   2.2531846769460553E-003
        4920  0.15014648437500003        6.5778841837639004E-002   2.0029222378565772E-003   2.2931632857196627E-003
        4930  0.15045166015625003        6.5595114317148165E-002   1.9861085443883975E-003   2.3348682551287423E-003
        4940  0.15075683593750003        6.5404168033306440E-002   1.9709912892805167E-003   2.3781265581663976E-003
        4950  0.15106201171875003        6.5206078865747696E-002   1.9575672033758460E-003   2.4227740833947199E-003
        4960  0.15136718750000003        6.5000923980926203E-002   1.9458282231659624E-003   2.4686558877244050E-003
        4970  0.15167236328125003        6.4788781793032282E-002   1.9357614298510966E-003   2.5156262448599725E-003
        4980  0.15197753906250003        6.4569731926015644E-002   1.9273490487659174E-003   2.5635485330497941E-003
        4990  0.15228271484375003        6.4343855176679274E-002   1.9205685105941474E-003   2.6122950006982012E-003
        5000  0.15258789062500003        6.4111233478813853E-002   1.9153925739413772E-003   2.6617464428754407E-003
        5010  0.15289306640625003        6.3871949868339953E-002   1.9117895069743344E-003   2.7117918162845420E-003
        5020  0.15319824218750003        6.3626088449429782E-002   1.9097233240673267E-003   2.7623278151228349E-003
        5030  0.15350341796875003        6.3373734361580586E-002   1.9091540718173547E-003   2.8132584256854169E-003
        5040  0.15380859375000003        6.3114973747614461E-002   1.9100381574792787E-003   2.8644944735743087E-003
        5050  0.15411376953125003        6.2849893722578834E-002   1.9123287118900042E-003   2.9159531740105349E-003
        5060  0.15441894531250003        6.2578582343527145E-002   1.9159759783321745E-003   2.9675576929637307E-003
        5070  0.15472412109375003        6.2301128580157017E-002   1.9209277185408340E-003   3.0192367245587457E-003
        5080  0.15502929687500003        6.2017622286287086E-002   1.9271296271666464E-003   3.0709240884252138E-003
        5090  0.15533447265625003        6.1728154172154312E-002   1.9345257464382197E-003   3.1225583492534197E-003
        5100  0.15563964843750003        6.1432815777516289E-002   1.9430588734621907E-003   3.1740824597445089E-003
        5110  0.15594482421875003        6.1131699445541449E-002   1.9526709534991940E-003   3.2254434273337415E-003
        5120  0.15625000000000003        6.0824898297476802E-002   1.9633034535900614E-003   3.2765920044710811E-003
        5130  0.15655517578125003        6.0512506208079311E-002   1.9748977120137988E-003   3.3274824018191900E-003
        5140  0.15686035156250003        6.0194617781800040E-002   1.9873952601774407E-003   3.3780720234377038E-003
        5150  0.15716552734375003        5.9871328329714757E-002   2.0007381146168500E-003   3.4283212228341103E-003
        5160  0.15747070312500003        5.9542733847190492E-002   2.0148690377870936E-003   3.4781930786512588E-003
        5170  0.15777587890625003        5.9208930992285184E-002   2.0297317672122814E-003   3.5276531887092405E-003
        5180  0.15808105468750003        5.8870017064872854E-002   2.0452712133304674E-003   3.5766694811101376E-003
        5190  0.15838623046875003        5.8526089986494202E-002   2.0614336270008732E-003   3.6252120411358448E-003
        5200  0.15869140625000003        5.8177248280929586E-002   2.0781667381390111E-003   3.6732529527113405E-003
        5210  0.15899658203125003        5.7823591055495102E-002   2.0954198673166411E-003   3.7207661532631278E-003
        5220  0.15930175781250003        5.7465217983062394E-002   2.1131440124189751E-003   3.7677273008677138E-003
        5230  0.15960693359375003        5.7102229284807536E-002   2.1312919126049105E-003   3.8141136526554675E-003
        5240  0.15991210937500003        5.6734725713691203E-002   2.1498180918831798E-003   3.8599039535068772E-003
        5250  0.16021728515625003        5.6362808538677166E-002   2.1686788846128004E-003   3.9050783341498725E-003
        5260  0.16052246093750003        5.5986579529698564E-002   2.1878324451760707E-003   3.9496182178363239E-003
        5270  0.16082763671875003        5.5606140943378041E-002   2.2072387439695295E-003   3.9935062348426835E-003
        5280  0.16113281250000003        5.5221595509517045E-002   2.2268595517255236E-003   4.0367261441026769E-003
        5290  0.16143798828125003        5.4833046418361800E-002   2.2466584140241838E-003   4.0792627613393997E-003
        5300  0.16174316406250003        5.4440597308665524E-002   2.2666006176922018E-003   4.1211018931191466E-003
        5310  0.16204833984375003        5.4044352256559104E-002   2.2866531506169491E-003   4.1622302763006285E-003
        5320  0.16235351562500003        5.3644415765249365E-002   2.3067846563381575E-003   4.2026355224001272E-003
        5330  0.16265869140625003        5.3240892755565358E-002   2.3269653846187516E-003   4.2423060664366161E-003
        5340  0.16296386718750003        5.2833888557371735E-002   2.3471671390439125E-003   4.2812311198600610E-003
        5350  0.16326904296875003        5.2423508901874423E-002   2.3673632225554363E-003   4.3194006272029581E-003
        5360  0.16357421875000003        5.2009859914842568E-002   2.3875283816980081E-003   4.3568052261271743E-003
        5370  0.16387939453125003        5.1593048110773934E-002   2.4076387502354273E-003   4.3934362105690506E-003
        5380  0.16418457031250003        5.1173180388032993E-002   2.4276717926884359E-003   4.4292854967123143E-003
        5390  0.16448974609375003        5.0750364024991904E-002   2.4476062482510332E-003   4.4643455915432187E-003
        5400  0.16479492187500003        5.0324706677207787E-002   2.4674220754588552E-003   4.4986095637650370E-003
        5410  0.16510009765625003        4.9896316375672330E-002   2.4871003979100056E-003   4.5320710168688747E-003
        5420  0.16540527343750003        4.9465301526168841E-002   2.5066234512756713E-003   4.5647240641765452E-003
        5430  0.16571044921875003        4.9031770909779018E-002   2.5259745317831885E-003   4.5965633056877378E-003
        5440  0.16601562500000003        4.8595833684578781E-002   2.5451379463077022E-003   4.6275838065788829E-003
        5450  0.16632080078125003        4.8157599388569637E-002   2.5640989641693133E-003   4.6577810772148271E-003
        5460  0.16662597656250003        4.7717177943890167E-002   2.5828437706991773E-003   4.6871510545467140E-003
        5470  0.16693115234375003        4.7274679662357745E-002   2.6013594226105582E-003   4.7156900847807265E-003
        5480  0.16723632812500003        4.6830215252392976E-002   2.6196338051879655E-003   4.7433949072126936E-003
        5490  0.16754150390625003        4.6383895827378584E-002   2.6376555912888942E-003   4.7702626391324743E-003
        5500  0.16784667968750003        4.5935832915512481E-002   2.6554142021375949E-003   4.7962907617106684E-003
        5510  0.16815185546875003        4.5486138471211822E-002   2.6728997698783450E-003   4.8214771067875547E-003
        5520  0.16845703125000003        4.5034924888131878E-002   2.6901031018464468E-003   4.8458198444913574E-003
        5530  0.16876220703125003        4.4582305013863795E-002   2.7070156465079718E-003   4.8693174716187811E-003
        5540  0.16906738281250003        4.4128392166379295E-002   2.7236294610141079E-003   4.8919688007168062E-003
        5550  0.16937255859375003        4.3673300152291886E-002   2.7399371803121983E-003   4.9137729498096670E-003
        5560  0.16967773437500003        4.3217143287007515E-002   2.7559319877533306E-003   4.9347293327197152E-003
        5570  0.16998291015625003        4.2760036416840876E-002   2.7716075871348942E-003   4.9548376499351926E-003
        5580  0.17028808593750003        4.2302094943174030E-002   2.7869581761160709E-003   4.9740978799816867E-003
        5590  0.17059326171875003        4.1843434848739189E-002   2.8019784209446881E-003   4.9925102712577146E-003
        5600  0.17089843750000003        4.1384172726106366E-002   2.8166634324343991E-003   5.0100753342981431E-003
        5610  0.17120361328125003        4.0924425808462270E-002   2.8310087431326551E-003   5.0267938344318846E-003
        5620  0.17150878906250003        4.0464312002764874E-002   2.8450102856214109E-003   5.0426667848033095E-003
        5630  0.17181396484375003        4.0003949925362957E-002   2.8586643718943715E-003   5.0576954397290900E-003
        5640  0.17211914062500003        3.9543458940167392E-002   2.8719676737567115E-003   5.0718812883644012E-003
        5650  0.17242431640625003        3.9082959199464244E-002   2.8849172041952456E-003   5.0852260486546168E-003
        5660  0.17272949218750003        3.8622571687458668E-002   2.8975102996693551E-003   5.0977316615504536E-003
        5670  0.17303466796875003        3.8162418266635016E-002   2.9097446032751799E-003   5.1094002854662991E-003
        5680  0.17333984375000003        3.7702621727022344E-002   2.9216180487380101E-003   5.1202342909628263E-003
        5690  0.17364501953125003        3.7243305838446580E-002   2.9331288451898306E-003   5.1302362556368422E-003
        5700  0.17395019531250003        3.6784595405846804E-002   2.9442754626915072E-003   5.1394089592023294E-003
        5710  0.17425537109375003        3.6326616327732313E-002   2.9550566184609909E-003   5.1477553787479579E-003
        5720  0.17456054687500003        3.5869495657842913E-002   2.9654712637711359E-003   5.1552786841576083E-003
        5730  0.17486572265625003        3.5413361670071510E-002   2.9755185714829325E-003   5.1619822336812868E-003
        5740  0.17517089843750003        3.4958343926692906E-002   2.9851979241814902E-003   5.1678695696449686E-003
        5750  0.17547607421875003        3.4504573349930838E-002   2.9945089028843167E-003   5.1729444142886638E-003
        5760  0.17578125000000003        3.4052182296875767E-002   3.0034512762932108E-003   5.1772106657227805E-003
        5770  0.17608642578125003        3.3601304637747541E-002   3.0120249905624444E-003   5.1806723939938635E-003
        5780  0.17639160156250003        3.3152075837471345E-002   3.0202301595578687E-003   5.1833338372512007E-003
        5790  0.17669677734375003        3.2704633040505436E-002   3.0280670555829230E-003   5.1851993980065302E-003
        5800  0.17700195312500003        3.2259115158827692E-002   3.0355361005489096E-003   5.1862736394799177E-003
        5810  0.17730712890625003        3.1815662962943490E-002   3.0426378575683618E-003   5.1865612820248845E-003
        5820  0.17761230468750003        3.1374419175735704E-002   3.0493730229514439E-003   5.1860671996270553E-003
        5830  0.17791748046875003        3.0935528568919474E-002   3.0557424185866074E-003   5.1847964164706117E-003
        5840  0.17822265625000003        3.0499138061805386E-002   3.0617469846878956E-003   5.1827541035672515E-003
        5850  0.17852783203125003        3.0065396822000458E-002   3.0673877728919817E-003   5.1799455754433007E-003
        5860  0.17883300781250003        2.9634456367598365E-002   3.0726659396895905E-003   5.1763762868803657E-003
        5870  0.17913818359375003        2.9206470670311721E-002   3.0775827401761584E-003   5.1720518297055078E-003
        5880  0.17944335937500003        2.8781596258902368E-002   3.0821395221080146E-003   5.1669779296276393E-003
        5890  0.17974853515625003        2.8359992322137595E-002   3.0863377202508088E-003   5.1611604431164599E-003
        5900  0.18005371093750003        2.7941820810374364E-002   3.0901788510077611E-003   5.1546053543211406E-003
        5910  0.18035888671875003        2.7527246534720145E-002   3.0936645073159691E-003   5.1473187720258995E-003
        5920  0.18066406250000003        2.7116437262555020E-002   3.0967963537996564E-003   5.1393069266400327E-003
        5930  0.18096923828125003        2.6709563808015018E-002   3.0995761221697489E-003   5.1305761672200889E-003
        5940  0.18127441406250003        2.6306800115835596E-002   3.1020056068598932E-003   5.1211329585222013E-003
        5950  0.18157958984375003        2.5908323336732306E-002   3.1040866608892988E-003   5.1109838780828290E-003
        5960  0.18188476562500003        2.5514313892255822E-002   3.1058211919434216E-003   5.1001356133261551E-003
        5970  0.18218994140625003        2.5124955526800781E-002   3.1072111586639252E-003   5.0885949586968035E-003
        5980  0.18249511718750003        2.4740435344171152E-002   3.1082585671396838E-003   5.0763688128166260E-003
        5990  0.18280029296875003        2.4360943825811318E-002   3.1089654675909794E-003   5.0634641756645039E-003
        6000  0.18310546875000003        2.3986674827512065E-002   3.1093339512395257E-003   5.0498881457781055E-003
        6010  0.18341064453125003        2.3617825551079833E-002   3.1093661473569705E-003   5.0356479174769285E-003
        6020  0.18371582031250003        2.3254596487146926E-002   3.1090642204852723E-003   5.0207507781061013E-003
        6030  0.18402099609375003        2.2897191324980651E-002   3.1084303678221414E-003   5.0052041053000752E-003
        6040  0.18432617187500003        2.2545816824852388E-002   3.1074668167653144E-003   4.9890153642662260E-003
        6050  0.18463134765625003        2.2200682648244485E-002   3.1061758226096177E-003   4.9721921050878424E-003
        6060  0.18493652343750003        2.1862001140933517E-002   3.1045596663908264E-003   4.9547419600464134E-003
        6070  0.18524169921875003        2.1529987063797610E-002   3.1026206528707461E-003   4.9366726409632187E-003
        6080  0.18554687500000003        2.1204857266075086E-002   3.1003611086580524E-003   4.9179919365600821E-003
        6090  0.18585205078125003        2.0886830295773390E-002   3.0977833804594996E-003   4.8987077098397924E-003
        6100  0.18615722656250003        2.0576125942012892E-002   3.0948898334564401E-003   4.8788278954859376E-003
        6110  0.18646240234375003        2.0272964704312422E-002   3.0916828498017157E-003   4.8583604972829266E-003
        6120  0.18676757812500003        1.9977567184212237E-002   3.0881648272319167E-003   4.8373135855562651E-003
        6130  0.18707275390625003        1.9690153395210925E-002   3.0843381777906254E-003   4.8156952946337827E-003
        6140  0.18737792968750003        1.9410941987784043E-002   3.0802053266576848E-003   4.7935138203282117E-003
        6150  0.18768310546875003        1.9140149387290580E-002   3.0757687110804055E-003   4.7707774174417950E-003
        6160  0.18798828125000003        1.8877988843861045E-002   3.0710307794022313E-003   4.7474943972937219E-003
        6170  0.18829345703125003        1.8624669394922480E-002   3.0659939901846178E-003   4.7236731252709120E-003
        6180  0.18859863281250003        1.8380394742843628E-002   3.0606608114180935E-003   4.6993220184031103E-003
        6190  0.18890380859375003        1.8145362052277118E-002   3.0550337198184500E-003   4.6744495429633217E-003
        6200  0.18920898437500003        1.7919760674101094E-002   3.0491152002042289E-003   4.6490642120941674E-003
        6210  0.18951416015625003        1.7703770805388867E-002   3.0429077449515701E-003   4.6231745834614726E-003
        6220  0.18981933593750003        1.7497562097496706E-002   3.0364138535228175E-003   4.5967892569360371E-003
        6230  0.19012451171875003        1.7301292227083691E-002   3.0296360320651622E-003   4.5699168723046584E-003
        6240  0.19042968750000003        1.7115105447562610E-002   3.0225767930758627E-003   4.5425661070116752E-003
        6250  0.19073486328125003        1.6939131141021302E-002   3.0152386551304967E-003   4.5147456739321563E-003
        6260  0.19104003906250003        1.6773482392918718E-002   3.0076241426709328E-003   4.4864643191780641E-003
        6270  0.19134521484375003        1.6618254613719106E-002   2.9997357858497025E-003   4.4577308199388035E-003
        6280  0.19165039062500003        1.6473524232952147E-002   2.9915761204275591E-003   4.4285539823573526E-003
        6290  0.19195556640625003        1.6339347491846627E-002   2.9831476877211142E-003   4.3989426394437665E-003
        6300  0.19226074218750003        1.6215759360580992E-002   2.9744530345975160E-003   4.3689056490270779E-003
        6310  0.19256591796875003        1.6102772605247648E-002   2.9654947135131114E-003   4.3384518917477088E-003
        6320  0.19287109375000003        1.6000377027792206E-002   2.9562752825933957E-003   4.3075902690916622E-003
        6330  0.19317626953125003        1.5908538899476125E-002   2.9467973057511524E-003   4.2763297014682868E-003
        6340  0.19348144531250003        1.5827200604865289E-002   2.9370633528404541E-003   4.2446791263335429E-003
        6350  0.19378662109375003        1.5756280509067754E-002   2.9270759998434770E-003   4.2126474963603616E-003
        6360  0.19409179687500003        1.5695673056082698E-002   2.9168378290878338E-003   4.1802437776582877E-003
        6370  0.19439697265625003        1.5645249100853513E-002   2.9063514294918736E-003   4.1474769480442314E-003
        6380  0.19470214843750003        1.5604856472165154E-002   2.8956193968355227E-003   4.1143559953665306E-003
        6390  0.19500732421875003        1.5574320758109396E-002   2.8846443340543888E-003   4.0808899158845382E-003
        6400  0.19531250000000003        1.5553446300691651E-002   2.8734288515548509E-003   4.0470877127058592E-003
        6410  0.19561767578125003        1.5542017381486323E-002   2.8619755675480963E-003   4.0129583942840139E-003
        6420  0.19592285156250003        1.5539799576245164E-002   2.8502871084008820E-003   3.9785109729785989E-003
        6430  0.19622802734375003        1.5546541253173261E-002   2.8383661090011880E-003   3.9437544636810647E-003
        6440  0.19653320312500003        1.5561975187305503E-002   2.8262152131367838E-003   3.9086978825085342E-003
        6450  0.19683837890625003        1.5585820262090513E-002   2.8138370738849320E-003   3.8733502455688281E-003
        6460  0.19714355468750003        1.5617783228912729E-002   2.8012343540115129E-003   3.8377205677998807E-003
        6470  0.19744873046875003        1.5657560495803774E-002   2.7884097263778935E-003   3.8018178618865607E-003
        6480  0.19775390625000003        1.5704839917922320E-002   2.7753658743540832E-003   3.7656511372587006E-003
        6490  0.19805908203125003        1.5759302564390548E-002   2.7621054922365921E-003   3.7292293991739206E-003
        6500  0.19836425781250003        1.5820624438627039E-002   2.7486312856696933E-003   3.6925616478891221E-003
        6510  0.19866943359375003        1.5888478132257692E-002   2.7349459720688502E-003   3.6556568779249929E-003
        6520  0.19897460937500003        1.5962534395863516E-002   2.7210522810449563E-003   3.6185240774279262E-003
        6530  0.19927978515625003        1.6042463613105101E-002   2.7069529548284653E-003   3.5811722276341083E-003
        6540  0.19958496093750003        1.6127937168007093E-002   2.6926507486922280E-003   3.5436103024409520E-003
        6550  0.19989013671875003        1.6218628698302779E-002   2.6781484313721936E-003   3.5058472680913480E-003
        6560  0.20019531250000003        1.6314215230626237E-002   2.6634487854851003E-003   3.4678920829765256E-003
        6570  0.20050048828125003        1.6414378195953594E-002   2.6485546079424321E-003   3.4297536975639738E-003
        6580  0.20080566406250003        1.6518804325979609E-002   2.6334687103599149E-003   3.3914410544570784E-003
        6590  0.20111083984375003        1.6627186433063990E-002   2.6181939194619931E-003   3.3529630885937947E-003
        6600  0.20141601562500003        1.6739224077978166E-002   2.6027330774808558E-003   3.3143287275923389E-003
        6610  0.20172119140625003        1.6854624130950308E-002   2.5870890425495024E-003   3.2755468922523127E-003
        6620  0.20202636718750003        1.6973101232452208E-002   2.5712646890886869E-003   3.2366264972203992E-003
        6630  0.20233154296875003        1.7094378160834731E-002   2.5552629081872754E-003   3.1975764518306603E-003
        6640  0.20263671875000003        1.7218186114325476E-002   2.5390866079762417E-003   3.1584056611301879E-003
        6650  0.20294189453125003        1.7344264915090071E-002   2.5227387139958573E-003   3.1191230271016904E-003
        6660  0.20324707031250003        1.7472363143062674E-002   2.5062221695564581E-003   3.0797374500957458E-003
        6670  0.20355224609375003        1.7602238207105818E-002   2.4895399360926880E-003   3.0402578304864264E-003
        6680  0.20385742187500003        1.7733656360794287E-002   2.4726949935116658E-003   3.0006930705652963E-003
        6690  0.20416259765625003        1.7866392669764340E-002   2.4556903405351343E-003   2.9610520766898138E-003
        6700  0.20446777343750003        1.8000230937153732E-002   2.4385289950362740E-003   2.9213437617042200E-003
        6710  0.20477294921875003        1.8134963593195483E-002   2.4212139943714920E-003   2.8815770476517447E-003
        6720  0.20507812500000003        1.8270391554547710E-002   2.4037483957078916E-003   2.8417608687995172E-003
        6730  0.20538330078125003        1.8406324058448973E-002   2.3861352763470812E-003   2.8019041749988249E-003
        6740  0.20568847656250003        1.8542578476301617E-002   2.3683777340460965E-003   2.7620159354059914E-003
        6750  0.20599365234375003        1.8678980110810088E-002   2.3504788873364040E-003   2.7221051425910291E-003
        6760  0.20629882812500003        1.8815361980347774E-002   2.3324418758418636E-003   2.6821808170641166E-003
        6770  0.20660400390625003        1.8951564593795184E-002   2.3142698605968653E-003   2.6422520122525062E-003
        6780  0.20690917968750003        1.9087435718692917E-002   2.2959660243657321E-003   2.6023278199637191E-003
        6790  0.20721435546875003        1.9222830145180472E-002   2.2775335719647689E-003   2.5624173763741554E-003
        6800  0.20751953125000003        1.9357609447854286E-002   2.2589757305883523E-003   2.5225298685860316E-003
        6810  0.20782470703125003        1.9491641747367852E-002   2.2402957501405424E-003   2.4826745417997121E-003
        6820  0.20812988281250003        1.9624801473319919E-002   2.2214969035739321E-003   2.4428607071529502E-003
        6830  0.20843505859375003        1.9756969129726843E-002   2.2025824872374841E-003   2.4030977502834468E-003
        6840  0.20874023437500003        1.9888031064153169E-002   2.1835558212351439E-003   2.3633951406768173E-003
        6850  0.20904541015625003        2.0017879241378427E-002   2.1644202497974577E-003   2.3237624418676974E-003
        6860  0.20935058593750003        2.0146411022305438E-002   2.1451791416681148E-003   2.2842093225686451E-003
        6870  0.20965576171875003        2.0273528948664146E-002   2.1258358905078961E-003   2.2447455688083371E-003
        6880  0.20996093750000003        2.0399140533934910E-002   2.1063939153183357E-003   2.2053810971686305E-003
        6890  0.21026611328125003        2.0523158060800503E-002   2.0868566608878030E-003   2.1661259692185037E-003
        6900  0.21057128906250003        2.0645498385340150E-002   2.0672275982627341E-003   2.1269904072523816E-003
        6910  0.21087646484375003        2.0766082748094883E-002   2.0475102252468405E-003   2.0879848114501408E-003
        6920  0.21118164062500003        2.0884836592064429E-002   2.0277080669316061E-003   2.0491197785875524E-003
        6930  0.21148681640625003        2.1001689387636011E-002   2.0078246762612034E-003   2.0104061224372376E-003
        6940  0.21179199218750003        2.1116574464396184E-002   1.9878636346354040E-003   1.9718548960132249E-003
        6950  0.21209716796875003        2.1229428849738337E-002   1.9678285525541934E-003   1.9334774158255683E-003
        6960  0.21240234375000003        2.1340193114142047E-002   1.9477230703080467E-003   1.8952852883257947E-003
        6970  0.21270751953125003        2.1448811222977867E-002   1.9275508587179937E-003   1.8572904387388436E-003
        6980  0.21301269531250003        2.1555230394668161E-002   1.9073156199299790E-003   1.8195051424926749E-003
        6990  0.21331787109375003        2.1659400965018595E-002   1.8870210882681387E-003   1.7819420594724208E-003
        7000  0.21362304687500003        2.1761276257524713E-002   1.8666710311520892E-003   1.7446142713414205E-003
        7010  0.21392822265625003        2.1860812459448632E-002   1.8462692500834130E-003   1.7075353221864139E-003
        7020  0.21423339843750003        2.1957968503455397E-002   1.8258195817070122E-003   1.6707192627579339E-003
        7030  0.21453857421875003        2.2052705954596977E-002   1.8053258989533436E-003   1.6341806985879521E-003
        7040  0.21484375000000003        2.2144988902430253E-002   1.7847921122677410E-003   1.5979348422748600E-003
        7050  0.21514892578125003        2.2234783858056568E-002   1.7642221709336491E-003   1.5619975702283178E-003
        7060  0.21545410156250003        2.2322059655873364E-002   1.7436200644968811E-003   1.5263854841619125E-003
        7070  0.21575927734375003        2.2406787359831537E-002   1.7229898242984306E-003   1.4911159776067897E-003
        7080  0.21606445312500003        2.2488940173996819E-002   1.7023355251238861E-003   1.4562073076911828E-003
        7090  0.21636962890625003        2.2568493357219437E-002   1.6816612869780449E-003   1.4216786723846848E-003
        7100  0.21667480468750003        2.2645424141720407E-002   1.6609712769936852E-003   1.3875502933362815E-003
        7110  0.21697998046875003        2.2719711655411416E-002   1.6402697114841561E-003   1.3538435043354631E-003
        7120  0.21728515625000003        2.2791336847769173E-002   1.6195608581499831E-003   1.3205808452869297E-003
        7130  0.21759033203125003        2.2860282419094418E-002   1.5988490384502324E-003   1.2877861614021251E-003
        7140  0.21789550781250003        2.2926532752989878E-002   1.5781386301501892E-003   1.2554847070624475E-003
        7150  0.21820068359375003        2.2990073851900755E-002   1.5574340700573023E-003   1.2237032534857652E-003
        7160  0.21850585937500003        2.3050893275566007E-002   1.5367398569583926E-003   1.1924701989137669E-003
        7170  0.21881103515625003        2.3108980082236850E-002   1.5160605547715215E-003   1.1618156795146501E-003
        7180  0.21911621093750003        2.3164324772524801E-002   1.4954007959269407E-003   1.1317716785459663E-003
        7190  0.21942138671875003        2.3216919235747899E-002   1.4747652849920298E-003   1.1023721305272330E-003
        7200  0.21972656250000003        2.3266756698650522E-002   1.4541588025562503E-003   1.0736530162162076E-003
        7210  0.22003173828125003        2.3313831676377957E-002   1.4335862093925601E-003   1.0456524430571543E-003
        7220  0.22033691406250003        2.3358139925592207E-002   1.4130524509128235E-003   1.0184107044749484E-003
        7230  0.22064208984375003        2.3399678399622564E-002   1.3925625619352980E-003   9.9197030994439546E-004
        7240  0.22094726562500003        2.3438445205548594E-002   1.3721216717831385E-003   9.6637597621398986E-004
        7250  0.22125244140625003        2.3474439563118628E-002   1.3517350097334332E-003   9.4167456848740199E-004
        7260  0.22155761718750003        2.3507661765412496E-002   1.3314079108369384E-003   9.1791497889212191E-004
        7270  0.22186279296875003        2.3538113141161724E-002   1.3111458221291669E-003   8.9514792837733714E-004
        7280  0.22216796875000003        2.3565796018643965E-002   1.2909543092537114E-003   8.7342567753392029E-004
        7290  0.22247314453125003        2.3590713691074832E-002   1.2708390635190123E-003   8.5280163203390886E-004
        7300  0.22277832031250003        2.3612870383422409E-002   1.2508059094094720E-003   8.3332982981548440E-004
        7310  0.22308349609375003        2.3632271220574583E-002   1.2308608125715507E-003   8.1506430018261650E-004
        7320  0.22338867187500003        2.3648922196793556E-002   1.2110098882945923E-003   7.9805829000167245E-004
        7330  0.22369384765625003        2.3662830146394458E-002   1.1912594105048888E-003   7.8236335939499294E-004
        7340  0.22399902343750003        2.3674002715588709E-002   1.1716158212895797E-003   7.6802835875939049E-004
        7350  0.22430419921875003        2.3682448335436070E-002   1.1520857409643805E-003   7.5509831023860548E-004
        7360  0.22460937500000003        2.3688176195852933E-002   1.1326759786957255E-003   7.4361322917329694E-004
        7370  0.22491455078125003        2.3691196220626168E-002   1.1133935436832881E-003   7.3360693328818256E-004
        7380  0.22521972656250003        2.3691519043384433E-002   1.0942456569031499E-003   7.2510589779112874E-004
        7390  0.22552490234375003        2.3689155984484043E-002   1.0752397634046062E-003   7.1812822128449600E-004
        7400  0.22583007812500003        2.3684119028764435E-002   1.0563835451444764E-003   7.1268276867645437E-004
        7410  0.22613525390625003        2.3676420804135359E-002   1.0376849343318247E-003   7.0876855190906329E-004
        7420  0.22644042968750003        2.3666074560956277E-002   1.0191521272423266E-003   7.0637439698388593E-004
        7430  0.22674560546875003        2.3653094152172927E-002   1.0007935984451986E-003   7.0547892731161687E-004
        7440  0.22705078125000003        2.3637494014176700E-002   9.8261811536605285E-004   7.0605087082621870E-004
        7450  0.22735595703125003        2.3619289148355354E-002   9.6463475308566167E-004   7.0804967441119582E-004
        7460  0.22766113281250003        2.3598495103303238E-002   9.4685290924707681E-004   7.1142638710951873E-004
        7470  0.22796630859375003        2.3575127957664893E-002   9.2928231891132424E-004   7.1612475612480410E-004
        7480  0.22827148437500003        2.3549204303581494E-002   9.1193306916430370E-004   7.2208246869312498E-004
        7490  0.22857666015625003        2.3520741230718130E-002   8.9481561323429297E-004   7.2923246925745886E-004
        7500  0.22888183593750003        2.3489756310844372E-002   8.7794078382988935E-004   7.3750428456667615E-004
        7510  0.22918701171875003        2.3456267582947665E-002   8.6131980535224023E-004   7.4682529796856910E-004
        7520  0.22949218750000003        2.3420293538855882E-002   8.4496430457262322E-004   7.5712192636365346E-004
        7530  0.22979736328125003        2.3381853109350294E-002   8.2888631929699057E-004   7.6832066702852201E-004
        7540  0.23010253906250003        2.3340965650748217E-002   8.1309830446346762E-004   7.8034899505018530E-004
        7550  0.23040771484375003        2.3297650931937208E-002   7.9761313503767209E-004   7.9313610414316680E-004
        7560  0.23071289062500003        2.3251929121844185E-002   7.8244410498580540E-004   8.0661349338095347E-004
        7570  0.23101806640625003        2.3203820777322130E-002   7.6760492151872522E-004   8.2071540957515869E-004
        7580  0.23132324218750003        2.3153346831439589E-002   7.5310969371503492E-004   8.3537915975991268E-004
        7590  0.23162841796875003        2.3100528582157723E-002   7.3897291455168835E-004   8.5054531080395286E-004
        7600  0.23193359375000003        2.3045387681381407E-002   7.2520943530221896E-004   8.6615779401383688E-004
        7610  0.23223876953125003        2.2987946124371373E-002   7.1183443121252473E-004   8.8216393216777791E-004
        7620  0.23254394531250003        2.2928226239504874E-002   6.9886335734011646E-004   8.9851440515271866E-004
        7630  0.23284912109375003        2.2866250678372519E-002   6.8631189345485122E-004   9.1516316862016469E-004
        7640  0.23315429687500003        2.2802042406202198E-002   6.7419587695790619E-004   9.3206733810063393E-004
        7650  0.23345947265625003        2.2735624692597569E-002   6.6253122289262553E-004   9.4918704901721736E-004
        7660  0.23376464843750003        2.2667021102582185E-002   6.5133383030719738E-004   9.6648530114369917E-004
        7670  0.23406982421875003        2.2596255487940961E-002   6.4061947449521161E-004   9.8392779433715714E-004
        7680  0.23437500000000003        2.2523351978848364E-002   6.3040368499380503E-004   1.0014827608751694E-003
        7690  0.23468017578125003        2.2448334975777102E-002   6.2070160966415616E-004   1.0191207984525435E-003
        7700  0.23498535156250003        2.2371229141678498E-002   6.1152786571369068E-004   1.0368147068332602E-003
        7710  0.23529052734375003        2.2292059394427719E-002   6.0289637913370448E-004   1.0545393302915287E-003
        7720  0.23559570312500003        2.2210850899527162E-002   5.9482021470152427E-004   1.0722714072875408E-003
        7730  0.23590087890625003        2.2127629063061743E-002   5.8731139940384157E-004   1.0899894282840521E-003
        7740  0.23620605468750003        2.2042419524900322E-002   5.8038074283810713E-004   1.1076735021943427E-003
        7750  0.23651123046875003        2.1955248152137299E-002   5.7403765879385986E-004   1.1253052316388982E-003
        7760  0.23681640625000003        2.1866141032770570E-002   5.6828999275085389E-004   1.1428675969568896E-003
        7770  0.23712158203125003        2.1775124469609379E-002   5.6314386039967436E-004   1.1603448487530102E-003
        7780  0.23742675781250003        2.1682224974409636E-002   5.5860350244029073E-004   1.1777224086457277E-003
        7790  0.23773193359375003        2.1587469262231568E-002   5.5467116080283726E-004   1.1949867778084753E-003
        7800  0.23803710937500003        2.1490884246016587E-002   5.5134698103667331E-004   1.2121254528506549E-003
        7810  0.23834228515625003        2.1392497031379885E-002   5.4862894492614450E-004   1.2291268485636368E-003
        7820  0.23864746093750003        2.1292334911616546E-002   5.4651283643608541E-004   1.2459802270516399E-003
        7830  0.23895263671875003        2.1190425362917608E-002   5.4499224291595623E-004   1.2626756327742202E-003
        7840  0.23925781250000003        2.1086796039794870E-002   5.4405859216944514E-004   1.2792038330421717E-003
        7850  0.23956298828125003        2.0981474770711814E-002   5.4370122461444895E-004   1.2955562635294188E-003
        7860  0.23986816406250003        2.0874489553919420E-002   5.4390749841128311E-004   1.3117249783874646E-003
        7870  0.24017333984375003        2.0765868553495558E-002   5.4466292421770607E-004   1.3277026045751710E-003
        7880  0.24047851562500003        2.0655640095587017E-002   5.4595132521741445E-004   1.3434823000433836E-003
        7890  0.24078369140625003        2.0543832664853413E-002   5.4775501732371606E-004   1.3590577154405257E-003
        7900  0.24108886718750003        2.0430474901112796E-002   5.5005500401532445E-004   1.3744229590314993E-003
        7910  0.24139404296875003        2.0315595596189215E-002   5.5283118012321652E-004   1.3895725645470904E-003
        7920  0.24169921875000003        2.0199223690961887E-002   5.5606253903689657E-004   1.4045014617048530E-003
        7930  0.24200439453125003        2.0081388272617306E-002   5.5972737819538429E-004   1.4192049491646155E-003
        7940  0.24230957031250003        1.9962118572104760E-002   5.6380349831873446E-004   1.4336786697025370E-003
        7950  0.24261474609375003        1.9841443961796764E-002   5.6826839255872763E-004   1.4479185874067917E-003
        7960  0.24291992187500003        1.9719393953356517E-002   5.7309942254117879E-004   1.4619209667156741E-003
        7970  0.24322509765625003        1.9595998195812914E-002   5.7827397908073578E-004   1.4756823531351605E-003
        7980  0.24353027343750003        1.9471286473847226E-002   5.8376962612520413E-004   1.4891995554878058E-003
        7990  0.24383544921875003        1.9345288706292735E-002   5.8956422719427554E-004   1.5024696295584700E-003
        8000  0.24414062500000003        1.9218034944850818E-002   5.9563605419315601E-004   1.5154898630146685E-003
        8010  0.24444580078125003        1.9089555373027142E-002   6.0196387899181592E-004   1.5282577614906720E-003
        8020  0.24475097656250003        1.8959880305290944E-002   6.0852704856189548E-004   1.5407710357345837E-003
        8030  0.24505615234375003        1.8829040186462458E-002   6.1530554475944482E-004   1.5530275897270060E-003
        8040  0.24536132812500003        1.8697065591331909E-002   6.2228003004178678E-004   1.5650255096882053E-003
        8050  0.24566650390625003        1.8563987224516409E-002   6.2943188052314199E-004   1.5767630538983284E-003
        8060  0.24597167968750003        1.8429835920558042E-002   6.3674320782021324E-004   1.5882386432622035E-003
        8070  0.24627685546875003        1.8294642644271351E-002   6.4419687112973441E-004   1.5994508525563013E-003
        8080  0.24658203125000003        1.8158438491344086E-002   6.5177648092849393E-004   1.6103984023012675E-003
        8090  0.24688720703125003        1.8021254689199323E-002   6.5946639560456077E-004   1.6210801512084681E-003
        8100  0.24719238281250003        1.7883122598125502E-002   6.6725171222664702E-004   1.6314950891535879E-003
        8110  0.24749755859375003        1.7744073712681739E-002   6.7511825254534092E-004   1.6416423306345820E-003
        8120  0.24780273437500003        1.7604139663386507E-002   6.8305254520212495E-004   1.6515211086750167E-003
        8130  0.24810791015625003        1.7463352218698724E-002   6.9104180500468323E-004   1.6611307691373031E-003
        8140  0.24841308593750003        1.7321743287299365E-002   6.9907391001396743E-004   1.6704707654134094E-003
        8150  0.24871826171875003        1.7179344920683584E-002   7.0713737708222833E-004   1.6795406534634647E-003
        8160  0.24902343750000003        1.7036189316073126E-002   7.1522133638333063E-004   1.6883400871753197E-003
        8170  0.24932861328125003        1.6892308819660293E-002   7.2331550538824849E-004   1.6968688140202156E-003
        8180  0.24963378906250003        1.6747735930193148E-002   7.3141016265950570E-004   1.7051266709821194E-003
        8190  0.24993896484375003        1.6602503302915128E-002   7.3949612176890938E-004   1.7131135807399718E-003
        8200  0.25024414062500006        1.6456643753869838E-002   7.4756470558223211E-004   1.7208295480838746E-003
        8210  0.25054931640625006        1.6310190264584960E-002   7.5560772110244614E-004   1.7282746565479520E-003
        8220  0.25085449218750006        1.6163175987147543E-002   7.6361743501846945E-004   1.7354490652438542E-003
        8230  0.25115966796875006        1.6015634249685308E-002   7.7158655006890752E-004   1.7423530058803679E-003
        8240  0.25146484375000006        1.5867598562267105E-002   7.7950818229869702E-004   1.7489867799556436E-003
        8250  0.25177001953125006        1.5719102623239226E-002   7.8737583926054256E-004   1.7553507561097216E-003
        8260  0.25207519531250006        1.5570180326010759E-002   7.9518339919156867E-004   1.7614453676260346E-003
        8270  0.25238037109375006        1.5420865766305766E-002   8.0292509117831892E-004   1.7672711100713636E-003
        8280  0.25268554687500006        1.5271193249896987E-002   8.1059547630920529E-004   1.7728285390646744E-003
        8290  0.25299072265625006        1.5121197300838836E-002   8.1818942980263498E-004   1.7781182681659350E-003
        8300  0.25329589843750006        1.4970912670216207E-002   8.2570212409040493E-004   1.7831409668767433E-003
        8310  0.25360107421875006        1.4820374345426339E-002   8.3312901282952710E-004   1.7878973587451986E-003
        8320  0.25390625000000006        1.4669617560011745E-002   8.4046581581086871E-004   1.7923882195680003E-003
        8330  0.25421142578125006        1.4518677804061089E-002   8.4770850472959771E-004   1.7966143756834013E-003
        8340  0.25451660156250006        1.4367590835196451E-002   8.5485328978025061E-004   1.8005767023489413E-003
        8350  0.25482177734375006        1.4216392690163849E-002   8.6189660703784319E-004   1.8042761221985300E-003
        8360  0.25512695312500006        1.4065119697045039E-002   8.6883510658604434E-004   1.8077136037736763E-003
        8370  0.25543212890625006        1.3913808488106355E-002   8.7566564135330594E-004   1.8108901601241645E-003
        8380  0.25573730468750006        1.3762496013301970E-002   8.8238525661844423E-004   1.8138068474737791E-003
        8390  0.25604248046875006        1.3611219554445846E-002   8.8899118014796599E-004   1.8164647639469466E-003
        8400  0.25634765625000006        1.3460016740067329E-002   8.9548081292857866E-004   1.8188650483525158E-003
        8410  0.25665283203125006        1.3308925560962278E-002   9.0185172045954506E-004   1.8210088790211951E-003
        8420  0.25695800781250006        1.3157984386451157E-002   9.0810162457110645E-004   1.8228974726932573E-003
        8430  0.25726318359375006        1.3007231981352263E-002   9.1422839573658207E-004   1.8245320834535698E-003
        8440  0.25756835937500006        1.2856707523676233E-002   9.2023004584741047E-004   1.8259140017110244E-003
        8450  0.25787353515625006        1.2706450623043951E-002   9.2610472142196120E-004   1.8270445532197405E-003
        8460  0.25817871093750006        1.2556501339827109E-002   9.3185069722048872E-004   1.8279250981395713E-003
        8470  0.25848388671875006        1.2406900205004956E-002   9.3746637024022517E-004   1.8285570301335972E-003
        8480  0.25878906250000006        1.2257688240726485E-002   9.4295025406604209E-004   1.8289417755004691E-003
        8490  0.25909423828125006        1.2108906981560374E-002   9.4830097355364765E-004   1.8290807923395387E-003
        8500  0.25939941406250006        1.1960598496407968E-002   9.5351725982367242E-004   1.8289755697469519E-003
        8510  0.25970458984375006        1.1812805411046595E-002   9.5859794554631838E-004   1.8286276270409289E-003
        8520  0.26000976562500006        1.1665570931260543E-002   9.6354196049761465E-004   1.8280385130145490E-003
        8530  0.26031494140625006        1.1518938866506340E-002   9.6834832736944314E-004   1.8272098052145385E-003
        8540  0.26062011718750006        1.1372953654046494E-002   9.7301615781674757E-004   1.8261431092445990E-003
        8550  0.26092529296875006        1.1227660383472107E-002   9.7754464872636419E-004   1.8248400580919474E-003
        8560  0.26123046875000006        1.1083104821518228E-002   9.8193307869301081E-004   1.8233023114757401E-003
        8570  0.26153564453125006        1.0939333437058274E-002   9.8618080468884694E-004   1.8215315552162718E-003
        8580  0.26184082031250006        1.0796393426144099E-002   9.9028725891402093E-004   1.8195295006237684E-003
        8590  0.26214599609375006        1.0654332736934769E-002   9.9425194581641697E-004   1.8172978839057585E-003
        8600  0.26245117187500006        1.0513200094332995E-002   9.9807443926961119E-004   1.8148384655920359E-003
        8610  0.26275634765625006        1.0373045024120059E-002   1.0017543798988204E-003   1.8121530299762764E-003
        8620  0.26306152343750006        1.0233917876348586E-002   1.0052914725452949E-003   1.8092433845734806E-003
        8630  0.26336669921875006        1.0095869847720186E-002   1.0086854838602507E-003   1.8061113595923778E-003
        8640  0.26367187500000006        9.9589530026360697E-003   1.0119362400201172E-003   1.8027588074220773E-003
        8650  0.26397705078125006        9.8232202925699272E-003   1.0150436245552781E-003   1.7991876021321977E-003
        8660  0.26428222656250006        9.6887255733669932E-003   1.0180075762852210E-003   1.7953996389858827E-003
        8670  0.26458740234375006        9.5555236200276315E-003   1.0208280873533196E-003   1.7913968339649579E-003
        8680  0.26489257812500006        9.4236701384812910E-003   1.0235052013550239E-003   1.7871811233067560E-003
        8690  0.26519775390625006        9.2932217738049341E-003   1.0260390115536175E-003   1.7827544630519827E-003
        8700  0.26550292968750006        9.1642361142816892E-003   1.0284296591781673E-003   1.7781188286031008E-003
        8710  0.26580810546875006        9.0367716906375878E-003   1.0306773317985179E-003   1.7732762142927947E-003
        8720  0.26611328125000006        8.9108879697329148E-003   1.0327822617726865E-003   1.7682286329620271E-003
        8730  0.26641845703125006        8.7866453419232268E-003   1.0347447247622142E-003   1.7629781155472474E-003
        8740  0.26672363281250006        8.6641051012430036E-003   1.0365650383113857E-003   1.7575267106764302E-003
        8750  0.26702880859375006        8.5433294175044864E-003   1.0382435604864839E-003   1.7518764842734491E-003
        8760  0.26733398437500006        8.4243812993478745E-003   1.0397806885714903E-003   1.7460295191705827E-003
        8770  0.26763916015625006        8.3073245472250565E-003   1.0411768578169314E-003   1.7399879147287464E-003
        8780  0.26794433593750006        8.1922236952557057E-003   1.0424325402387245E-003   1.7337537864651649E-003
        8790  0.26824951171875006        8.0791439408582962E-003   1.0435482434641105E-003   1.7273292656882647E-003
        8800  0.26855468750000006        7.9681510610377197E-003   1.0445245096220061E-003   1.7207164991394897E-003
        8810  0.26885986328125006        7.8593113142042884E-003   1.0453619142751908E-003   1.7139176486418400E-003
        8820  0.26916503906250006        7.7526913264156592E-003   1.0460610653919835E-003   1.7069348907549217E-003
        8830  0.26947021484375006        7.6483579609708521E-003   1.0466226023551778E-003   1.6997704164363454E-003
        8840  0.26977539062500006        7.5463781703547748E-003   1.0470471950062132E-003   1.6924264307092635E-003
        8850  0.27008056640625006        7.4468188296318242E-003   1.0473355427225827E-003   1.6849051523359891E-003
        8860  0.27038574218750006        7.3497465505260430E-003   1.0474883735267153E-003   1.6772088134974644E-003
        8870  0.27069091796875006        7.2552274756052049E-003   1.0475064432246474E-003   1.6693396594785700E-003
        8880  0.27099609375000006        7.1633270522094700E-003   1.0473905345728522E-003   1.6612999483591607E-003
        8890  0.27130126953125006        7.0741097860387110E-003   1.0471414564718227E-003   1.6530919507107410E-003
        8900  0.27160644531250006        6.9876389746312568E-003   1.0467600431849533E-003   1.6447179492987574E-003
        8910  0.27191162109375006        6.9039764213372819E-003   1.0462471535814791E-003   1.6361802387905103E-003
        8920  0.27221679687500006        6.8231821308047226E-003   1.0456036704022387E-003   1.6274811254686180E-003
        8930  0.27252197265625006        6.7453139874540701E-003   1.0448304995471186E-003   1.6186229269500817E-003
        8940  0.27282714843750006        6.6704274189112534E-003   1.0439285693831510E-003   1.6096079719110123E-003
        8950  0.27313232421875006        6.5985750468871666E-003   1.0428988300722466E-003   1.6004385998170142E-003
        8960  0.27343750000000006        6.5298063285255514E-003   1.0417422529176330E-003   1.5911171606593413E-003
        8970  0.27374267578125006        6.4641671917701005E-003   1.0404598297281433E-003   1.5816460146969255E-003
        8980  0.27404785156250006        6.4016996688134806E-003   1.0390525721995553E-003   1.5720275322043636E-003
        8990  0.27435302734375006        6.3424415321609541E-003   1.0375215113121725E-003   1.5622640932260183E-003
        9000  0.27465820312500006        6.2864259382498710E-003   1.0358676967439802E-003   1.5523580873364235E-003
        9010  0.27496337890625006        6.2336810838918072E-003   1.0340921962987040E-003   1.5423119134071320E-003
        9020  0.27526855468750006        6.1842298810236614E-003   1.0321960953481194E-003   1.5321279793802571E-003
        9030  0.27557373046875006        6.1380896553482004E-003   1.0301804962880654E-003   1.5218087020489304E-003
        9040  0.27587890625000006        6.0952718743986596E-003   1.0280465180076089E-003   1.5113565068449314E-003
        9050  0.27618408203125006        6.0557819103599754E-003   1.0257952953708312E-003   1.5007738276338273E-003
        9060  0.27648925781250006        6.0196188426205116E-003   1.0234279787107782E-003   1.4900631065178894E-003
        9070  0.27679443359375006        5.9867753045067165E-003   1.0209457333351490E-003   1.4792267936471683E-003
        9080  0.27709960937500006        5.9572373779836528E-003   1.0183497390432680E-003   1.4682673470391414E-003
        9090  0.27740478515625006        5.9309845392954133E-003   1.0156411896539946E-003   1.4571872324073290E-003
        9100  0.27770996093750006        5.9079896575990340E-003   1.0128212925441908E-003   1.4459889229993330E-003
        9110  0.27801513671875006        5.8882190476392780E-003   1.0098912681974154E-003   1.4346748994448451E-003
        9120  0.27832031250000006        5.8716325764540467E-003   1.0068523497625507E-003   1.4232476496141466E-003
        9130  0.27862548828125006        5.8581838230290185E-003   1.0037057826220480E-003   1.4117096684876443E-003
        9140  0.27893066406250006        5.8478202887722874E-003   1.0004528239695590E-003   1.4000634580372041E-003
        9150  0.27923583984375006        5.8404836556945729E-003   9.9709474239667410E-004   1.3883115271198490E-003
        9160  0.27954101562500006        5.8361100882890881E-003   9.9363281748857351E-004   1.3764563913846435E-003
        9170  0.27984619140625006        5.8346305743417265E-003   9.9006833942835129E-004   1.3645005731935523E-003
        9180  0.28015136718750006        5.8359712992845560E-003   9.8640260860985559E-004   1.3524466015571515E-003
        9190  0.28045654296875006        5.8400540482540344E-003   9.8263693525884872E-004   1.3402970120861546E-003
        9200  0.28076171875000006        5.8467966297347110E-003   9.7877263906232708E-004   1.3280543469597192E-003
        9210  0.28106689453125006        5.8561133145606237E-003   9.7481104880588329E-004   1.3157211549117104E-003
        9220  0.28137207031250006        5.8679152841038867E-003   9.7075350201896273E-004   1.3032999912360478E-003
        9230  0.28167724609375006        5.8821110816861897E-003   9.6660134462788936E-004   1.2907934178124642E-003
        9240  0.28198242187500006        5.8986070615889745E-003   9.6235593061660648E-004   1.2782040031540192E-003
        9250  0.28228759765625006        5.9173078304871627E-003   9.5801862169500379E-004   1.2655343224779268E-003
        9260  0.28259277343750006        5.9381166766659171E-003   9.5359078697476556E-004   1.2527869578012429E-003
        9270  0.28289794921875006        5.9609359829728920E-003   9.4907380265269261E-004   1.2399644980632307E-003
        9280  0.28320312500000006        5.9856676200896498E-003   9.4446905170145364E-004   1.2270695392762624E-003
        9290  0.28350830078125006        6.0122133173457900E-003   9.3977792356769784E-004   1.2141046847073216E-003
        9300  0.28381347656250006        6.0404750089337053E-003   9.3500181387754443E-004   1.2010725450923197E-003
        9310  0.28411865234375006        6.0703551539896521E-003   9.3014212414940138E-004   1.1879757388856347E-003
        9320  0.28442382812500006        6.1017570295753961E-003   9.2520026151415001E-004   1.1748168925474780E-003
        9330  0.28472900390625006        6.1345849961138479E-003   9.2017763844265811E-004   1.1615986408719419E-003
        9340  0.28503417968750006        6.1687447352926422E-003   9.1507567248069266E-004   1.1483236273587413E-003
        9350  0.28533935546875006        6.2041434608530333E-003   9.0989578599123897E-004   1.1349945046320485E-003
        9360  0.28564453125000006        6.2406901030169276E-003   9.0463940590425991E-004   1.1216139349099884E-003
        9370  0.28594970703125006        6.2782954675846955E-003   8.9930796347398550E-004   1.1081845905287775E-003
        9380  0.28625488281250006        6.3168723709530958E-003   8.9390289404378586E-004   1.0947091545257701E-003
        9390  0.28656005859375006        6.3563357524672659E-003   8.8842563681868880E-004   1.0811903212860491E-003
        9400  0.28686523437500006        6.3966027656344607E-003   8.8287763464566036E-004   1.0676307972577179E-003
        9410  0.28717041015625006        6.4375928497976027E-003   8.7726033380176166E-004   1.0540333017413593E-003
        9420  0.28747558593750006        6.4792277838983800E-003   8.7157518379026456E-004   1.0404005677597851E-003
        9430  0.28778076171875006        6.5214317239585566E-003   8.6582363714487966E-004   1.0267353430145688E-003
        9440  0.28808593750000006        6.5641312258813769E-003   8.6000714924226631E-004   1.0130403909367283E-003
        9450  0.28839111328125006        6.6072552551253751E-003   8.5412717812291224E-004   9.9931849183931940E-004
        9460  0.28869628906250006        6.6507351847374342E-003   8.4818518432065650E-004   9.8557244418060689E-004
        9470  0.28900146484375006        6.6945047831533941E-003   8.4218263070095004E-004   9.7180506594730942E-004
        9480  0.28930664062500006        6.7385001930879195E-003   8.3612098230813564E-004   9.5801919616820869E-004
        9490  0.28961181640625006        6.7826599027427728E-003   8.3000170622189804E-004   9.4421769656950392E-004
        9500  0.28991699218750006        6.8269247104676689E-003   8.2382627142321013E-004   9.3040345338437031E-004
        9510  0.29022216796875006        6.8712376839127195E-003   8.1759614866993592E-004   9.1657937933036654E-004
        9520  0.29052734375000006        6.9155441146165697E-003   8.1131281038246828E-004   9.0274841576972766E-004
        9530  0.29083251953125006        6.9597914688839134E-003   8.0497773053959606E-004   8.8891353506903581E-004
        9540  0.29113769531250006        7.0039293357176732E-003   7.9859238458502158E-004   8.7507774317641248E-004
        9550  0.29144287109375006        7.0479093724886439E-003   7.9215824934479855E-004   8.6124408243621231E-004
        9560  0.29174804687500006        7.0916852489475600E-003   7.8567680295607090E-004   8.4741563466316893E-004
        9570  0.29205322265625006        7.1352125901114260E-003   7.7914952480754554E-004   8.3359552450022647E-004
        9580  0.29235839843750006        7.1784489184900597E-003   7.7257789549205647E-004   8.1978692308668432E-004
        9590  0.29266357421875006        7.2213535960563933E-003   7.6596339677170494E-004   8.0599305206607429E-004
        9600  0.29296875000000006        7.2638877663093382E-003   7.5930751155605541E-004   7.9221718796610775E-004
        9610  0.29327392578125006        7.3060142967259507E-003   7.5261172389387283E-004   7.7846266698642134E-004
        9620  0.29357910156250006        7.3476977218552841E-003   7.4587751897895892E-004   7.6473289023348205E-004
        9630  0.29388427734375006        7.3889041872651478E-003   7.3910638317066990E-004   7.5103132944600031E-004
        9640  0.29418945312500006        7.4296013945154777E-003   7.3229980402973510E-004   7.3736153325867373E-004
        9650  0.29449462890625006        7.4697585473020708E-003   7.2545927037000614E-004   7.2372713405695116E-004
        9660  0.29479980468750006        7.5093462988828187E-003   7.1858627232689216E-004   7.1013185548077392E-004
        9670  0.29510498046875006        7.5483367008765366E-003   7.1168230144318773E-004   6.9657952064109752E-004
        9680  0.29541015625000006        7.5867031535005510E-003   7.0474885077310241E-004   6.8307406111931348E-004
        9690  0.29571533203125006        7.6244203572950250E-003   6.9778741500535208E-004   6.6961952682649355E-004
        9700  0.29602050781250006        7.6614642663654763E-003   6.9079949060621860E-004   6.5622009680675023E-004
        9710  0.29632568359375006        7.6978120431607780E-003   6.8378657598352479E-004   6.4288009107682802E-004
        9720  0.29663085937500006        7.7334420147918579E-003   6.7675017167258950E-004   6.2960398360236455E-004
        9730  0.29693603515625006        7.7683336308861381E-003   6.6969178054523341E-004   6.1639641651989828E-004
        9740  0.29724121093750006        7.8024674229638900E-003   6.6261290804301169E-004   6.0326221572258544E-004
        9750  0.29754638671875006        7.8358249653161637E-003   6.5551506243593399E-004   5.9020640793659240E-004
        9760  0.29785156250000006        7.8683888373574633E-003   6.4839975510797682E-004   5.7723423942372849E-004
        9770  0.29815673828125006        7.9001425874214975E-003   6.4126850087083001E-004   5.6435119645401326E-004
        9780  0.29846191406250006        7.9310706979654182E-003   6.3412281830736478E-004   5.5156302769866707E-004
        9790  0.29876708984375006        7.9611585521438093E-003   6.2696423014642583E-004   5.3887576869897499E-004
        9800  0.29907226562500006        7.9903924017119404E-003   6.1979426367068393E-004   5.2629576856834718E-004
        9810  0.29937744140625006        8.0187593362168203E-003   6.1261445115932522E-004   5.1382971908271768E-004
        9820  0.29968261718750006        8.0462472534321688E-003   6.0542633036753904E-004   5.0148468630601360E-004
        9830  0.29998779296875006        8.0728448309938718E-003   5.9823144504486778E-004   4.8926814488099235E-004
        9840  0.30029296875000006        8.0985414991919333E-003   5.9103134549456666E-004   4.7718801508813482E-004
        9850  0.30059814453125006        8.1233274148749448E-003   5.8382758917634170E-004   4.6525270273293834E-004
        9860  0.30090332031250006        8.1471934364230458E-003   5.7662174135489125E-004   4.5347114186046472E-004
        9870  0.30120849609375006        8.1701310997471729E-003   5.6941537579689814E-004   4.4185284020955022E-004
        9880  0.30151367187500006        8.1921325952714879E-003   5.6221007551922504E-004   4.3040792720104218E-004
        9890  0.30181884765625006        8.2131907458583252E-003   5.5500743359125247E-004   4.1914720409653295E-004
        9900  0.30212402343750006        8.2332989856350753E-003   5.4780905399446668E-004   4.0808219575691511E-004
        9910  0.30242919921875006        8.2524513396834316E-003   5.4061655254258368E-004   3.9722520316300185E-004
        9920  0.30273437500000006        8.2706424045541384E-003   5.3343155786566144E-004   3.8658935552195861E-004
        9930  0.30303955078125006        8.2878673295690656E-003   5.2625571246183432E-004   3.7618866036184638E-004
        9940  0.30334472656250006        8.3041217988763932E-003   5.1909067382054574E-004   3.6603804950206316E-004
        9950  0.30364990234375006        8.3194020142240092E-003   5.1193811562121776E-004   3.5615341817295850E-004
        9960  0.30395507812500006        8.3337046784185131E-003   5.0479972901164153E-004   3.4655165384344028E-004
        9970  0.30426025390625006        8.3470269794383937E-003   4.9767722397042042E-004   3.3725065051169696E-004
        9980  0.30456542968750006        8.3593665751708294E-003   4.9057233075801906E-004   3.2826930334902592E-004
        9990  0.30487060546875006        8.3707215787434119E-003   4.8348680146116576E-004   3.1962747771201400E-004
       10000  0.30517578125000006        8.3810905444229606E-003   4.7642241163541624E-004   3.1134594573715643E-004
       10010  0.30548095703125006        8.3904724540547638E-003   4.6938096205087959E-004   3.0344628312738083E-004
       10020  0.30578613281250006        8.3988667040173302E-003   4.6236428054615287E-004   2.9595071849753318E-004
       10030  0.30609130859375006        8.4062730926680596E-003   4.5537422399555033E-004   2.8888192797371279E-004
       10040  0.30639648437500006        8.4126918082570220E-003   4.4841268039471884E-004   2.8226276887584778E-004
       10050  0.30670166015625006        8.4181234172870153E-003   4.4148157106963621E-004   2.7611594849135193E-004
       10060  0.30700683593750006        8.4225688532986245E-003   4.3458285301385029E-004   2.7046362735939255E-004
       10070  0.30731201171875006        8.4260294060608896E-003   4.2771852135853187E-004   2.6532696120491143E-004
       10080  0.30761718750000006        8.4285067111482623E-003   4.2089061197951789E-004   2.6072559156943526E-004
       10090  0.30792236328125006        8.4300027398860403E-003   4.1410120424503858E-004   2.5667710189501697E-004
       10100  0.30822753906250006        8.4305197896473900E-003   4.0735242390702134E-004   2.5319646263389812E-004
       10110  0.30853271484375006        8.4300604744850793E-003   4.0064644613801499E-004   2.5029549490447389E-004
       10120  0.30883789062500006        8.4286277160833378E-003   3.9398549871450455E-004   2.4798238615650906E-004
       10130  0.30914306640625006        8.4262247350147153E-003   3.8737186534595794E-004   2.4626129215977842E-004
       10140  0.30944824218750006        8.4228550422881018E-003   3.8080788914704461E-004   2.4513205663283320E-004
       10150  0.30975341796875006        8.4185224311749164E-003   3.7429597624819851E-004   2.4459007281490969E-004
       10160  0.31005859375000006        8.4132309693006717E-003   3.6783859953694407E-004   2.4462630083463803E-004
       10170  0.31036376953125006        8.4069849909907540E-003   3.6143830251906558E-004   2.4522744214432792E-004
       10180  0.31066894531250006        8.3997890898581413E-003   3.5509770328466333E-004   2.4637625935409335E-004
       10190  0.31097412109375006        8.3916481116236199E-003   3.4881949855948720E-004   2.4805201840045603E-004
       10200  0.31127929687500006        8.3825671471574794E-003   3.4260646781625960E-004   2.5023102168104624E-004
       10210  0.31158447265625006        8.3725515257338720E-003   3.3646147741419496E-004   2.5288719649449996E-004
       10220  0.31188964843750006        8.3616068084883342E-003   3.3038748472728622E-004   2.5599270297598073E-004
       10230  0.31219482421875006        8.3497387820700986E-003   3.2438754221308946E-004   2.5951852914296591E-004
       10240  0.31250000000000006        8.3369534524815273E-003   3.1846480136366533E-004   2.6343504662048434E-004
       10250  0.31280517578125006        8.3232570390961626E-003   3.1262251646877452E-004   2.6771250788027795E-004
       10260  0.31311035156250006        8.3086559688493877E-003   3.0686404810846259E-004   2.7232147327143187E-004
       10270  0.31341552734375006        8.2931568705936001E-003   3.0119286627762406E-004   2.7723316287046993E-004
       10280  0.31372070312500006        8.2767665696126761E-003   2.9561255302908591E-004   2.8241973369873058E-004
       10290  0.31402587890625006        8.2594920822886258E-003   2.9012680450421236E-004   2.8785448692304511E-004
       10300  0.31433105468750006        8.2413406109158698E-003   2.8473943220113203E-004   2.9351201229806199E-004
       10310  0.31463623046875006        8.2223195386563214E-003   2.7945436331080196E-004   2.9936827851020215E-004
       10320  0.31494140625000006        8.2024364246315318E-003   2.7427563993042222E-004   3.0540067850626419E-004
       10330  0.31524658203125006        8.1816989991464681E-003   2.6920741694304350E-004   3.1158803861035765E-004
       10340  0.31555175781250006        8.1601151590405228E-003   2.6425395833211841E-004   3.1791059950180835E-004
       10350  0.31585693359375006        8.1376929631614015E-003   2.5941963168140769E-004   3.2434997614843230E-004
       10360  0.31616210937500006        8.1144406279583230E-003   2.5470890059530073E-004   3.3088910271743808E-004
       10370  0.31646728515625006        8.0903665231904162E-003   2.5012631476383282E-004   3.3751216742557247E-004
       10380  0.31677246093750006        8.0654791677471256E-003   2.4567649739241909E-004   3.4420454130661225E-004
       10390  0.31707763671875006        8.0397872255770983E-003   2.4136412972067066E-004   3.5095270400322526E-004
       10400  0.31738281250000006        8.0132995017229373E-003   2.3719393237003927E-004   3.5774416894526415E-004
       10410  0.31768798828125006        7.9860249384583193E-003   2.3317064328901545E-004   3.6456740965720101E-004
       10420  0.31799316406250006        7.9579726115257907E-003   2.2929899210956078E-004   3.7141178843486550E-004
       10430  0.31829833984375006        7.9291517264717289E-003   2.2558367079179387E-004   3.7826748823242091E-004
       10440  0.31860351562500006        7.8995716150773460E-003   2.2202930051737319E-004   3.8512544828988584E-004
       10450  0.31890869140625006        7.8692417318825970E-003   2.1864039489646636E-004   3.9197730379455197E-004
       10460  0.31921386718750006        7.8381716508018496E-003   2.1542131967856651E-004   3.9881532969281987E-004
       10470  0.31951904296875006        7.8063710618292790E-003   2.1237624930178314E-004   4.0563238864016867E-004
       10480  0.31982421875000006        7.7738497678324029E-003   2.0950912077509211E-004   4.1242188298602647E-004
       10490  0.32012939453125006        7.7406176814323758E-003   2.0682358555757028E-004   4.1917771062849118E-004
       10500  0.32043457031250006        7.7066848219700295E-003   2.0432296026986875E-004   4.2589422453449306E-004
       10510  0.32073974609375006        7.6720613125556610E-003   2.0201017723618818E-004   4.3256619569818563E-004
       10520  0.32104492187500006        7.6367573772029235E-003   1.9988773599814065E-004   4.3918877929997126E-004
       10530  0.32135009765625006        7.6007833380448706E-003   1.9795765705270691E-004   4.4575748382703125E-004
       10540  0.32165527343750006        7.5641496126318299E-003   1.9622143913269698E-004   4.5226814292089108E-004
       10550  0.32196044921875006        7.5268667113106711E-003   1.9468002135891128E-004   4.5871688972646060E-004
       10560  0.32226562500000006        7.4889452346848353E-003   1.9333375154045708E-004   4.6510013352862466E-004
       10570  0.32257080078125006        7.4503958711548170E-003   1.9218236177946204E-004   4.7141453847559357E-004
       10580  0.32287597656250006        7.4112293945391055E-003   1.9122495234973104E-004   4.7765700420222612E-004
       10590  0.32318115234375006        7.3714566617751861E-003   1.9045998457240042E-004   4.8382464818061161E-004
       10600  0.32348632812500006        7.3310886107009667E-003   1.8988528311723697E-004   4.8991478963915499E-004
       10610  0.32379150390625006        7.2901362579168632E-003   1.8949804783280702E-004   4.9592493490473882E-004
       10620  0.32409667968750006        7.2486106967284683E-003   1.8929487487197663E-004   5.0185276403528687E-004
       10630  0.32440185546875006        7.2065230951705098E-003   1.8927178655257378E-004   5.0769611862196400E-004
       10640  0.32470703125000006        7.1638846941128641E-003   1.8942426909694378E-004   5.1345299065131713E-004
       10650  0.32501220703125006        7.1207068054488527E-003   1.8974731714643312E-004   5.1912151232793040E-004
       10660  0.32531738281250006        7.0770008103670790E-003   1.9023548376087546E-004   5.2469994676752473E-004
       10670  0.32562255859375006        7.0327781577072309E-003   1.9088293449694038E-004   5.3018667947906208E-004
       10680  0.32592773437500006        6.9880503624014691E-003   1.9168350411479548E-004   5.3558021056220734E-004
       10690  0.32623291015625006        6.9428290040024739E-003   1.9263075448644880E-004   5.4087914755363096E-004
       10700  0.32653808593750006        6.8971257252989325E-003   1.9371803236336405E-004   5.4608219886205403E-004
       10710  0.32684326171875006        6.8509522310206804E-003   1.9493852579393966E-004   5.5118816773777818E-004
       10720  0.32714843750000006        6.8043202866347220E-003   1.9628531814979523E-004   5.5619594672771217E-004
       10730  0.32745361328125006        6.7572417172338658E-003   1.9775143890969605E-004   5.6110451257160906E-004
       10740  0.32775878906250006        6.7097284065197917E-003   1.9932991054814273E-004   5.6591292149956807E-004
       10750  0.32806396484375006        6.6617922958829385E-003   2.0101379107067351E-004   5.7062030489467622E-004
       10760  0.32836914062500006        6.6134453835808163E-003   2.0279621192059440E-004   5.7522586528811043E-004
       10770  0.32867431640625006        6.5646997240174044E-003   2.0467041114543671E-004   5.7972887265722844E-004
       10780  0.32897949218750006        6.5155674271263116E-003   2.0662976185162836E-004   5.8412866099988878E-004
       10790  0.32928466796875006        6.4660606578595915E-003   2.0866779609081992E-004   5.8842462516086268E-004
       10800  0.32958984375000006        6.4161916357857954E-003   2.1077822441071159E-004   5.9261621788841274E-004
       10810  0.32989501953125006        6.3659726347998023E-003   2.1295495136855976E-004   5.9670294710122433E-004
       10820  0.33020019531250006        6.3154159829472752E-003   2.1519208734898762E-004   6.0068437334767004E-004
       10830  0.33050537109375006        6.2645340623677060E-003   2.1748395705218615E-004   6.0456010744111956E-004
       10840  0.33081054687500006        6.2133393093589534E-003   2.1982510502732813E-004   6.0832980825643412E-004
       10850  0.33111572265625006        6.1618442145668405E-003   2.2221029862204279E-004   6.1199318067421736E-004
       10860  0.33142089843750006        6.1100613233040441E-003   2.2463452870525295E-004   6.1554997366056684E-004
       10870  0.33172607421875006        6.0580032360019664E-003   2.2709300850009902E-004   6.1899997847117720E-004
       10880  0.33203125000000006        6.0056826087994935E-003   2.2958117083849081E-004   6.2234302696969311E-004
       10890  0.33233642578125006        5.9531121542736173E-003   2.3209466412091090E-004   6.2557899005103704E-004
       10900  0.33264160156250006        5.9003046423155760E-003   2.3462934723598297E-004   6.2870777616131637E-004
       10910  0.33294677734375006        5.8472729011580871E-003   2.3718128366523143E-004   6.3172932990662918E-004
       10920  0.33325195312500006        5.7940298185577381E-003   2.3974673497030639E-004   6.3464363074373800E-004
       10930  0.33355712890625006        5.7405883431380540E-003   2.4232215383326704E-004   6.3745069174623995E-004
       10940  0.33386230468750006        5.6869614858982825E-003   2.4490417679579111E-004   6.4015055844033025E-004
       10950  0.33416748046875006        5.6331623218930718E-003   2.4748961682064761E-004   6.4274330770485799E-004
       10960  0.33447265625000006        5.5792039920889184E-003   2.5007545577840806E-004   6.4522904673072182E-004
       10970  0.33477783203125006        5.5250997054024755E-003   2.5265883694435882E-004   6.4760791203514524E-004
       10980  0.33508300781250006        5.4708627409272102E-003   2.5523705757468689E-004   6.4988006852671125E-004
       10990  0.33538818359375006        5.4165064503533551E-003   2.5780756161717061E-004   6.5204570861736495E-004
       11000  0.33569335937500006        5.3620442605877205E-003   2.6036793259970944E-004   6.5410505137792816E-004
       11010  0.33599853515625006        5.3074896765793727E-003   2.6291588672982429E-004   6.5605834173396659E-004
       11020  0.33630371093750006        5.2528562843565741E-003   2.6544926622961638E-004   6.5790584969904026E-004
       11030  0.33660888671875006        5.1981577542815714E-003   2.6796603292343884E-004   6.5964786964269333E-004
       11040  0.33691406250000006        5.1434078445288817E-003   2.7046426208948270E-004   6.6128471959068949E-004
       11050  0.33721923828125006        5.0886204047925999E-003   2.7294213658150585E-004   6.6281674055520688E-004
       11060  0.33752441406250006        5.0338093802290715E-003   2.7539794122288845E-004   6.6424429589293551E-004
       11070  0.33782958984375006        4.9789888156391848E-003   2.7783005747190507E-004   6.6556777068909657E-004
       11080  0.33813476562500006        4.9241728598961700E-003   2.8023695835452801E-004   6.6678757116564393E-004
       11090  0.33843994140625006        4.8693757706231994E-003   2.8261720365903076E-004   6.6790412411198825E-004
       11100  0.33874511718750006        4.8146119191244726E-003   2.8496943538510919E-004   6.6891787633672540E-004
       11110  0.33905029296875006        4.7598957955733894E-003   2.8729237343910389E-004   6.6982929413897494E-004
       11120  0.33935546875000006        4.7052420144606047E-003   2.8958481156604870E-004   6.7063886279805868E-004
       11130  0.33966064453125006        4.6506653203026594E-003   2.9184561350876213E-004   6.7134708608027451E-004
       11140  0.33996582031250006        4.5961805936123026E-003   2.9407370938384567E-004   6.7195448576172544E-004
       11150  0.34027099609375006        4.5418028571292887E-003   2.9626809226430978E-004   6.7246160116612964E-004
       11160  0.34057617187500006        4.4875472823084029E-003   2.9842781495855797E-004   6.7286898871670906E-004
       11170  0.34088134765625006        4.4334291960610606E-003   3.0055198697555389E-004   6.7317722150126336E-004
       11180  0.34118652343750006        4.3794640877430355E-003   3.0263977166621113E-004   6.7338688884961673E-004
       11190  0.34149169921875006        4.3256676163792186E-003   3.0469038353129541E-004   6.7349859592271376E-004
       11200  0.34179687500000006        4.2720556181131825E-003   3.0670308568646554E-004   6.7351296331265829E-004
       11210  0.34210205078125006        4.2186441138660586E-003   3.0867718747541137E-004   6.7343062665304329E-004
       11220  0.34240722656250006        4.1654493171852866E-003   3.1061204222244314E-004   6.7325223623901126E-004
       11230  0.34271240234375006        4.1124876422595231E-003   3.1250704511625666E-004   6.7297845665645990E-004
       11240  0.34301757812500006        4.0597757120711259E-003   3.1436163121702243E-004   6.7260996641991101E-004
       11250  0.34332275390625006        4.0073303666521218E-003   3.1617527357931223E-004   6.7214745761856392E-004
       11260  0.34362792968750006        3.9551686714034513E-003   3.1794748148380905E-004   6.7159163557009593E-004
       11270  0.34393310546875006        3.9033079254300164E-003   3.1967779877110073E-004   6.7094321848179170E-004
       11280  0.34423828125000006        3.8517656698364633E-003   3.2136580227125458E-004   6.7020293711867482E-004
       11290  0.34454345703125006        3.8005596959202587E-003   3.2301110032323090E-004   6.6937153447823889E-004
       11300  0.34484863281250006        3.7497080531885591E-003   3.2461333137853634E-004   6.6844976547149326E-004
       11310  0.34515380859375006        3.6992290571151239E-003   3.2617216268385701E-004   6.6743839661002414E-004
       11320  0.34545898437500006        3.6491412965418964E-003   3.2768728903775104E-004   6.6633820569878465E-004
       11330  0.34576416015625006        3.5994636406168870E-003   3.2915843161674210E-004   6.6514998153438629E-004
       11340  0.34606933593750006        3.5502152451468072E-003   3.3058533686648782E-004   6.6387452360862896E-004
       11350  0.34637451171875006        3.5014155582270652E-003   3.3196777545395535E-004   6.6251264181707863E-004
       11360  0.34667968750000006        3.4530843249964025E-003   3.3330554127676283E-004   6.6106515617249449E-004
       11370  0.34698486328125006        3.4052415913458445E-003   3.3459845052616328E-004   6.5953289652290789E-004
       11380  0.34729003906250006        3.3579077063935567E-003   3.3584634080027846E-004   6.5791670227420605E-004
       11390  0.34759521484375006        3.3111033235177921E-003   3.3704907026450219E-004   6.5621742211705969E-004
       11400  0.34790039062500006        3.2648493997205429E-003   3.3820651685611479E-004   6.5443591375805086E-004
       11410  0.34820556640625006        3.2191671930732876E-003   3.3931857753039142E-004   6.5257304365489311E-004
       11420  0.34851074218750006        3.1740782579764448E-003   3.4038516754564496E-004   6.5062968675560844E-004
       11430  0.34881591796875006        3.1296044379419386E-003   3.4140621978479788E-004   6.4860672624156030E-004
       11440  0.34912109375000006        3.0857678555893165E-003   3.4238168411126639E-004   6.4650505327427542E-004
       11450  0.34942626953125006        3.0425908995259745E-003   3.4331152675704429E-004   6.4432556674592543E-004
       11460  0.34973144531250006        3.0000962077645394E-003   3.4419572974105013E-004   6.4206917303344401E-004
       11470  0.35003662109375006        2.9583066473158693E-003   3.4503429031588323E-004   6.3973678575616523E-004
       11480  0.35034179687500006        2.9172452895841142E-003   3.4582722044130605E-004   6.3732932553697548E-004
       11490  0.35064697265625006        2.8769353811835801E-003   3.4657454628282550E-004   6.3484771976688435E-004
       11500  0.35095214843750006        2.8374003097952024E-003   3.4727630773389667E-004   6.3229290237300662E-004
       11510  0.35125732421875006        2.7986635646863379E-003   3.4793255796032948E-004   6.2966581358991328E-004
       11520  0.35156250000000006        2.7607486915304279E-003   3.4854336296560249E-004   6.2696739973430629E-004
       11530  0.35186767578125006        2.7236792411871433E-003   3.4910880117584300E-004   6.2419861298302845E-004
       11540  0.35217285156250006        2.6874787121374216E-003   3.4962896304333810E-004   6.2136041115436571E-004
       11550  0.35247802734375006        2.6521704863150899E-003   3.5010395066748347E-004   6.1845375749267084E-004
       11560  0.35278320312500006        2.6177777581371654E-003   3.5053387743217953E-004   6.1547962045625999E-004
       11570  0.35308837890625006        2.5843234566116252E-003   3.5091886765871688E-004   6.1243897350864369E-004
       11580  0.35339355468750006        2.5518301604919116E-003   3.5125905627327991E-004   6.0933279491305376E-004
       11590  0.35369873046875006        2.5203200065571302E-003   3.5155458848822404E-004   6.0616206753032848E-004
       11600  0.35400390625000006        2.4898145912196135E-003   3.5180561949635993E-004   6.0292777862015182E-004
       11610  0.35430908203125006        2.4603348658039522E-003   3.5201231417751779E-004   5.9963091964568077E-004
       11620  0.35461425781250006        2.4319010259939489E-003   3.5217484681670342E-004   5.9627248608162147E-004
       11630  0.35491943359375006        2.4045323961122168E-003   3.5229340083320175E-004   5.9285347722576407E-004
       11640  0.35522460937500006        2.3782473090721936E-003   3.5236816852003325E-004   5.8937489601405921E-004
       11650  0.35552978515625006        2.3530629830228657E-003   3.5239935079320518E-004   5.8583774883925771E-004
       11660  0.35583496093750006        2.3289953958865145E-003   3.5238715695020670E-004   5.8224304537322197E-004
       11670  0.35614013671875006        2.3060591591645046E-003   3.5233180443727460E-004   5.7859179839292018E-004
       11680  0.35644531250000006        2.2842673925465256E-003   3.5223351862494694E-004   5.7488502361024291E-004
       11690  0.35675048828125006        2.2636316010002265E-003   3.5209253259147274E-004   5.7112373950567890E-004
       11700  0.35705566406250006        2.2441615561322879E-003   3.5190908691367062E-004   5.6730896716597240E-004
       11710  0.35736083984375006        2.2258651836895393E-003   3.5168342946483618E-004   5.6344173012583515E-004
       11720  0.35766601562500006        2.2087484591074660E-003   3.5141581521934813E-004   5.5952305421385869E-004
       11730  0.35797119140625006        2.1928153130029784E-003   3.5110650606362363E-004   5.5555396740269937E-004
       11740  0.35827636718750006        2.1780675484466324E-003   3.5075577061311147E-004   5.5153549966371060E-004
       11750  0.35858154296875006        2.1645047717352233E-003   3.5036388403500500E-004   5.4746868282611841E-004
       11760  0.35888671875000006        2.1521243382154119E-003   3.4993112787641507E-004   5.4335455044091790E-004
       11770  0.35919189453125006        2.1409213144883729E-003   3.4945778989770997E-004   5.3919413764962868E-004
       11780  0.35949707031250006        2.1308884580575312E-003   3.4894416391080080E-004   5.3498848105809768E-004
       11790  0.35980224609375006        2.1220162151725334E-003   3.4839054962210647E-004   5.3073861861552393E-004
       11800  0.36010742187500006        2.1142927372843523E-003   3.4779725248000907E-004   5.2644558949890374E-004
       11810  0.36041259765625006        2.1077039161678693E-003   3.4716458352656974E-004   5.2211043400310841E-004
       11820  0.36071777343750006        2.1022334374034423E-003   3.4649285925331352E-004   5.1773419343683160E-004
       11830  0.36102294921875006        2.0978628515477757E-003   3.4578240146091214E-004   5.1331791002463692E-004
       11840  0.36132812500000006        2.0945716619846576E-003   3.4503353712258378E-004   5.0886262681538964E-004
       11850  0.36163330078125006        2.0923374281337772E-003   3.4424659825104412E-004   5.0436938759734090E-004
       11860  0.36193847656250006        2.0911358824255255E-003   3.4342192176887125E-004   4.9983923682017358E-004
       11870  0.36224365234375006        2.0909410592279474E-003   3.4255984938213232E-004   4.9527321952434050E-004
       11880  0.36254882812500006        2.0917254337450286E-003   3.4166072745714561E-004   4.9067238127806288E-004
       11890  0.36285400390625006        2.0934600687963680E-003   3.4072490690024510E-004   4.8603776812233617E-004
       11900  0.36315917968750006        2.0961147673381328E-003   3.3975274304044566E-004   4.8137042652439350E-004
       11910  0.36346435546875006        2.0996582285917310E-003   3.3874459551489069E-004   4.7667140334004438E-004
       11920  0.36376953125000006        2.1040582057053141E-003   3.3770082815698117E-004   4.7194174578537717E-004
       11930  0.36407470703125006        2.1092816629796605E-003   3.3662180888709647E-004   4.6718250141833753E-004
       11940  0.36437988281250006        2.1152949308348131E-003   3.3550790960582406E-004   4.6239471813074593E-004
       11950  0.36468505859375006        2.1220638568696815E-003   3.3435950608960143E-004   4.5757944415134895E-004
       11960  0.36499023437500006        2.1295539515672405E-003   3.3317697788871659E-004   4.5273772806056365E-004
       11970  0.36529541015625006        2.1377305274094963E-003   3.3196070822758076E-004   4.4787061881761809E-004
       11980  0.36560058593750006        2.1465588303875099E-003   3.3071108390721768E-004   4.4297916580084319E-004
       11990  0.36590576171875006        2.1560041631093381E-003   3.2942849520991311E-004   4.3806441886195976E-004
       12000  0.36621093750000006        2.1660319989209374E-003   3.2811333580597379E-004   4.3312742839524685E-004
       12010  0.36651611328125006        2.1766080866543395E-003   3.2676600266253597E-004   4.2816924542255858E-004
       12020  0.36682128906250006        2.1876985458005598E-003   3.2538689595439416E-004   4.2319092169526947E-004
       12030  0.36712646484375006        2.1992699520698702E-003   3.2397641897681111E-004   4.1819350981426998E-004
       12040  0.36743164062500006        2.2112894134456783E-003   3.2253497806026399E-004   4.1317806336928253E-004
       12050  0.36773681640625006        2.2237246369612592E-003   3.2106298248711445E-004   4.0814563709884704E-004
       12060  0.36804199218750006        2.2365439865307795E-003   3.1956084441016477E-004   4.0309728707245304E-004
       12070  0.36834716796875006        2.2497165322466822E-003   3.1802897877308942E-004   3.9803407089644927E-004
       12080  0.36865234375000006        2.2632120916184170E-003   3.1646780323272005E-004   3.9295704794546014E-004
       12090  0.36895751953125006        2.2770012632716452E-003   3.1487773808317555E-004   3.8786727962126382E-004
       12100  0.36926269531250006        2.2910554536562499E-003   3.1325920618183216E-004   3.8276582964120244E-004
       12110  0.36956787109375006        2.3053468973261246E-003   3.1161263287712263E-004   3.7765376435841867E-004
       12120  0.36987304687500006        2.3198486713578762E-003   3.0993844593817880E-004   3.7253215311644781E-004
       12130  0.37017822265625006        2.3345347044682525E-003   3.0823707548630703E-004   3.6740206864087452E-004
       12140  0.37048339843750006        2.3493797813758490E-003   3.0650895392832434E-004   3.6226458747109060E-004
       12150  0.37078857421875006        2.3643595429322498E-003   3.0475451589175083E-004   3.5712079043542251E-004
       12160  0.37109375000000006        2.3794504825212590E-003   3.0297419816188915E-004   3.5197176317325264E-004
       12170  0.37139892578125006        2.3946299391967994E-003   3.0116843962081240E-004   3.4681859670810094E-004
       12180  0.37170410156250006        2.4098760879979961E-003   2.9933768118828129E-004   3.4166238807601214E-004
       12190  0.37200927734375006        2.4251679278477593E-003   2.9748236576462845E-004   3.3650424101404195E-004
       12200  0.37231445312500006        2.4404852674081994E-003   2.9560293817564682E-004   3.3134526671410082E-004
       12210  0.37261962890625006        2.4558087092332258E-003   2.9369984511951823E-004   3.2618658464794313E-004
       12220  0.37292480468750006        2.4711196325269977E-003   2.9177353511583521E-004   3.2102932346969023E-004
       12230  0.37322998046875006        2.4864001747856032E-003   2.8982445845675964E-004   3.1587462200289955E-004
       12240  0.37353515625000006        2.5016332125708213E-003   2.8785306716038806E-004   3.1072363031992690E-004
       12250  0.37384033203125006        2.5168023416357837E-003   2.8585981492637168E-004   3.0557751092213003E-004
       12260  0.37414550781250006        2.5318918565987100E-003   2.8384515709387569E-004   3.0043744003032367E-004
       12270  0.37445068359375006        2.5468867303342045E-003   2.8180955060193324E-004   2.9530460899588858E-004
       12280  0.37475585937500006        2.5617725932322948E-003   2.7975345395229691E-004   2.9018022584402021E-004
       12290  0.37506103515625006        2.5765357124530848E-003   2.7767732717486553E-004   2.8506551696179616E-004
       12300  0.37536621093750006        2.5911629712882132E-003   2.7558163179577575E-004   2.7996172894505223E-004
       12310  0.37567138671875006        2.6056418487227654E-003   2.7346683080827291E-004   2.7487013061955410E-004
       12320  0.37597656250000006        2.6199603992769060E-003   2.7133338864647293E-004   2.6979201525353426E-004
       12330  0.37628173828125006        2.6341072331930973E-003   2.6918177116211801E-004   2.6472870298045953E-004
       12340  0.37658691406250006        2.6480714970232243E-003   2.6701244560448046E-004   2.5968154345285433E-004
       12350  0.37689208984375006        2.6618428546589124E-003   2.6482588060352933E-004   2.5465191875013565E-004
       12360  0.37719726562500006        2.6754114688398167E-003   2.6262254615652642E-004   2.4964124656578644E-004
       12370  0.37750244140625006        2.6887679831663395E-003   2.6040291361820064E-004   2.4465098370172978E-004
       12380  0.37780761718750006        2.7019035046357107E-003   2.5816745569466777E-004   2.3968262990054691E-004
       12390  0.37811279296875006        2.7148095867153871E-003   2.5591664644130399E-004   2.3473773204917155E-004
       12400  0.37841796875000006        2.7274782129611303E-003   2.5365096126472907E-004   2.2981788879087485E-004
       12410  0.37872314453125006        2.7399017811838206E-003   2.5137087692914952E-004   2.2492475558573709E-004
       12420  0.37902832031250006        2.7520730881644613E-003   2.4907687156726447E-004   2.2006005026334720E-004
       12430  0.37933349609375006        2.7639853149138420E-003   2.4676942469597439E-004   2.1522555911505833E-004
       12440  0.37963867187500006        2.7756320124706730E-003   2.4444901723717126E-004   2.1042314357682182E-004
       12450  0.37994384765625006        2.7870070882296911E-003   2.4211613154386528E-004   2.0565474755709410E-004
       12460  0.38024902343750006        2.7981047927893216E-003   2.3977125143195721E-004   2.0092240546757707E-004
       12470  0.38055419921875006        2.8089197073073295E-003   2.3741486221797353E-004   1.9622825101728384E-004
       12480  0.38085937500000006        2.8194467313510932E-003   2.3504745076310114E-004   1.9157452683224717E-004
       12490  0.38116455078125006        2.8296810712290172E-003   2.3266950552388956E-004   1.8696359496380612E-004
       12500  0.38146972656250006        2.8396182287881181E-003   2.3028151661001693E-004   1.8239794834708296E-004
       12510  0.38177490234375006        2.8492539906633005E-003   2.2788397584952379E-004   1.7788022326737236E-004
       12520  0.38208007812500006        2.8585844179624996E-003   2.2547737686198690E-004   1.7341321288459515E-004
       12530  0.38238525390625006        2.8676058363724236E-003   2.2306221514009481E-004   1.6899988185357367E-004
       12540  0.38269042968750006        2.8763148266695332E-003   2.2063898814015515E-004   1.6464338205894464E-004
       12550  0.38299560546875006        2.8847082156205866E-003   2.1820819538208481E-004   1.6034706945611775E-004
       12560  0.38330078125000006        2.8927830672578394E-003   2.1577033855946738E-004   1.5611452197123387E-004
       12570  0.38360595703125006        2.9005366745133939E-003   2.1332592166034149E-004   1.5194955836061042E-004
       12580  0.38391113281250006        2.9079665511986116E-003   2.1087545109937272E-004   1.4785625786005864E-004
       12590  0.38421630859375006        2.9150704243134751E-003   2.0841943586216583E-004   1.4383898036254538E-004
       12600  0.38452148437500006        2.9218462266726959E-003   2.0595838766250020E-004   1.3990238674430530E-004
       12610  0.38482666015625006        2.9282920898340216E-003   2.0349282111332888E-004   1.3605145880983208E-004
       12620  0.38513183593750006        2.9344063373167094E-003   2.0102325391245301E-004   1.3229151814033108E-004
       12630  0.38543701171875006        2.9401874780961459E-003   1.9855020704384707E-004   1.2862824290446506E-004
       12640  0.38574218750000006        2.9456342003634662E-003   1.9607420499566825E-004   1.2506768142245563E-004
       12650  0.38604736328125006        2.9507453655374613E-003   1.9359577599609295E-004   1.2161626096656460E-004
       12660  0.38635253906250006        2.9555200025181329E-003   1.9111545226815874E-004   1.1828078993990114E-004
       12670  0.38665771484375006        2.9599573021702047E-003   1.8863377030491416E-004   1.1506845121733355E-004
       12680  0.38696289062500006        2.9640566120266625E-003   1.8615127116625743E-004   1.1198678408473493E-004
       12690  0.38726806640625006        2.9678174312021579E-003   1.8366850079894407E-004   1.0904365191881147E-004
       12700  0.38757324218750006        2.9712394055064523E-003   1.8118601038134716E-004   1.0624719257038402E-004
       12710  0.38787841796875006        2.9743223227488712E-003   1.7870435669467652E-004   1.0360574842891764E-004
       12720  0.38818359375000006        2.9770661082250496E-003   1.7622410252246526E-004   1.0112777345085638E-004
       12730  0.38848876953125006        2.9794708203773278E-003   1.7374581708027345E-004   9.8821715131138898E-005
       12740  0.38879394531250006        2.9815366466211784E-003   1.7127007647767641E-004   9.6695870577885411E-005
       12750  0.38909912109375006        2.9832638993295365E-003   1.6879746421475723E-004   9.4758217570030571E-005
       12760  0.38940429687500006        2.9846530119682392E-003   1.6632857171545534E-004   9.3016223722023348E-005
       12770  0.38970947265625006        2.9857045353753825E-003   1.6386399890027626E-004   9.1476639530246715E-005
       12780  0.39001464843750006        2.9864191341780737E-003   1.6140435480102545E-004   9.0145283885204093E-005
       12790  0.39031982421875006        2.9867975833403572E-003   1.5895025822038170E-004   8.9026833225669462E-005
       12800  0.39062500000000006        2.9868407648360263E-003   1.5650233843928399E-004   8.8124627418303061E-005
       12810  0.39093017578125006        2.9865496644413225E-003   1.5406123597526858E-004   8.7440506191186219E-005
       12820  0.39123535156250006        2.9859253686415274E-003   1.5162760339504204E-004   8.6974689159639577E-005
       12830  0.39154052734375006        2.9849690616462555E-003   1.4920210618471930E-004   8.6725710011226076E-005
       12840  0.39184570312500006        2.9836820225094120E-003   1.4678542368131011E-004   8.6690411428577173E-005
       12850  0.39215087890625006        2.9820656223479695E-003   1.4437825006912650E-004   8.6864002309458520E-005
       12860  0.39245605468750006        2.9801213216564472E-003   1.4198129544490274E-004   8.7240173518246306E-005
       12870  0.39276123046875006        2.9778506677118287E-003   1.3959528695545582E-004   8.7811263576109347E-005
       12880  0.39306640625000006        2.9752552920655766E-003   1.3722097001174822E-004   8.8568462066938026E-005
       12890  0.39337158203125006        2.9723369081190482E-003   1.3485910958315638E-004   8.9502036539793853E-005
       12900  0.39367675781250006        2.9690973087782989E-003   1.3251049157563449E-004   9.0601568430149964E-005
       12910  0.39398193359375006        2.9655383641852915E-003   1.3017592429724752E-004   9.1856184792030022E-005
       12920  0.39428710937500006        2.9616620195221351E-003   1.2785624001422204E-004   9.3254775004675099E-005
       12930  0.39459228515625006        2.9574702928854479E-003   1.2555229660018372E-004   9.4786184574836572E-005
       12940  0.39489746093750006        2.9529652732276537E-003   1.2326497928058148E-004   9.6439381212791656E-005
       12950  0.39520263671875006        2.9481491183631046E-003   1.2099520247345023E-004   9.8203591140222311E-005
       12960  0.39550781250000006        2.9430240530357423E-003   1.1874391172649001E-004   1.0006840585803239E-004
       12970  0.39581298828125006        2.9375923670462568E-003   1.1651208574899657E-004   1.0202386126599646E-004
       12980  0.39611816406250006        2.9318564134364292E-003   1.1430073853532564E-004   1.0406049209521990E-004
       12990  0.39642333984375006        2.9258186067284185E-003   1.1211092157426695E-004   1.0616936516847407E-004
       13000  0.39672851562500006        2.9194814212166768E-003   1.0994372613586926E-004   1.0834209515465695E-004
       13010  0.39703369140625006        2.9128473893110822E-003   1.0780028562377958E-004   1.1057084634922330E-004
       13020  0.39733886718750006        2.9059190999288689E-003   1.0568177797695537E-004   1.1284832369774213E-004
       13030  0.39764404296875006        2.8986991969340149E-003   1.0358942809957417E-004   1.1516775586975042E-004
       13040  0.39794921875000006        2.8911903776221346E-003   1.0152451029194683E-004   1.1752287274753928E-004
       13050  0.39825439453125006        2.8833953912497084E-003   9.9488350648167247E-005   1.1990787926186623E-004
       13060  0.39855957031250006        2.8753170376056175E-003   9.7482329377962770E-005   1.2231742710948896E-004
       13070  0.39886474609375006        2.8669581656242562E-003   9.5507883000637864E-005   1.2474658553907799E-004
       13080  0.39916992187500006        2.8583216720384640E-003   9.3566506348066535E-005   1.2719081209695051E-004
       13090  0.39947509765625006        2.8494105000710993E-003   9.1659754301340177E-005   1.2964592398099069E-004
       13100  0.39978027343750006        2.8402276381644508E-003   8.9789243171918342E-005   1.3210807045575904E-004
       13110  0.40008544921875006        2.8307761187458674E-003   8.7956651623116532E-005   1.3457370662815779E-004
       13120  0.40039062500000006        2.8210590170292403E-003   8.6163721011639480E-005   1.3703956876473113E-004
       13130  0.40069580078125006        2.8110794498507224E-003   8.4412255012105499E-005   1.3950265124251343E-004
       13140  0.40100097656250006        2.8008405745384938E-003   8.2704118370606475E-005   1.4196018515970485E-004
       13150  0.40130615234375006        2.7903455878150870E-003   8.1041234617133866E-005   1.4440961858538497E-004
       13160  0.40161132812500006        2.7795977247321324E-003   7.9425582552363166E-005   1.4684859839494418E-004
       13170  0.40191650390625006        2.7686002576363228E-003   7.7859191313075626E-005   1.4927495361641437E-004
       13180  0.40222167968750006        2.7573564951663765E-003   7.6344133814362639E-005   1.5168668019979278E-004
       13190  0.40252685546875006        2.7458697812800079E-003   7.4882518367649077E-005   1.5408192711450377E-004
       13200  0.40283203125000006        2.7341434943106918E-003   7.3476478283906416E-005   1.5645898367771724E-004
       13210  0.40313720703125006        2.7221810460536962E-003   7.2128159293810318E-005   1.5881626801697387E-004
       13220  0.40344238281250006        2.7099858808806027E-003   7.0839704653431488E-005   1.6115231657347988E-004
       13230  0.40374755859375006        2.6975614748824179E-003   6.9613237857782907E-005   1.6346577455678170E-004
       13240  0.40405273437500006        2.6849113350406613E-003   6.8450842956652936E-005   1.6575538726674457E-004
       13250  0.40435791015625006        2.6720389984259702E-003   6.7354542558385974E-005   1.6801999220443639E-004
       13260  0.40466308593750006        2.6589480314245938E-003   6.6326273716665193E-005   1.7025851189936752E-004
       13270  0.40496826171875006        2.6456420289915350E-003   6.5367862020017744E-005   1.7246994738634317E-004
       13280  0.40527343750000006        2.6321246139313862E-003   6.4480994338619071E-005   1.7465337227083618E-004
       13290  0.40557861328125006        2.6183994362057009E-003   6.3667190820250889E-005   1.7680792732715350E-004
       13300  0.40588378906250006        2.6044701722674614E-003   6.2927776857102223E-005   1.7893281557872356E-004
       13310  0.40618896484375006        2.5903405244223133E-003   6.2263855855637564E-005   1.8102729781455457E-004
       13320  0.40649414062500006        2.5760142202166454E-003   6.1676283720520355E-005   1.8309068850023020E-004
       13330  0.40679931640625006        2.5614950118525276E-003   6.1165645998565026E-005   1.8512235204583508E-004
       13340  0.40710449218750006        2.5467866756297059E-003   6.0732238610099094E-005   1.8712169939682862E-004
       13350  0.40740966796875006        2.5318930114146109E-003   6.0376053017224114E-005   1.8908818491721058E-004
       13360  0.40771484375000006        2.5168178421366544E-003   6.0096766540581838E-005   1.9102130353732021E-004
       13370  0.40802001953125006        2.5015650133119694E-003   5.9893738344062936E-005   1.9292058814136641E-004
       13380  0.40832519531250006        2.4861383925948739E-003   5.9766011372158244E-005   1.9478560717219644E-004
       13390  0.40863037109375006        2.4705418693574130E-003   5.9712320264080399E-005   1.9661596243308196E-004
       13400  0.40893554687500006        2.4547793542970516E-003   5.9731105002846270E-005   1.9841128706825093E-004
       13410  0.40924072265625006        2.4388547790733721E-003   5.9820529807095642E-005   2.0017124370573229E-004
       13420  0.40954589843750006        2.4227720959735127E-003   5.9978506558197455E-005   2.0189552274765254E-004
       13430  0.40985107421875006        2.4065352776075489E-003   6.0202721890416196E-005   2.0358384079462521E-004
       13440  0.41015625000000006        2.3901483166338488E-003   6.0490666967455615E-005   2.0523593919213146E-004
       13450  0.41046142578125006        2.3736152255148741E-003   6.0839668927707901E-005   2.0685158268799595E-004
       13460  0.41076660156250006        2.3569400363044855E-003   6.1246923000159352E-005   2.0843055819109530E-004
       13470  0.41107177734375006        2.3401268004670183E-003   6.1709524364925451E-005   2.0997267362239531E-004
       13480  0.41137695312500006        2.3231795887288156E-003   6.2224498945091398E-005   2.1147775685025609E-004
       13490  0.41168212890625006        2.3061024909631811E-003   6.2788832456401523E-005   2.1294565470271040E-004
       13500  0.41198730468750006        2.2888996161092661E-003   6.3399497194824354E-005   2.1437623205011088E-004
       13510  0.41229248046875006        2.2715750921259445E-003   6.4053476196852233E-005   2.1576937095215559E-004
       13520  0.41259765625000006        2.2541330659813529E-003   6.4747784553650570E-005   2.1712496986385957E-004
       13530  0.41290283203125006        2.2365777036790985E-003   6.5479487790591557E-005   2.1844294289554843E-004
       13540  0.41320800781250006        2.2189131903222214E-003   6.6245717333835778E-005   2.1972321912238954E-004
       13550  0.41351318359375006        2.2011437302157069E-003   6.7043683173498934E-005   2.2096574193939070E-004
       13560  0.41381835937500006        2.1832735470087164E-003   6.7870683898575506E-005   2.2217046845817424E-004
       13570  0.41412353515625006        2.1653068838776621E-003   6.8724114323798747E-005   2.2333736894213842E-004
       13580  0.41442871093750006        2.1472480037514189E-003   6.9601470955441257E-005   2.2446642627694716E-004
       13590  0.41473388671875006        2.1291011895795968E-003   7.0500355554762342E-005   2.2555763547354231E-004
       13600  0.41503906250000006        2.1108707446452959E-003   7.1418477057478535E-005   2.2661100320113401E-004
       13610  0.41534423828125006        2.0925609929236116E-003   7.2353652098304164E-005   2.2762654734781890E-004
       13620  0.41564941406250006        2.0741762794875161E-003   7.3303804373910062E-005   2.2860429660670844E-004
       13630  0.41595458984375006        2.0557209709619237E-003   7.4266963057945942E-005   2.2954429008561526E-004
       13640  0.41625976562500006        2.0371994560278465E-003   7.5241260459831227E-005   2.3044657693851382E-004
       13650  0.41656494140625006        2.0186161459780153E-003   7.6224929096368899E-005   2.3131121601713319E-004
       13660  0.41687011718750006        1.9999754753252316E-003   7.7216298322896213E-005   2.3213827554120336E-004
       13670  0.41717529296875006        1.9812819024654124E-003   7.8213790649420763E-005   2.3292783278596341E-004
       13680  0.41748046875000006        1.9625399103962928E-003   7.9215917847483841E-005   2.3367997378568570E-004
       13690  0.41778564453125006        1.9437540074939386E-003   8.0221276935625571E-005   2.3439479305204726E-004
       13700  0.41809082031250006        1.9249287283481928E-003   8.1228546115407130E-005   2.3507239330629824E-004
       13710  0.41839599609375006        1.9060686346588274E-003   8.2236480715994304E-005   2.3571288522423813E-004
       13720  0.41870117187500006        1.8871783161938851E-003   8.3243909193224006E-005   2.3631638719310725E-004
       13730  0.41900634765625006        1.8682623918117153E-003   8.4249729218774082E-005   2.3688302507956192E-004
       13740  0.41931152343750006        1.8493255105482675E-003   8.5252903886325152E-005   2.3741293200797082E-004
       13750  0.41961669921875006        1.8303723527709620E-003   8.6252458054356679E-005   2.3790624814833190E-004
       13760  0.41992187500000006        1.8114076314003579E-003   8.7247474839175602E-005   2.3836312051315377E-004
       13770  0.42022705078125006        1.7924360932013304E-003   8.8237092266887424E-005   2.3878370276271286E-004
       13780  0.42053222656250006        1.7734625201439021E-003   8.9220500089036130E-005   2.3916815501811623E-004
       13790  0.42083740234375006        1.7544917308359555E-003   9.0196936763496880E-005   2.3951664368168589E-004
       13800  0.42114257812500006        1.7355285820273710E-003   9.1165686599709690E-005   2.3982934126415856E-004
       13810  0.42144775390625006        1.7165779701868395E-003   9.2126077065421704E-005   2.4010642621829432E-004
       13820  0.42175292968750006        1.6976448331512690E-003   9.3077476250674182E-005   2.4034808277846500E-004
       13830  0.42205810546875006        1.6787341518477632E-003   9.4019290483705092E-005   2.4055450080586596E-004
       13840  0.42236328125000006        1.6598509520877641E-003   9.4950962092682747E-005   2.4072587563899288E-004
       13850  0.42266845703125006        1.6410003064323269E-003   9.5871967306711961E-005   2.4086240794906195E-004
       13860  0.42297363281250006        1.6221873361272707E-003   9.6781814289244615E-005   2.4096430360008594E-004
       13870  0.42327880859375006        1.6034172131058559E-003   9.7680041296924268E-005   2.4103177351331314E-004
       13880  0.42358398437500006        1.5846951620568780E-003   9.8566214956859066E-005   2.4106503353578637E-004
       13890  0.42388916015625006        1.5660264625540407E-003   9.9439928655437875E-005   2.4106430431277502E-004
       13900  0.42419433593750006        1.5474164512428157E-003   1.0030080103195412E-004   2.4102981116386099E-004
       13910  0.42449951171875006        1.5288705240792259E-003   1.0114847457052693E-004   2.4096178396247554E-004
       13920  0.42480468750000006        1.5103941386139961E-003   1.0198261428405217E-004   2.4086045701869011E-004
       13930  0.42510986328125006        1.4919928163148475E-003   1.0280290648421748E-004   2.4072606896508969E-004
       13940  0.42541503906250006        1.4736721449169689E-003   1.0360905763188724E-004   2.4055886264555664E-004
       13950  0.42572021484375006        1.4554377807919690E-003   1.0440079326248675E-004   2.4035908500682286E-004
       13960  0.42602539062500006        1.4372954513218828E-003   1.0517785698129936E-004   2.4012698699262742E-004
       13970  0.42633056640625006        1.4192509572645417E-003   1.0594000952391230E-004   2.3986282344037294E-004
       13980  0.42663574218750006        1.4013101750930291E-003   1.0668702787731512E-004   2.3956685298013249E-004
       13990  0.42694091796875006        1.3834790592907999E-003   1.0741870445746550E-004   2.3923933793590940E-004
       14000  0.42724609375000006        1.3657636445801784E-003   1.0813484633939340E-004   2.3888054422903582E-004
       14010  0.42755126953125006        1.3481700480600155E-003   1.0883527453617836E-004   2.3849074128360809E-004
       14020  0.42785644531250006        1.3307044712247986E-003   1.0951982332338688E-004   2.3807020193387682E-004
       14030  0.42816162109375006        1.3133732018336254E-003   1.1018833960579339E-004   2.3761920233349209E-004
       14040  0.42846679687500006        1.2961826155942580E-003   1.1084068232341525E-004   2.3713802186653879E-004
       14050  0.42877197265625006        1.2791391776236817E-003   1.1147672189412353E-004   2.3662694306027601E-004
       14060  0.42907714843750006        1.2622494436411106E-003   1.1209633969026702E-004   2.3608625149951733E-004
       14070  0.42938232421875006        1.2455200608464875E-003   1.1269942754692825E-004   2.3551623574259096E-004
       14080  0.42968750000000006        1.2289577684311975E-003   1.1328588729962819E-004   2.3491718723881388E-004
       14090  0.42999267578125006        1.2125693976635782E-003   1.1385563034941101E-004   2.3428940024743588E-004
       14100  0.43029785156250006        1.1963618714864292E-003   1.1440857725342566E-004   2.3363317175799020E-004
       14110  0.43060302734375006        1.1803422035579006E-003   1.1494465733924878E-004   2.3294880141201649E-004
       14120  0.43090820312500006        1.1645174966624693E-003   1.1546380834129671E-004   2.3223659142610970E-004
       14130  0.43121337890625006        1.1488949404126671E-003   1.1596597605783631E-004   2.3149684651624966E-004
       14140  0.43151855468750006        1.1334818081573390E-003   1.1645111402717232E-004   2.3072987382338867E-004
       14150  0.43182373046875006        1.1182854530069463E-003   1.1691918322172032E-004   2.2993598284025204E-004
       14160  0.43212890625000006        1.1033133028822534E-003   1.1737015175875202E-004   2.2911548533932901E-004
       14170  0.43243408203125006        1.0885728544885068E-003   1.1780399462669222E-004   2.2826869530202687E-004
       14180  0.43273925781250006        1.0740716661137961E-003   1.1822069342592894E-004   2.2739592884896497E-004
       14190  0.43304443359375006        1.0598173491492612E-003   1.1862023612317594E-004   2.2649750417138271E-004
       14200  0.43334960937500006        1.0458175582265374E-003   1.1900261681848211E-004   2.2557374146365148E-004
       14210  0.43365478515625006        1.0320799798705803E-003   1.1936783552406797E-004   2.2462496285686741E-004
       14220  0.43395996093750006        1.0186123195670828E-003   1.1971589795420954E-004   2.2365149235351503E-004
       14230  0.43426513671875006        1.0054222871503302E-003   1.2004681532545557E-004   2.2265365576318760E-004
       14240  0.43457031250000006        9.9251758042424995E-004   1.2036060416651295E-004   2.2163178063936112E-004
       14250  0.43487548828125006        9.7990586694078857E-004   1.2065728613718141E-004   2.2058619621720727E-004
       14260  0.43518066406250006        9.6759476387353518E-004   1.2093688785575832E-004   2.1951723335244855E-004
       14270  0.43548583984375006        9.5559181594253814E-004   1.2119944073438389E-004   2.1842522446124406E-004
       14280  0.43579101562500006        9.4390447136759423E-004   1.2144498082183000E-004   2.1731050346111917E-004
       14290  0.43609619140625006        9.3254005585377369E-004   1.2167354865326289E-004   2.1617340571292469E-004
       14300  0.43640136718750006        9.2150574464126399E-004   1.2188518910655771E-004   2.1501426796384588E-004
       14310  0.43670654296875006        9.1080853268734881E-004   1.2207995126475738E-004   2.1383342829145308E-004
       14320  0.43701171875000006        9.0045520308460250E-004   1.2225788828430713E-004   2.1263122604881507E-004
       14330  0.43731689453125006        8.9045229386118671E-004   1.2241905726871437E-004   2.1140800181067599E-004
       14340  0.43762207031250006        8.8080606335340015E-004   1.2256351914731236E-004   2.1016409732071438E-004
       14350  0.43792724609375006        8.7152245438621855E-004   1.2269133855882168E-004   2.0889985543989749E-004
       14360  0.43823242187500006        8.6260705754548893E-004   1.2280258373943465E-004   2.0761562009595093E-004
       14370  0.43853759765625006        8.5406507387198209E-004   1.2289732641515430E-004   2.0631173623396088E-004
       14380  0.43884277343750006        8.4590127735326072E-004   1.2297564169814486E-004   2.0498854976813260E-004
       14390  0.43914794921875006        8.3811997763135414E-004   1.2303760798686831E-004   2.0364640753473042E-004
       14400  0.43945312500000006        8.3072498338174596E-004   1.2308330686978912E-004   2.0228565724622941E-004
       14410  0.43975830078125006        8.2371956684951990E-004   1.2311282303245145E-004   2.0090664744670865E-004
       14420  0.44006347656250006        8.1710643005046568E-004   1.2312624416774512E-004   1.9950972746851425E-004
       14430  0.44036865234375006        8.1088767315717187E-004   1.2312366088917701E-004   1.9809524739024503E-004
       14440  0.44067382812500006        8.0506476559027659E-004   1.2310516664700030E-004   1.9666355799607892E-004
       14450  0.44097900390625006        7.9963852032240222E-004   1.2307085764703810E-004   1.9521501073650773E-004
       14460  0.44128417968750006        7.9460907187699974E-004   1.2302083277206569E-004   1.9374995769051191E-004
       14470  0.44158935546875006        7.8997585846462539E-004   1.2295519350561735E-004   1.9226875152923402E-004
       14480  0.44189453125000006        7.8573760864633819E-004   1.2287404385809674E-004   1.9077174548120593E-004
       14490  0.44219970703125006        7.8189233284911216E-004   1.2277749029506574E-004   1.8925929329919328E-004
       14500  0.44250488281250006        7.7843731998186684E-004   1.2266564166762289E-004   1.8773174922871863E-004
       14510  0.44281005859375006        7.7536913931554937E-004   1.2253860914474709E-004   1.8618946797833966E-004
       14520  0.44311523437500006        7.7268364769965978E-004   1.2239650614752958E-004   1.8463280469175518E-004
       14530  0.44342041015625006        7.7037600209220230E-004   1.2223944828519543E-004   1.8306211492182336E-004
       14540  0.44372558593750006        7.6844067728401512E-004   1.2206755329284208E-004   1.8147775460658396E-004
       14550  0.44403076171875006        7.6687148860627406E-004   1.2188094097080321E-004   1.7988008004737950E-004
       14560  0.44433593750000006        7.6566161932066913E-004   1.2167973312558017E-004   1.7826944788917589E-004
       14570  0.44464111328125006        7.6480365231387055E-004   1.2146405351226466E-004   1.7664621510320467E-004
       14580  0.44494628906250006        7.6428960564826507E-004   1.2123402777839085E-004   1.7501073897203704E-004
       14590  0.44525146484375006        7.6411097146483330E-004   1.2098978340916176E-004   1.7336337707723069E-004
       14600  0.44555664062500006        7.6425875769241876E-004   1.2073144967398986E-004   1.7170448728968292E-004
       14610  0.44586181640625006        7.6472353198926246E-004   1.2045915757430127E-004   1.7003442776284989E-004
       14620  0.44616699218750006        7.6549546733055808E-004   1.2017303979256229E-004   1.6835355692899082E-004
       14630  0.44647216796875006        7.6656438865667440E-004   1.1987323064247054E-004   1.6666223349862073E-004
       14640  0.44677734375000006        7.6791982001207586E-004   1.1955986602028290E-004   1.6496081646336401E-004
       14650  0.44708251953125006        7.6955103163094509E-004   1.1923308335723091E-004   1.6324966510241284E-004
       14660  0.44738769531250006        7.7144708646294041E-004   1.1889302157299413E-004   1.6152913899282500E-004
       14670  0.44769287109375006        7.7359688567720962E-004   1.1853982103019436E-004   1.5979959802390049E-004
       14680  0.44799804687500006        7.7598921273380154E-004   1.1817362348987923E-004   1.5806140241590193E-004
       14690  0.44830322265625006        7.7861277566761437E-004   1.1779457206797107E-004   1.5631491274340962E-004
       14700  0.44860839843750006        7.8145624728629477E-004   1.1740281119264807E-004   1.5456048996362565E-004
       14710  0.44891357421875006        7.8450830304231580E-004   1.1699848656263858E-004   1.5279849544995938E-004
       14720  0.44921875000000006        7.8775765639543945E-004   1.1658174510640336E-004   1.5102929103126813E-004
       14730  0.44952392578125006        7.9119309153546317E-004   1.1615273494218588E-004   1.4925323903715508E-004
       14740  0.44982910156250006        7.9480349338645112E-004   1.1571160533890897E-004   1.4747070234975675E-004
       14750  0.45013427734375006        7.9857787485799190E-004   1.1525850667790870E-004   1.4568204446249679E-004
       14760  0.45043945312500006        8.0250540135175317E-004   1.1479359041548130E-004   1.4388762954632153E-004
       14770  0.45074462890625006        8.0657541256512672E-004   1.1431700904623331E-004   1.4208782252398457E-004
       14780  0.45104980468750006        8.1077744166653466E-004   1.1382891606722323E-004   1.4028298915299333E-004
       14790  0.45135498046875006        8.1510123193930754E-004   1.1332946594288569E-004   1.3847349611788762E-004
       14800  0.45166015625000006        8.1953675101318236E-004   1.1281881407072018E-004   1.3665971113258828E-004
       14810  0.45196533203125006        8.2407420281637312E-004   1.1229711674775049E-004   1.3484200305361593E-004
       14820  0.45227050781250006        8.2870403739254011E-004   1.1176453113773635E-004   1.3302074200505481E-004
       14830  0.45257568359375006        8.3341695873372697E-004   1.1122121523913868E-004   1.3119629951623065E-004
       14840  0.45288085937500006        8.3820393078422610E-004   1.1066732785383143E-004   1.2936904867314649E-004
       14850  0.45318603515625006        8.4305618177075710E-004   1.1010302855656157E-004   1.2753936428484228E-004
       14860  0.45349121093750006        8.4796520701248192E-004   1.0952847766515386E-004   1.2570762306593353E-004
       14870  0.45379638671875006        8.5292277036095796E-004   1.0894383621145982E-004   1.2387420383673216E-004
       14880  0.45410156250000006        8.5792090441416690E-004   1.0834926591305483E-004   1.2203948774247099E-004
       14890  0.45440673828125006        8.6295190964263730E-004   1.0774492914568599E-004   1.2020385849332038E-004
       14900  0.45471191406250006        8.6800835255777342E-004   1.0713098891647314E-004   1.1836770262704399E-004
       14910  0.45501708984375006        8.7308306304459090E-004   1.0650760883787420E-004   1.1653140979633075E-004
       14920  0.45532226562500006        8.7816913097228362E-004   1.0587495310241123E-004   1.1469537308305611E-004
       14930  0.45562744140625006        8.8325990218775512E-004   1.0523318645818169E-004   1.1285998934193722E-004
       14940  0.45593261718750006        8.8834897398810410E-004   1.0458247418514973E-004   1.1102565957632805E-004
       14950  0.45623779296875006        8.9343019016016210E-004   1.0392298207223686E-004   1.0919278934915648E-004
       14960  0.45654296875000006        8.9849763566607539E-004   1.0325487639522798E-004   1.0736178923234303E-004
       14970  0.45684814453125006        9.0354563104728936E-004   1.0257832389549668E-004   1.0553307529837559E-004
       14980  0.45715332031250006        9.0856872661041843E-004   1.0189349175957903E-004   1.0370706965810775E-004
       14990  0.45745849609375006        9.1356169645268070E-004   1.0120054759960324E-004   1.0188420104927932E-004
       15000  0.45776367187500006        9.1851953237674720E-004   1.0049965943460199E-004   1.0006490548072935E-004
       15010  0.45806884765625006        9.2343743774042273E-004   9.9790995672730494E-005   9.8249626937804365E-005
       15020  0.45837402343750006        9.2831082127918356E-004   9.9074725094401792E-005   9.6438818155048607E-005
       15030  0.45867919921875006        9.3313529093568080E-004   9.8351016836385429E-005   9.4632941462897426E-005
       15040  0.45898437500000006        9.3790664772541591E-004   9.7620040376877884E-005   9.2832469715834474E-005
       15050  0.45928955078125006        9.4262087966292889E-004   9.6881965521587062E-005   9.1037887310220703E-005
       15060  0.45959472656250006        9.4727415577015265E-004   9.6136962390863686E-005   8.9249691300899038E-005
       15070  0.45989990234375006        9.5186282018396462E-004   9.5385201407904754E-005   8.7468392626600431E-005
       15080  0.46020507812500006        9.5638338637795274E-004   9.4626853288084530E-005   8.5694517455212681E-005
       15090  0.46051025390625006        9.6083253150980709E-004   9.3862089029436455E-005   8.3928608661093328E-005
       15100  0.46081542968750006        9.6520709090410764E-004   9.3091079904344419E-005   8.2171227447801936E-005
       15110  0.46112060546875006        9.6950405267752743E-004   9.2313997452483763E-005   8.0422955130916073E-005
       15120  0.46142578125000006        9.7372055251211860E-004   9.1531013475065683E-005   7.8684395096963319E-005
       15130  0.46173095703125006        9.7785386858044053E-004   9.0742300030440887E-005   7.6956174955904636E-005
       15140  0.46203613281250006        9.8190141662482478E-004   8.9948029431121318E-005   7.5238948906075000E-005
       15150  0.46234130859375006        9.8586074519214657E-004   8.9148374242284224E-005   7.3533400331925964E-005
       15160  0.46264648437500006        9.8972953102413695E-004   8.8343507281825247E-005   7.1840244656317940E-005
       15170  0.46295166015625006        9.9350557460277183E-004   8.7533601622039015E-005   7.0160232470359835E-005
       15180  0.46325683593750006        9.9718679584872910E-004   8.6718830592999848E-005   6.8494152964833642E-005
       15190  0.46356201171875006        1.0007712299713856E-003   8.5899367787732004E-005   6.6842837687866604E-005
       15200  0.46386718750000006        1.0042570234674707E-003   8.5075387069261850E-005   6.5207164653582883E-005
       15210  0.46417236328125006        1.0076424302652156E-003   8.4247062579640561E-005   6.3588062825709182E-005
       15220  0.46447753906250006        1.0109258080107709E-003   8.3414568751057560E-005   6.1986516998152147E-005
       15230  0.46478271484375006        1.0141056144932746E-003   8.2578080319141997E-005   6.0403573091050484E-005
       15240  0.46508789062500006        1.0171804042045226E-003   8.1737772338585983E-005   5.8840343875057450E-005
       15250  0.46539306640625006        1.0201488250291492E-003   8.0893820201210999E-005   5.7298015128047055E-005
       15260  0.46569824218750006        1.0230096150617165E-003   8.0046399656623577E-005   5.5777852216047173E-005
       15270  0.46600341796875006        1.0257615995457607E-003   7.9195686835605090E-005   5.4281207072954084E-005
       15280  0.46630859375000006        1.0284036879311073E-003   7.8341858276405690E-005   5.2809525530139516E-005
       15290  0.46661376953125006        1.0309348710451766E-003   7.7485090954106491E-005   5.1364354915811108E-005
       15300  0.46691894531250006        1.0333542183738060E-003   7.6625562313243473E-005   4.9947351803179593E-005
       15310  0.46722412109375006        1.0356608754476910E-003   7.5763450303893308E-005   4.8560289734140565E-005
       15320  0.46752929687500006        1.0378540613304173E-003   7.4898933421438748E-005   4.7205066679240200E-005
       15330  0.46783447265625006        1.0399330662037181E-003   7.4032190750240336E-005   4.5883711913445873E-005
       15340  0.46813964843750006        1.0418972490464854E-003   7.3163402011475084E-005   4.4598391889229518E-005
       15350  0.46844482421875006        1.0437460354033212E-003   7.2292747615405501E-005   4.3351414573676555E-005
       15360  0.46875000000000006        1.0454789152393800E-003   7.1420408718371245E-005   4.2145231586344567E-005
       15370  0.46905517578125006        1.0470954408772297E-003   7.0546567284818402E-005   4.0982437334151940E-005
       15380  0.46936035156250006        1.0485952250130482E-003   6.9671406154700520E-005   3.9865764197556003E-005
       15390  0.46966552734375006        1.0499779388081240E-003   6.8795109116618350E-005   3.8798072693315435E-005
       15400  0.46997070312500006        1.0512433100527182E-003   6.7917860987090590E-005   3.7782335444933398E-005
       15410  0.47027587890625006        1.0523911213992702E-003   6.7039847696368239E-005   3.6821613761812938E-005
       15420  0.47058105468750006        1.0534212086614982E-003   6.6161256381264084E-005   3.5919025699104174E-005
       15430  0.47088623046875006        1.0543334591770748E-003   6.5282275485466012E-005   3.5077704683517623E-005
       15440  0.47119140625000006        1.0551278102307747E-003   6.4403094867878554E-005   3.4300748186224733E-005
       15450  0.47149658203125006        1.0558042475351821E-003   6.3523905919552138E-005   3.3591156531806957E-005
       15460  0.47180175781250006        1.0563628037671513E-003   6.2644901689810605E-005   3.2951762757588173E-005
       15470  0.47210693359375006        1.0568035571568049E-003   6.1766277022235776E-005   3.2385155447496613E-005
       15480  0.47241210937500006        1.0571266301273100E-003   6.0888228701219079E-005   3.1893597575051041E-005
       15490  0.47271728515625006        1.0573321879826991E-003   6.0010955609835874E-005   3.1478945462257407E-005
       15500  0.47302246093750006        1.0574204376422253E-003   5.9134658899860041E-005   3.1142572812292351E-005
       15510  0.47332763671875006        1.0573916264185641E-003   5.8259542174800361E-005   3.0885305205537668E-005
       15520  0.47363281250000006        1.0572460408384309E-003   5.7385811686888940E-005   3.0707370292947986E-005
       15530  0.47393798828125006        1.0569840055034915E-003   5.6513676549042279E-005   3.0608368091759651E-005
       15540  0.47424316406250006        1.0566058819899305E-003   5.5643348962855400E-005   3.0587264323014428E-005
       15550  0.47454833984375006        1.0561120677849399E-003   5.4775044463793185E-005   3.0642407800305469E-005
       15560  0.47485351562500006        1.0555029952585828E-003   5.3908982184798160E-005   3.0771570765394482E-005
       15570  0.47515869140625006        1.0547791306694512E-003   5.3045385139617936E-005   3.0972009096879941E-005
       15580  0.47546386718750006        1.0539409732027384E-003   5.2184480527232304E-005   3.1240537790113988E-005
       15590  0.47576904296875006        1.0529890540393013E-003   5.1326500058848973E-005   3.1573616217834122E-005
       15600  0.47607421875000006        1.0519239354545207E-003   5.0471680308996527E-005   3.1967437493223270E-005
       15610  0.47637939453125006        1.0507462099454427E-003   4.9620263092330219E-005   3.2418016699423562E-005
       15620  0.47668457031250006        1.0494564993854317E-003   4.8772495867833827E-005   3.2921273655322441E-005
       15630  0.47698974609375006        1.0480554542048113E-003   4.7928632172155945E-005   3.3473107047561824E-005
       15640  0.47729492187500006        1.0465437525967256E-003   4.7088932083863726E-005   3.4069457972615365E-005
       15650  0.47760009765625006        1.0449220997470602E-003   4.6253662720438219E-005   3.4706362042948948E-005
       15660  0.47790527343750006        1.0431912270875469E-003   4.5423098769828561E-005   3.5379990119678257E-005
       15670  0.47821044921875006        1.0413518915710451E-003   4.4597523058360859E-005   3.6086678399450656E-005
       15680  0.47851562500000006        1.0394048749681908E-003   4.3777227156738946E-005   3.6822949009262560E-005
       15690  0.47882080078125006        1.0373509831847537E-003   4.2962512025745689E-005   3.7585522481809499E-005
       15700  0.47912597656250006        1.0351910455985889E-003   4.2153688703091099E-005   3.8371323541558219E-005
       15710  0.47943115234375006        1.0329259144158849E-003   4.1351079032564704E-005   3.9177481575625488E-005
       15720  0.47973632812500006        1.0305564640455238E-003   4.0555016436319679E-005   4.0001327036646643E-005
       15730  0.48004150390625006        1.0280835904913884E-003   3.9765846730604945E-005   4.0840384861117810E-005
       15740  0.48034667968750006        1.0255082107615860E-003   3.8983928984649998E-005   4.1692365811391608E-005
       15750  0.48065185546875006        1.0228312622945113E-003   3.8209636421564211E-005   4.2555156479237670E-005
       15760  0.48095703125000006        1.0200537024004570E-003   3.7443357359105883E-005   4.3426808533558221E-005
       15770  0.48126220703125006        1.0171765077189403E-003   3.6685496186858892E-005   4.4305527659514393E-005
       15780  0.48156738281250006        1.0142006736910878E-003   3.5936474374756235E-005   4.5189662522331650E-005
       15790  0.48187255859375006        1.0111272140462676E-003   3.5196731505921462E-005   4.6077693995787215E-005
       15800  0.48217773437500006        1.0079571603029865E-003   3.4466726324411902E-005   4.6968224820962365E-005
       15810  0.48248291015625006        1.0046915612834868E-003   3.3746937785566316E-005   4.7859969802667179E-005
       15820  0.48278808593750006        1.0013314826413839E-003   3.3037866093252952E-005   4.8751746606575861E-005
       15830  0.48309326171875006        9.9787800640268177E-004   3.2340033704266664E-005   4.9642467186871962E-005
       15840  0.48339843750000006        9.9433223051892828E-004   3.1653986275448406E-005   5.0531129850036154E-005
       15850  0.48370361328125006        9.9069526843304097E-004   3.0980293523679719E-005   5.1416811943252836E-005
       15860  0.48400878906250006        9.8696824865693680E-004   3.0319549962781115E-005   5.2298663144226895E-005
       15870  0.48431396484375006        9.8315231436101828E-004   2.9672375474503126E-005   5.3175899321686753E-005
       15880  0.48461914062500006        9.7924862297514028E-004   2.9039415663288244E-005   5.4047796931389009E-005
       15890  0.48492431640625006        9.7525834580077485E-004   2.8421341936507437E-005   5.4913687910289781E-005
       15900  0.48522949218750006        9.7118266763440795E-004   2.7818851243576377E-005   5.5772955031007071E-005
       15910  0.48553466796875006        9.6702278640163457E-004   2.7232665399123211E-005   5.6625027679283169E-005
       15920  0.48583984375000006        9.6277991280215188E-004   2.6663529907765371E-005   5.7469378018544677E-005
       15930  0.48614501953125006        9.5845526996522280E-004   2.6112212201567400E-005   5.8305517507491190E-005
       15940  0.48645019531250006        9.5405009311542305E-004   2.5579499196918543E-005   5.9132993738799408E-005
       15950  0.48675537109375006        9.4956562924900640E-004   2.5066194076270510E-005   5.9951387569293691E-005
       15960  0.48706054687500006        9.4500313682019659E-004   2.4573112203267927E-005   6.0760310514256432E-005
       15970  0.48736572265625006        9.4036388543771604E-004   2.4101076088476657E-005   6.1559402380810540E-005
       15980  0.48767089843750006        9.3564915557126918E-004   2.3650909338699177E-005   6.2348329117515108E-005
       15990  0.48797607421875006        9.3086023826807339E-004   2.3223429546910093E-005   6.3126780859350479E-005
       16000  0.48828125000000006        9.2599843487936877E-004   2.2819440113209392E-005   6.3894470149244279E-005
       16010  0.48858642578125006        9.2106505679666101E-004   2.2439721030306712E-005   6.4651130319040703E-005
       16020  0.48889160156250006        9.1606142519802254E-004   2.2085018719561714E-005   6.5396514014501544E-005
       16030  0.48919677734375006        9.1098887080423346E-004   2.1756035064077235E-005   6.6130391850413491E-005
       16040  0.48950195312500006        9.0584873364485191E-004   2.1453415851091785E-005   6.6852551183252932E-005
       16050  0.48980712890625006        9.0064236283407539E-004   2.1177738902786397E-005   6.7562794990110473E-005
       16060  0.49011230468750006        8.9537111635681552E-004   2.0929502237285481E-005   6.8260940843708375E-005
       16070  0.49041748046875006        8.9003636086470701E-004   2.0709112653670173E-005   6.8946819974340489E-005
       16080  0.49072265625000006        8.8463947148207950E-004   2.0516875169536299E-005   6.9620276410507168E-005
       16090  0.49102783203125006        8.7918183162236660E-004   2.0352983750816422E-005   7.0281166190825790E-005
       16100  0.49133300781250006        8.7366483281459150E-004   2.0217513756438626E-005   7.0929356640535068E-005
       16110  0.49163818359375006        8.6808987454042484E-004   2.0110416472549548E-005   7.1564725706596793E-005
       16120  0.49194335937500006        8.6245836408167819E-004   2.0031516033385614E-005   7.2187161345970484E-005
       16130  0.49224853515625006        8.5677171637841274E-004   1.9980508922576836E-005   7.2796560962188863E-005
       16140  0.49255371093750006        8.5103135389795026E-004   1.9956966127410539E-005   7.3392830885841010E-005
       16150  0.49285888671875006        8.4523870651498942E-004   1.9960337889302169E-005   7.3975885894990743E-005
       16160  0.49316406250000006        8.3939521140255187E-004   1.9989960867635117E-005   7.4545648771956376E-005
       16170  0.49346923828125006        8.3350231293470903E-004   2.0045067422219990E-005   7.5102049893219344E-005
       16180  0.49377441406250006        8.2756146260053957E-004   2.0124796630919325E-005   7.5645026849543935E-005
       16190  0.49407958984375006        8.2157411893016221E-004   2.0228206599825965E-005   7.6174524093658764E-005
       16200  0.49438476562500006        8.1554174743267481E-004   2.0354287596419141E-005   7.6690492613123198E-005
       16210  0.49468994140625006        8.0946582054646323E-004   2.0501975540444665E-005   7.7192889626205997E-005
       16220  0.49499511718750006        8.0334781760191753E-004   2.0670165419124464E-005   7.7681678298817860E-005
       16230  0.49530029296875006        7.9718922479737918E-004   2.0857724246454645E-005   7.8156827480719540E-005
       16240  0.49560546875000006        7.9099153518780261E-004   2.1063503253828324E-005   7.8618311459393892E-005
       16250  0.49591064453125006        7.8475624868721270E-004   2.1286349073618965E-005   7.9066109730112791E-005
       16260  0.49621582031250006        7.7848487208478586E-004   2.1525113752343971E-005   7.9500206780869304E-005
       16270  0.49652099609375006        7.7217891907519734E-004   2.1778663500230544E-005   7.9920591890961557E-005
       16280  0.49682617187500006        7.6583991030335400E-004   2.2045886145845375E-005   8.0327258942126698E-005
       16290  0.49713134765625006        7.5946937342395986E-004   2.2325697315695858E-005   8.0720206241218493E-005
       16300  0.49743652343750006        7.5306884317658126E-004   2.2617045398572946E-005   8.1099436353514361E-005
       16310  0.49774169921875006        7.4663986147598018E-004   2.2918915383157694E-005   8.1464955945812314E-005
       16320  0.49804687500000006        7.4018397751879459E-004   2.3230331676048239E-005   8.1816775638560274E-005
       16330  0.49835205078125006        7.3370274790643755E-004   2.3550360017273731E-005   8.2154909866313883E-005
       16340  0.49865722656250006        7.2719773678507019E-004   2.3878108613339901E-005   8.2479376745888807E-005
       16350  0.49896240234375006        7.2067051600279233E-004   2.4212728605350750E-005   8.2790197951622892E-005
       16360  0.49926757812500006        7.1412266528451105E-004   2.4553413983467068E-005   8.3087398597219588E-005
       16370  0.49957275390625006        7.0755577242502532E-004   2.4899401050089029E-005   8.3371007123669058E-005
       16380  0.49987792968750006        7.0097143350100028E-004   2.5249967523869207E-005   8.3641055192812527E-005
       16390  0.50018310546875011        6.9437125310140935E-004   2.5604431365712800E-005   8.3897577586130901E-005
       16400  0.50048828125000011        6.8775684457816281E-004   2.5962149397044726E-005   8.4140612108382553E-005
       16410  0.50079345703125011        6.8112983031617025E-004   2.6322515770200376E-005   8.4370199495733647E-005
       16420  0.50109863281250011        6.7449184202388144E-004   2.6684960341088245E-005   8.4586383328079314E-005
       16430  0.50140380859375011        6.6784452104480595E-004   2.7048946985529011E-005   8.4789209945239691E-005
       16440  0.50170898437500011        6.6118951868973663E-004   2.7413971892888132E-005   8.4978728366782197E-005
       16450  0.50201416015625011        6.5452849659076084E-004   2.7779561863837760E-005   8.5154990215203431E-005
       16460  0.50231933593750011        6.4786312707698168E-004   2.8145272633242526E-005   8.5318049642250487E-005
       16470  0.50262451171875011        6.4119509357231841E-004   2.8510687234255051E-005   8.5467963258165520E-005
       16480  0.50292968750000011        6.3452609101530733E-004   2.8875414415534889E-005   8.5604790063662132E-005
       16490  0.50323486328125011        6.2785782630181029E-004   2.9239087120107466E-005   8.5728591384449403E-005
       16500  0.50354003906250011        6.2119201874981410E-004   2.9601361031598822E-005   8.5839430808141591E-005
       16510  0.50384521484375011        6.1453040058700103E-004   2.9961913191289697E-005   8.5937374123391013E-005
       16520  0.50415039062500011        6.0787471746045509E-004   3.0320440687691696E-005   8.6022489261114408E-005
       16530  0.50445556640625011        6.0122672896883501E-004   3.0676659418885397E-005   8.6094846237669924E-005
       16540  0.50476074218750011        5.9458820921617266E-004   3.1030302926814173E-005   8.6154517099867159E-005
       16550  0.50506591796875011        5.8796094738690742E-004   3.1381121301897397E-005   8.6201575871702168E-005
       16560  0.50537109375000011        5.8134674834161779E-004   3.1728880155699522E-005   8.6236098502704249E-005
       16570  0.50567626953125011        5.7474743323254252E-004   3.2073359659013552E-005   8.6258162817803415E-005
       16580  0.50598144531250011        5.6816484013747480E-004   3.2414353642379451E-005   8.6267848468631216E-005
       16590  0.50628662109375011        5.6160082471085960E-004   3.2751668755927716E-005   8.6265236886162719E-005
       16600  0.50659179687500011        5.5505726085054035E-004   3.3085123685314309E-005   8.6250411234637268E-005
       16610  0.50689697265625011        5.4853604137776891E-004   3.3414548420547977E-005   8.6223456366668865E-005
       16620  0.50720214843750011        5.4203907872856243E-004   3.3739783574482375E-005   8.6184458779495757E-005
       16630  0.50750732421875011        5.3556830565302832E-004   3.4060679747881961E-005   8.6133506572299594E-005
       16640  0.50781250000000011        5.2912567591995301E-004   3.4377096938025064E-005   8.6070689404537520E-005
       16650  0.50811767578125011        5.2271316502254452E-004   3.4688903987962086E-005   8.5996098455238165E-005
       16660  0.50842285156250011        5.1633277088108671E-004   3.4995978073658190E-005   8.5909826383210079E-005
       16670  0.50872802734375011        5.0998651453755539E-004   3.5298204226414276E-005   8.5811967288114809E-005
       16680  0.50903320312500011        5.0367644083630821E-004   3.5595474888087384E-005   8.5702616672368823E-005
       16690  0.50933837890625011        4.9740461908489805E-004   3.5887689496789813E-005   8.5581871403827723E-005
       16700  0.50964355468750011        4.9117314368730459E-004   3.6174754100887959E-005   8.5449829679222380E-005
       16710  0.50994873046875011        4.8498413474147562E-004   3.6456580999263211E-005   8.5306590988311673E-005
       16720  0.51025390625000011        4.7883973859232267E-004   3.6733088405931971E-005   8.5152256078716867E-005
       16730  0.51055908203125011        4.7274212832980762E-004   3.7004200137254683E-005   8.4986926921415561E-005
       16740  0.51086425781250011        4.6669350422076021E-004   3.7269845320082126E-005   8.4810706676864876E-005
       16750  0.51116943359375011        4.6069609406179538E-004   3.7529958119316456E-005   8.4623699661725088E-005
       16760  0.51147460937500011        4.5475215343982329E-004   3.7784477483462040E-005   8.4426011316171410E-005
       16770  0.51177978515625011        4.4886396588478868E-004   3.8033346906851125E-005   8.4217748171761724E-005
       16780  0.51208496093750011        4.4303384289780213E-004   3.8276514207323969E-005   8.3999017819850365E-005
       16790  0.51239013671875011        4.3726412383704666E-004   3.8513931318240580E-005   8.3769928880521698E-005
       16800  0.51269531250000011        4.3155717564141287E-004   3.8745554093771234E-005   8.3530590972032522E-005
       16810  0.51300048828125011        4.2591539237108421E-004   3.8971342126512616E-005   8.3281114680747948E-005
       16820  0.51330566406250011        4.2034119454206905E-004   3.9191258576520972E-005   8.3021611531556612E-005
       16830  0.51361083984375011        4.1483702823090577E-004   3.9405270010953984E-005   8.2752193958750370E-005
       16840  0.51391601562500011        4.0940536392319117E-004   3.9613346253542265E-005   8.2472975277360477E-005
       16850  0.51422119140625011        4.0404869507991214E-004   3.9815460243200434E-005   8.2184069654936954E-005
       16860  0.51452636718750011        3.9876953639232513E-004   4.0011587901115390E-005   8.1885592083768115E-005
       16870  0.51483154296875011        3.9357042169696499E-004   4.0201708005709145E-005   8.1577658353524578E-005
       16880  0.51513671875000011        3.8845390152038263E-004   4.0385802074928563E-005   8.1260385024322000E-005
       16890  0.51544189453125011        3.8342254022337565E-004   4.0563854255338198E-005   8.0933889400204830E-005
       16900  0.51574707031250011        3.7847891271427185E-004   4.0735851217546125E-005   8.0598289503032864E-005
       16910  0.51605224609375011        3.7362560070137524E-004   4.0901782057512669E-005   8.0253704046776695E-005
       16920  0.51635742187500011        3.6886518845562628E-004   4.1061638203349772E-005   7.9900252412210603E-005
       16930  0.51666259765625011        3.6420025805656832E-004   4.1215413327217495E-005   7.9538054622007732E-005
       16940  0.51696777343750011        3.5963338409679597E-004   4.1363103261983583E-005   7.9167231316226437E-005
       16950  0.51727294921875011        3.5516712782358650E-004   4.1504705922311384E-005   7.8787903728196678E-005
       16960  0.51757812500000011        3.5080403070103766E-004   4.1640221229882295E-005   7.8400193660796663E-005
       16970  0.51788330078125011        3.4654660738058689E-004   4.1769651042475795E-005   7.8004223463125886E-005
       16980  0.51818847656250011        3.4239733807532623E-004   4.1892999086648046E-005   7.7600116007574168E-005
       16990  0.51849365234375011        3.3835866033974065E-004   4.2010270893772454E-005   7.7187994667286366E-005
       17000  0.51879882812500011        3.3443296026645534E-004   4.2121473739219462E-005   7.6767983294026421E-005
       17010  0.51910400390625011        3.3062256312053120E-004   4.2226616584472375E-005   7.6340206196445488E-005
       17020  0.51940917968750011        3.2692972344294953E-004   4.2325710021987181E-005   7.5904788118757386E-005
       17030  0.51971435546875011        3.2335661466718327E-004   4.2418766222622750E-005   7.5461854219824109E-005
       17040  0.52001953125000011        3.1990531830466078E-004   4.2505798885472431E-005   7.5011530052658263E-005
       17050  0.52032470703125011        3.1657781276876886E-004   4.2586823189950960E-005   7.4553941544349528E-005
       17060  0.52062988281250011        3.1337596192026530E-004   4.2661855749989198E-005   7.4089214976422055E-005
       17070  0.52093505859375011        3.1030150343066377E-004   4.2730914570209068E-005   7.3617476965626713E-005
       17080  0.52124023437500011        3.0735603707294335E-004   4.2794019003952638E-005   7.3138854445189600E-005
       17090  0.52154541015625011        3.0454101306162071E-004   4.2851189713054531E-005   7.2653474646505500E-005
       17100  0.52185058593750011        3.0185772057490231E-004   4.2902448629251008E-005   7.2161465081308374E-005
       17110  0.52215576171875011        2.9930727660087416E-004   4.2947818917123377E-005   7.1662953524321071E-005
       17120  0.52246093750000011        2.9689061525639191E-004   4.2987324938491086E-005   7.1158067996390838E-005
       17130  0.52276611328125011        2.9460847773213951E-004   4.3020992218160612E-005   7.0646936748140551E-005
       17140  0.52307128906250011        2.9246140301748358E-004   4.3048847410953886E-005   7.0129688244136411E-005
       17150  0.52337646484375011        2.9044971955715276E-004   4.3070918269943780E-005   6.9606451147594838E-005
       17160  0.52368164062500011        2.8857353798493929E-004   4.3087233615823697E-005   6.9077354305648367E-005
       17170  0.52398681640625011        2.8683274507071969E-004   4.3097823307350867E-005   6.8542526735184084E-005
       17180  0.52429199218750011        2.8522699900203330E-004   4.3102718212791921E-005   6.8002097609280878E-005
       17190  0.52459716796875011        2.8375572610543929E-004   4.3101950182334865E-005   6.7456196244263054E-005
       17200  0.52490234375000011        2.8241811909188202E-004   4.3095552021388432E-005   6.6904952087402537E-005
       17210  0.52520751953125011        2.8121313688672222E-004   4.3083557464746342E-005   6.6348494705284288E-005
       17220  0.52551269531250011        2.8013950607995078E-004   4.3066001151544447E-005   6.5786953772873868E-005
       17230  0.52581787109375011        2.7919572400535381E-004   4.3042918600994606E-005   6.5220459063311442E-005
       17240  0.52612304687500011        2.7838006342901031E-004   4.3014346188828552E-005   6.4649140438466802E-005
       17250  0.52642822265625011        2.7769057880137134E-004   4.2980321124436672E-005   6.4073127840290269E-005
       17260  0.52673339843750011        2.7712511399952507E-004   4.2940881428653805E-005   6.3492551283000215E-005
       17270  0.52703857421875011        2.7668131146263604E-004   4.2896065912160899E-005   6.2907540846141540E-005
       17280  0.52734375000000011        2.7635662260120291E-004   4.2845914154475649E-005   6.2318226668569204E-005
       17290  0.52764892578125011        2.7614831934196621E-004   4.2790466483501399E-005   6.1724738943395643E-005
       17300  0.52795410156250011        2.7605350665523242E-004   4.2729763955609680E-005   6.1127207913956437E-005
       17310  0.52825927734375011        2.7606913590007612E-004   4.2663848336225101E-005   6.0525763870855594E-005
       17320  0.52856445312500011        2.7619201881605004E-004   4.2592762080897636E-005   5.9920537150139596E-005
       17330  0.52886962890625011        2.7641884198670671E-004   4.2516548316834669E-005   5.9311658132677596E-005
       17340  0.52917480468750011        2.7674618160149661E-004   4.2435250824874660E-005   5.8699257244806723E-005
       17350  0.52947998046875011        2.7717051834744746E-004   4.2348914021883539E-005   5.8083464960327170E-005
       17360  0.52978515625000011        2.7768825226943646E-004   4.2257582943555995E-005   5.7464411803924664E-005
       17370  0.53009033203125011        2.7829571744985898E-004   4.2161303227602639E-005   5.6842228356112586E-005
       17380  0.53039550781250011        2.7898919636961555E-004   4.2060121097313967E-005   5.6217045259788776E-005
       17390  0.53070068359375011        2.7976493382959368E-004   4.1954083345477186E-005   5.5588993228510712E-005
       17400  0.53100585937500011        2.8061915032565515E-004   4.1843237318644248E-005   5.4958203056607029E-005
       17410  0.53131103515625011        2.8154805478786149E-004   4.1727630901726744E-005   5.4324805631245164E-005
       17420  0.53161621093750011        2.8254785661104627E-004   4.1607312502915414E-005   5.3688931946592927E-005
       17430  0.53192138671875011        2.8361477692024072E-004   4.1482331038909894E-005   5.3050713120218396E-005
       17440  0.53222656250000011        2.8474505903035421E-004   4.1352735920446191E-005   5.2410280411885872E-005
       17450  0.53253173828125011        2.8593497807377893E-004   4.1218577038120747E-005   5.1767765244926421E-005
       17460  0.53283691406250011        2.8718084978377172E-004   4.1079904748492242E-005   5.1123299230364647E-005
       17470  0.53314208984375011        2.8847903843308778E-004   4.0936769860462369E-005   5.0477014194018083E-005
       17480  0.53344726562500011        2.8982596393819317E-004   4.0789223621924667E-005   4.9829042206781263E-005
       17490  0.53375244140625011        2.9121810814871599E-004   4.0637317706673670E-005   4.9179515618352673E-005
       17500  0.53405761718750011        2.9265202034931210E-004   4.0481104201573335E-005   4.8528567094664210E-005
       17510  0.53436279296875011        2.9412432200719320E-004   4.0320635593972914E-005   4.7876329659312618E-005
       17520  0.53466796875000011        2.9563171080402602E-004   4.0155964759372791E-005   4.7222936739312430E-005
       17530  0.53497314453125011        2.9717096399395896E-004   3.9987144949330582E-005   4.6568522215519903E-005
       17540  0.53527832031250011        2.9873894113191220E-004   3.9814229779607534E-005   4.5913220478121538E-005
       17550  0.53558349609375011        3.0033258621852625E-004   3.9637273218547972E-005   4.5257166487602835E-005
       17560  0.53588867187500011        3.0194892930770199E-004   3.9456329575697147E-005   4.4600495841668871E-005
       17570  0.53619384765625011        3.0358508762328459E-004   3.9271453490643811E-005   4.3943344848622960E-005
       17580  0.53649902343750011        3.0523826623014930E-004   3.9082699922098100E-005   4.3285850607769818E-005
       17590  0.53680419921875011        3.0690575830376316E-004   3.8890124137193819E-005   4.2628151097457123E-005
       17600  0.53710937500000011        3.0858494504071543E-004   3.8693781701020602E-005   4.1970385271439046E-005
       17610  0.53741455078125011        3.1027329525030534E-004   3.8493728466383880E-005   4.1312693164312001E-005
       17620  0.53771972656250011        3.1196836466546810E-004   3.8290020563791651E-005   4.0655216006844928E-005
       17630  0.53802490234375011        3.1366779500853839E-004   3.8082714391670351E-005   3.9998096352120461E-005
       17640  0.53833007812500011        3.1536931284492767E-004   3.7871866606809978E-005   3.9341478213492116E-005
       17650  0.53863525390625011        3.1707072825552611E-004   3.7657534115042995E-005   3.8685507215466730E-005
       17660  0.53894042968750011        3.1876993335580209E-004   3.7439774062154664E-005   3.8030330758739090E-005
       17670  0.53924560546875011        3.2046490068733967E-004   3.7218643825029499E-005   3.7376098200741148E-005
       17680  0.53955078125000011        3.2215368150499918E-004   3.6994201003039305E-005   3.6722961053199992E-005
       17690  0.53985595703125011        3.2383440398088905E-004   3.6766503409672705E-005   3.6071073198365501E-005
       17700  0.54016113281250011        3.2550527134398859E-004   3.6535609064411951E-005   3.5420591125744894E-005
       17710  0.54046630859375011        3.2716455997198275E-004   3.6301576184864967E-005   3.4771674191377154E-005
       17720  0.54077148437500011        3.2881061745075108E-004   3.6064463179148429E-005   3.4124484901886528E-005
       17730  0.54107666015625011        3.3044186061429804E-004   3.5824328638539560E-005   3.3479189225814613E-005
       17740  0.54138183593750011        3.3205677357691141E-004   3.5581231330395571E-005   3.2835956934969423E-005
       17750  0.54168701171875011        3.3365390576741365E-004   3.5335230191349902E-005   3.2194961978841485E-005
       17760  0.54199218750000011        3.3523186997454115E-004   3.5086384320793732E-005   3.1556382895439334E-005
       17770  0.54229736328125011        3.3678934041063592E-004   3.4834752974647605E-005   3.0920403262256306E-005
       17780  0.54260253906250011        3.3832505080031138E-004   3.4580395559440323E-005   3.0287212191457225E-005
       17790  0.54290771484375011        3.3983779249902133E-004   3.4323371626695986E-005   2.9657004873783330E-005
       17800  0.54321289062500011        3.4132641264659835E-004   3.4063740867645257E-005   2.9029983176117958E-005
       17810  0.54351806640625011        3.4278981235883919E-004   3.3801563108272045E-005   2.8406356298124988E-005
       17820  0.54382324218750011        3.4422694496051397E-004   3.3536898304706667E-005   2.7786341493878763E-005
       17830  0.54412841796875011        3.4563681426182357E-004   3.3269806538980509E-005   2.7170164864909870E-005
       17840  0.54443359375000011        3.4701847288018953E-004   3.3000348015157473E-005   2.6558062231627057E-005
       17850  0.54473876953125011        3.4837102060879515E-004   3.2728583055854095E-005   2.5950280090590580E-005
       17860  0.54504394531250011        3.4969360283226646E-004   3.2454572099170627E-005   2.5347076665611362E-005
       17870  0.54534912109375011        3.5098540899048677E-004   3.2178375696049590E-005   2.4748723061085890E-005
       17880  0.54565429687500011        3.5224567109048689E-004   3.1900054508076027E-005   2.4155504526305897E-005
       17890  0.54595947265625011        3.5347366226597338E-004   3.1619669305753002E-005   2.3567721839677187E-005
       17900  0.54626464843750011        3.5466869538479861E-004   3.1337280967260208E-005   2.2985692821718152E-005
       17910  0.54656982421875011        3.5583012170323583E-004   3.1052950477733303E-005   2.2409753985325314E-005
       17920  0.54687500000000011        3.5695732956660662E-004   3.0766738929079210E-005   2.1840262330947473E-005
       17930  0.54718017578125011        3.5804974315533034E-004   3.0478707520364997E-005   2.1277597292819574E-005
       17940  0.54748535156250011        3.5910682127556637E-004   3.0188917558803863E-005   2.0722162840057853E-005
       17950  0.54779052734375011        3.6012805619316566E-004   2.9897430461374796E-005   2.0174389732946586E-005
       17960  0.54809570312500011        3.6111297250998196E-004   2.9604307757110499E-005   1.9634737929791076E-005
       17970  0.54840087890625011        3.6206112608122521E-004   2.9309611090088169E-005   1.9103699132833034E-005
       17980  0.54870605468750011        3.6297210297292341E-004   2.9013402223169832E-005   1.8581799452464336E-005
       17990  0.54901123046875011        3.6384551845776414E-004   2.8715743042528709E-005   1.8069602156669934E-005
       18000  0.54931640625000011        3.6468101604857458E-004   2.8416695563016449E-005   1.7567710456654220E-005
       18010  0.54962158203125011        3.6547826656781136E-004   2.8116321934414443E-005   1.7076770259216548E-005
       18020  0.54992675781250011        3.6623696725196140E-004   2.7814684448632003E-005   1.6597472790896786E-005
       18030  0.55023193359375011        3.6695684088956196E-004   2.7511845547901225E-005   1.6130556967633462E-005
       18040  0.55053710937500011        3.6763763499163271E-004   2.7207867834041360E-005   1.5676811346252339E-005
       18050  0.55084228515625011        3.6827912099323345E-004   2.6902814078852870E-005   1.5237075450692657E-005
       18060  0.55114746093750011        3.6888109348493100E-004   2.6596747235723510E-005   1.4812240217343512E-005
       18070  0.55145263671875011        3.6944336947332846E-004   2.6289730452518799E-005   1.4403247252439774E-005
       18080  0.55175781250000011        3.6996578766891706E-004   2.5981827085848070E-005   1.4011086543914274E-005
       18090  0.55206298828125011        3.7044820780066974E-004   2.5673100716796109E-005   1.3636792226621962E-005
       18100  0.55236816406250011        3.7089050995606850E-004   2.5363615168225473E-005   1.3281435972212525E-005
       18110  0.55267333984375011        3.7129259394568556E-004   2.5053434523753742E-005   1.2946117574799185E-005
       18120  0.55297851562500011        3.7165437869097264E-004   2.4742623148524265E-005   1.2631952345083605E-005
       18130  0.55328369140625011        3.7197580163467756E-004   2.4431245711900879E-005   1.2340055023903481E-005
       18140  0.55358886718750011        3.7225681817266802E-004   2.4119367212222405E-005   1.2071520095143685E-005
       18150  0.55389404296875011        3.7249740110654561E-004   2.3807053003763993E-005   1.1827398625706912E-005
       18160  0.55419921875000011        3.7269754011574863E-004   2.3494368826069640E-005   1.1608672084720609E-005
       18170  0.55450439453125011        3.7285724124876352E-004   2.3181380835832254E-005   1.1416223977062017E-005
       18180  0.55480957031250011        3.7297652643241807E-004   2.2868155641504305E-005   1.1250810530100615E-005
       18190  0.55511474609375011        3.7305543299835919E-004   2.2554760340850849E-005   1.1113032040224781E-005
       18200  0.55541992187500011        3.7309401322642140E-004   2.2241262561664145E-005   1.1003306747086549E-005
       18210  0.55572509765625011        3.7309233390354018E-004   2.1927730505879476E-005   1.0921849188297479E-005
       18220  0.55603027343750011        3.7305047589825785E-004   2.1614232997357190E-005   1.0868654843104875E-005
       18230  0.55633544921875011        3.7296853374945289E-004   2.1300839533607851E-005   1.0843492484068498E-005
       18240  0.55664062500000011        3.7284661526931382E-004   2.0987620341771740E-005   1.0845905052768024E-005
       18250  0.55694580078125011        3.7268484115954005E-004   2.0674646439181507E-005   1.0875219138241134E-005
       18260  0.55725097656250011        3.7248334464040183E-004   2.0361989698865772E-005   1.0930562377044334E-005
       18270  0.55755615234375011        3.7224227109197488E-004   2.0049722920386020E-005   1.1010887430060831E-005
       18280  0.55786132812500011        3.7196177770737997E-004   1.9737919906423657E-005   1.1115000720385014E-005
       18290  0.55816650390625011        3.7164203315696897E-004   1.9426655545570186E-005   1.1241593892702900E-005
       18300  0.55847167968750011        3.7128321726360519E-004   1.9116005901813558E-005   1.1389275980478410E-005
       18310  0.55877685546875011        3.7088552068817703E-004   1.8806048311250267E-005   1.1556604501630074E-005
       18320  0.55908203125000011        3.7044914462498616E-004   1.8496861486585306E-005   1.1742114077075599E-005
       18330  0.55938720703125011        3.6997430050695560E-004   1.8188525630043474E-005   1.1944341602653151E-005
       18340  0.55969238281250011        3.6946120971954064E-004   1.7881122555340697E-005   1.2161847435481151E-005
       18350  0.55999755859375011        3.6891010332404758E-004   1.7574735819426330E-005   1.2393232431810782E-005
       18360  0.56030273437500011        3.6832122178880386E-004   1.7269450864745417E-005   1.2637150967726650E-005
       18370  0.56060791015625011        3.6769481472884603E-004   1.6965355172820948E-005   1.2892320278928014E-005
       18380  0.56091308593750011        3.6703114065323123E-004   1.6662538430014476E-005   1.3157526577625748E-005
       18390  0.56121826171875011        3.6633046672006228E-004   1.6361092706354059E-005   1.3431628457588918E-005
       18400  0.56152343750000011        3.6559306849851263E-004   1.6061112648376911E-005   1.3713558100076365E-005
       18410  0.56182861328125011        3.6481922973798461E-004   1.5762695686968755E-005   1.4002320760538564E-005
       18420  0.56213378906250011        3.6400924214397516E-004   1.5465942261214358E-005   1.4296992962993403E-005
       18430  0.56243896484375011        3.6316340516022086E-004   1.5170956059302603E-005   1.4596719766928959E-005
       18440  0.56274414062500011        3.6228202575753831E-004   1.4877844277527522E-005   1.4900711408184038E-005
       18450  0.56304931640625011        3.6136541822823779E-004   1.4586717898424114E-005   1.5208239555536280E-005
       18460  0.56335449218750011        3.6041390398657241E-004   1.4297691989040881E-005   1.5518633371408590E-005
       18470  0.56365966796875011        3.5942781137494032E-004   1.4010886020277335E-005   1.5831275519363500E-005
       18480  0.56396484375000011        3.5840747547526711E-004   1.3726424208103939E-005   1.6145598223124204E-005
       18490  0.56427001953125011        3.5735323792606273E-004   1.3444435877316313E-005   1.6461079451131330E-005
       18500  0.56457519531250011        3.5626544674414545E-004   1.3165055848238786E-005   1.6777239276392593E-005
       18510  0.56488037109375011        3.5514445615179076E-004   1.2888424846468128E-005   1.7093636442668841E-005
       18520  0.56518554687500011        3.5399062640843108E-004   1.2614689935327641E-005   1.7409865153849954E-005
       18530  0.56549072265625011        3.5280432364713141E-004   1.2344004970128237E-005   1.7725552092929093E-005
       18540  0.56579589843750011        3.5158591971573880E-004   1.2076531072638706E-005   1.8040353669444185E-005
       18550  0.56610107421875011        3.5033579202230149E-004   1.1812437123242630E-005   1.8353953489034881E-005
       18560  0.56640625000000011        3.4905432338495207E-004   1.1551900267129521E-005   1.8666060035255407E-005
       18570  0.56671142578125011        3.4774190188609997E-004   1.1295106429469415E-005   1.8976404551639491E-005
       18580  0.56701660156250011        3.4639892073063094E-004   1.1042250832805885E-005   1.9284739110814161E-005
       18590  0.56732177734375011        3.4502577810820395E-004   1.0793538507822012E-005   1.9590834856979508E-005
       18600  0.56762695312500011        3.4362287705965811E-004   1.0549184786186302E-005   1.9894480408100392E-005
       18610  0.56793212890625011        3.4219062534713006E-004   1.0309415761235956E-005   2.0195480404509148E-005
       18620  0.56823730468750011        3.4072943532802489E-004   1.0074468698919379E-005   2.0493654191229181E-005
       18630  0.56854248046875011        3.3923972383300153E-004   9.8445923775272199E-006   2.0788834622051472E-005
       18640  0.56884765625000011        3.3772191204740545E-004   9.6200473304454400E-006   2.1080866974192624E-005
       18650  0.56915283203125011        3.3617642539637735E-004   9.4011059614609380E-006   2.1369607963229908E-005
       18660  0.56945800781250011        3.3460369343381525E-004   9.1880524971432131E-006   2.1654924848812395E-005
       18670  0.56976318359375011        3.3300414973459541E-004   8.9811827358367968E-006   2.1936694622478011E-005
       18680  0.57006835937500011        3.3137823179054434E-004   8.7808035479553364E-006   2.2214803269678537E-005
       18690  0.57037353515625011        3.2972638090995648E-004   8.5872320781725222E-006   2.2489145098829833E-005
       18700  0.57067871093750011        3.2804904212034190E-004   8.4007945972096964E-006   2.2759622130897282E-005
       18710  0.57098388671875011        3.2634666407490247E-004   8.2218249499729024E-006   2.3026143543643334E-005
       18720  0.57128906250000011        3.2461969896237816E-004   8.0506625486733301E-006   2.3288625165234320E-005
       18730  0.57159423828125011        3.2286860242024951E-004   7.8876498651308696E-006   2.3546989012429121E-005
       18740  0.57189941406250011        3.2109383345154888E-004   7.7331293867846407E-006   2.3801162869048141E-005
       18750  0.57220458984375011        3.1929585434490243E-004   7.5874400167558497E-006   2.4051079900850873E-005
       18760  0.57250976562500011        3.1747513059817573E-004   7.4509129203748887E-006   2.4296678303328940E-005
       18770  0.57281494140625011        3.1563213084550900E-004   7.3238668489100957E-006   2.4537900979287250E-005
       18780  0.57312011718750011        3.1376732678786983E-004   7.2066030053822841E-006   2.4774695243386737E-005
       18790  0.57342529296875011        3.1188119312690311E-004   7.0993995558131444E-006   2.5007012551111056E-005
       18800  0.57373046875000011        3.0997420750258388E-004   7.0025059296540916E-006   2.5234808249873245E-005
       18810  0.57403564453125011        3.0804685043413725E-004   6.9161370919276507E-006   2.5458041350206834E-005
       18820  0.57434082031250011        3.0609960526476436E-004   6.8404680026043273E-006   2.5676674315186231E-005
       18830  0.57464599609375011        3.0413295810963480E-004   6.7756285011551857E-006   2.5890672866411766E-005
       18840  0.57495117187500011        3.0214739780794382E-004   6.7216988617656284E-006   2.6100005805051570E-005
       18850  0.57525634765625011        3.0014341587831855E-004   6.6787062538955669E-006   2.6304644846585852E-005
       18860  0.57556152343750011        2.9812150647816712E-004   6.6466223122748923E-006   2.6504564468027715E-005
       18870  0.57586669921875011        2.9608216636665746E-004   6.6253619707712938E-006   2.6699741766513934E-005
       18880  0.57617187500000011        2.9402589487175515E-004   6.6147836493659488E-006   2.6890156328271009E-005
       18890  0.57647705078125011        2.9195319386101103E-004   6.6146908084576918E-006   2.7075790107044790E-005
       18900  0.57678222656250011        2.8986456771634152E-004   6.6248348072356304E-006   2.7256627311183011E-005
       18910  0.57708740234375011        2.8776052331305367E-004   6.6449189307418462E-006   2.7432654298623180E-005
       18920  0.57739257812500011        2.8564157000274628E-004   6.6746033905206104E-006   2.7603859479122743E-005
       18930  0.57769775390625011        2.8350821960067084E-004   6.7135110617376712E-006   2.7770233223116448E-005
       18940  0.57800292968750011        2.8136098637712264E-004   6.7612336980391420E-006   2.7931767776645315E-005
       18950  0.57830810546875011        2.7920038705356190E-004   6.8173383643116164E-006   2.8088457181865217E-005
       18960  0.57861328125000011        2.7702694080300049E-004   6.8813738445692412E-006   2.8240297202669851E-005
       18970  0.57891845703125011        2.7484116925489326E-004   6.9528768133842807E-006   2.8387285255013662E-005
       18980  0.57922363281250011        2.7264359650505524E-004   7.0313775997322692E-006   2.8529420341561828E-005
       18990  0.57952880859375011        2.7043474912997702E-004   7.1164054167037026E-006   2.8666702990316895E-005
       19000  0.57983398437500011        2.6821515620633777E-004   7.2074929750108518E-006   2.8799135196909664E-005
       19010  0.58013916015625011        2.6598534933538510E-004   7.3041804390025142E-006   2.8926720370267849E-005
       19020  0.58044433593750011        2.6374586267248154E-004   7.4060187188316621E-006   2.9049463281403585E-005
       19030  0.58074951171875011        2.6149723296188705E-004   7.5125721202100332E-006   2.9167370015071731E-005
       19040  0.58105468750000011        2.5923999957694322E-004   7.6234203937759071E-006   2.9280447924093613E-005
       19050  0.58135986328125011        2.5697470456564946E-004   7.7381602397280733E-006   2.9388705586126009E-005
       19060  0.58166503906250011        2.5470189270195909E-004   7.8564063311213790E-006   2.9492152762716683E-005
       19070  0.58197021484375011        2.5242211154277337E-004   7.9777919220658350E-006   2.9590800360457471E-005
       19080  0.58227539062500011        2.5013591149067473E-004   8.1019691062361596E-006   2.9684660394086955E-005
       19090  0.58258056640625011        2.4784384586278393E-004   8.2286087875764941E-006   2.9773745951407673E-005
       19100  0.58288574218750011        2.4554647096560871E-004   8.3574004199229794E-006   2.9858071159879693E-005
       19110  0.58319091796875011        2.4324434617608177E-004   8.4880515661147009E-006   2.9937651154771729E-005
       19120  0.58349609375000011        2.4093803402901087E-004   8.6202873206469502E-006   3.0012502048765774E-005
       19130  0.58380126953125011        2.3862810031077410E-004   8.7538496334856259E-006   3.0082640902907481E-005
       19140  0.58410644531250011        2.3631511415957726E-004   8.8884965665450074E-006   3.0148085698809604E-005
       19150  0.58441162109375011        2.3399964817246680E-004   9.0240015087411829E-006   3.0208855312031313E-005
       19160  0.58471679687500011        2.3168227851864444E-004   9.1601523705544726E-006   3.0264969486539612E-005
       19170  0.58502197265625011        2.2936358505975613E-004   9.2967507746990631E-006   3.0316448810192003E-005
       19180  0.58532714843750011        2.2704415147682623E-004   9.4336112557547924E-006   3.0363314691169049E-005
       19190  0.58563232421875011        2.2472456540397940E-004   9.5705604785161661E-006   3.0405589335292909E-005
       19200  0.58593750000000011        2.2240541856886759E-004   9.7074364822196157E-006   3.0443295724175524E-005
       19210  0.58624267578125011        2.2008730693977654E-004   9.8440879556478150E-006   3.0476457594144804E-005
       19220  0.58654785156250011        2.1777083087946774E-004   9.9803735464628600E-006   3.0505099415894998E-005
       19230  0.58685302734375011        2.1545659530544369E-004   1.0116161206709268E-005   3.0529246374825095E-005
       19240  0.58715820312500011        2.1314520985665688E-004   1.0251327575377773E-005   3.0548924352011660E-005
       19250  0.58746337890625011        2.1083728906627730E-004   1.0385757398123687E-005   3.0564159905782376E-005
       19260  0.58776855468750011        2.0853345254050415E-004   1.0519342983573992E-005   3.0574980253860473E-005
       19270  0.58807373046875011        2.0623432514285388E-004   1.0651983695243541E-005   3.0581413256031348E-005
       19280  0.58837890625000011        2.0394053718370627E-004   1.0783585477728936E-005   3.0583487397317813E-005
       19290  0.58868408203125011        2.0165272461452396E-004   1.0914060415637951E-005   3.0581231771621004E-005
       19300  0.58898925781250011        1.9937152922613153E-004   1.1043326323589153E-005   3.0574676065808610E-005
       19310  0.58929443359375011        1.9709759885076330E-004   1.1171306365516959E-005   3.0563850544222298E-005
       19320  0.58959960937500011        1.9483158756641763E-004   1.1297928701513807E-005   3.0548786033582061E-005
       19330  0.58990478515625011        1.9257415590331735E-004   1.1423126160445574E-005   3.0529513908266011E-005
       19340  0.59020996093750011        1.9032597105092888E-004   1.1546835936613346E-005   3.0506066075945143E-005
       19350  0.59051513671875011        1.8808770706466810E-004   1.1668999308799581E-005   3.0478474963557927E-005
       19360  0.59082031250000011        1.8586004507069044E-004   1.1789561380103235E-005   3.0446773503600322E-005
       19370  0.59112548828125011        1.8364367346736802E-004   1.1908470837039259E-005   3.0410995120726810E-005
       19380  0.59143066406250011        1.8143928812159281E-004   1.2025679726487782E-005   3.0371173718634083E-005
       19390  0.59173583984375011        1.7924759255807696E-004   1.2141143249135716E-005   3.0327343667224686E-005
       19400  0.59204101562500011        1.7706929813919608E-004   1.2254819568164328E-005   3.0279539790033217E-005
       19410  0.59234619140625011        1.7490512423314145E-004   1.2366669631999336E-005   3.0227797351904714E-005
       19420  0.59265136718750011        1.7275579836748589E-004   1.2476657010046821E-005   3.0172152046908364E-005
       19430  0.59295654296875011        1.7062205636498811E-004   1.2584747740392448E-005   3.0112639986490698E-005
       19440  0.59326171875000011        1.6850464245869341E-004   1.2690910188535756E-005   3.0049297687841300E-005
       19450  0.59356689453125011        1.6640430938179025E-004   1.2795114916297666E-005   2.9982162062475878E-005
       19460  0.59387207031250011        1.6432181842898676E-004   1.2897334560093776E-005   2.9911270405019965E-005
       19470  0.59417724609375011        1.6225793948438565E-004   1.2997543717846641E-005   2.9836660382193272E-005
       19480  0.59448242187500011        1.6021345101109675E-004   1.3095718843858020E-005   2.9758370021980614E-005
       19490  0.59478759765625011        1.5818913999722005E-004   1.3191838151016381E-005   2.9676437702988331E-005
       19500  0.59509277343750011        1.5618580185264069E-004   1.3285881519765575E-005   2.9590902143978549E-005
       19510  0.59539794921875011        1.5420424025034581E-004   1.3377830413311383E-005   2.9501802393574447E-005
       19520  0.59570312500000011        1.5224526690560359E-004   1.3467667798577575E-005   2.9409177820134325E-005
       19530  0.59600830078125011        1.5030970128610633E-004   1.3555378072468407E-005   2.9313068101789621E-005
       19540  0.59631347656250011        1.4839837024557394E-004   1.3640946993027518E-005   2.9213513216639681E-005
       19550  0.59661865234375011        1.4651210757312465E-004   1.3724361615119743E-005   2.9110553433105412E-005
       19560  0.59692382812500011        1.4465175345007447E-004   1.3805610230284475E-005   2.9004229300430933E-005
       19570  0.59722900390625011        1.4281815380591536E-004   1.3884682310450957E-005   2.8894581639337430E-005
       19580  0.59753417968750011        1.4101215956473814E-004   1.3961568455219888E-005   2.8781651532825139E-005
       19590  0.59783935546875011        1.3923462577329157E-004   1.4036260342439566E-005   2.8665480317114032E-005
       19600  0.59814453125000011        1.3748641060198642E-004   1.4108750681839711E-005   2.8546109572731785E-005
       19610  0.59844970703125011        1.3576837421007821E-004   1.4179033171486180E-005   2.8423581115742293E-005
       19620  0.59875488281250011        1.3408137746654070E-004   1.4247102456852101E-005   2.8297936989110375E-005
       19630  0.59906005859375011        1.3242628051875286E-004   1.4312954092316863E-005   2.8169219454207527E-005
       19640  0.59936523437500011        1.3080394120159708E-004   1.4376584504910138E-005   2.8037470982454510E-005
       19650  0.59967041015625011        1.2921521328047622E-004   1.4437990960142851E-005   2.7902734247097999E-005
       19660  0.59997558593750011        1.2766094452277180E-004   1.4497171529772232E-005   2.7765052115130285E-005
       19670  0.60028076171875011        1.2614197459400006E-004   1.4554125061364249E-005   2.7624467639337307E-005
       19680  0.60058593750000011        1.2465913277605979E-004   1.4608851149524112E-005   2.7481024050489993E-005
       19690  0.60089111328125011        1.2321323550736773E-004   1.4661350108682918E-005   2.7334764749669901E-005
       19700  0.60119628906250011        1.2180508374705607E-004   1.4711622947323202E-005   2.7185733300731984E-005
       19710  0.60150146484375011        1.2043546016735850E-004   1.4759671343552488E-005   2.7033973422910396E-005
       19720  0.60180664062500011        1.1910512618171559E-004   1.4805497621922658E-005   2.6879528983559245E-005
       19730  0.60211181640625011        1.1781481881994480E-004   1.4849104731419675E-005   2.6722443991039686E-005
       19740  0.60241699218750011        1.1656524746347378E-004   1.4890496224538781E-005   2.6562762587748195E-005
       19750  0.60272216796875011        1.1535709045911786E-004   1.4929676237369242E-005   2.6400529043290948E-005
       19760  0.60302734375000011        1.1419099163256449E-004   1.4966649470632286E-005   2.6235787747809012E-005
       19770  0.60333251953125011        1.1306755672693429E-004   1.5001421171592665E-005   2.6068583205450413E-005
       19780  0.60363769531250011        1.1198734979552948E-004   1.5033997116806743E-005   2.5898960027999587E-005
       19790  0.60394287109375011        1.1095088958129135E-004   1.5064383595632247E-005   2.5726962928661837E-005
       19800  0.60424804687500011        1.0995864591940164E-004   1.5092587394466072E-005   2.5552636716009685E-005
       19810  0.60455322265625011        1.0901103620188106E-004   1.5118615781655742E-005   2.5376026288097190E-005
       19820  0.60485839843750011        1.0810842194589062E-004   1.5142476493041735E-005   2.5197176626737981E-005
       19830  0.60516357421875011        1.0725110550934141E-004   1.5164177718098863E-005   2.5016132791962833E-005
       19840  0.60546875000000011        1.0643932699822642E-004   1.5183728086625499E-005   2.4832939916654147E-005
       19850  0.60577392578125011        1.0567326141061579E-004   1.5201136655961121E-005   2.4647643201367523E-005
       19860  0.60607910156250011        1.0495301606141734E-004   1.5216412898691913E-005   2.4460287909343247E-005
       19870  0.60638427734375011        1.0427862833047765E-004   1.5229566690817820E-005   2.4270919361718505E-005
       19880  0.60668945312500011        1.0365006377335101E-004   1.5240608300349258E-005   2.4079582932941322E-005
       19890  0.60699462890625011        1.0306721463100018E-004   1.5249548376314587E-005   2.3886324046402038E-005
       19900  0.60729980468750011        1.0252989876933221E-004   1.5256397938150038E-005   2.3691188170283179E-005
       19910  0.60760498046875011        1.0203785907396710E-004   1.5261168365451421E-005   2.3494220813642289E-005
       19920  0.60791015625000011        1.0159076331930698E-004   1.5263871388063197E-005   2.3295467522734509E-005
       19930  0.60821533203125011        1.0118820452367472E-004   1.5264519076494527E-005   2.3094973877586335E-005
       19940  0.60852050781250011        1.0082970179482269E-004   1.5263123832633058E-005   2.2892785488833855E-005
       19950  0.60882568359375011        1.0051470166249725E-004   1.5259698380750072E-005   2.2688947994832638E-005
       19960  0.60913085937500011        1.0024257988656979E-004   1.5254255758773692E-005   2.2483507059057978E-005
       19970  0.60943603515625011        1.0001264372213234E-004   1.5246809309822227E-005   2.2276508367808436E-005
       19971  0.60946655273437511        9.9991941664076886E-005   1.5245954977057416E-005   2.2255724581686077E-005
