       19971  0.60946655273437511     
   103.87367857095050        988.57043418195542        1028.8251230872875     
   0.0000000000000000        0.0000000000000000       0.75072585363573463       0.50000000000000000       0.71666666666666667     
   7.8125000000000004E-004   0.0000000000000000       0.75034659185452124       0.50245425974397295       0.71663262255526927     
   1.5625000000000001E-003   0.0000000000000000       0.74996733007330785       0.50490786242326635       0.71653050412909547     
   2.3437500000000003E-003   0.0000000000000000       0.74893247873213142       0.50736015114911270       0.71636035310651813     
   3.1250000000000002E-003   0.0000000000000000       0.74783180426187168       0.50981046938452146       0.71612223899922167     
   3.9062500000000000E-003   0.0000000000000000       0.74634965848143464       0.51225816112005029       0.71581625908380431     
   4.6875000000000007E-003   0.0000000000000000       0.74464612425422705       0.51470257104943407       0.71544253836203808     
   5.4687500000000005E-003   0.0000000000000000       0.74261565914767069       0.51714304474502693       0.71500122950980172     
   6.2500000000000003E-003   0.0000000000000000       0.74031334546604743       0.51957892883300771       0.71449251281470760     
   7.0312500000000002E-003   0.0000000000000000       0.73770860995228626       0.52200957116830426       0.71391659610244995     
   7.8125000000000000E-003   0.0000000000000000       0.73482054373716699       0.52443432100918830       0.71327371465190137     
   8.5937500000000007E-003   0.0000000000000000       0.73164046171201957       0.52685252919149494       0.71256413109899419     
   9.3750000000000014E-003   0.0000000000000000       0.72817541330511804       0.52926354830241928       0.71178813532942697     
   1.0156250000000000E-002   0.0000000000000000       0.72442405983182301       0.53166673285384469       0.71094604436023667     
   1.0937500000000001E-002   0.0000000000000000       0.72039000849912915       0.53406143945515594       0.71003820221028835     
   1.1718750000000000E-002   0.0000000000000000       0.71607460534519973       0.53644702698548952       0.70906497975973348     
   1.2500000000000001E-002   0.0000000000000000       0.71148070351221115       0.53882285676537811       0.70802677459849428     
   1.3281250000000001E-002   0.0000000000000000       0.70661071046980151       0.54118829272773983       0.70692401086383672     
   1.4062500000000000E-002   0.0000000000000000       0.70146753901644365       0.54354270158816931       0.70575713906709803     
   1.4843750000000001E-002   0.0000000000000000       0.69605414188375581       0.54588545301448299       0.70452663590963926     
   1.5625000000000000E-002   0.0000000000000000       0.69037371626596500       0.54821591979547424       0.70323300408809941     
   1.6406250000000001E-002   0.0000000000000000       0.68442960538146480       0.55053347800883301       0.70187677208902832     
   1.7187500000000001E-002   0.0000000000000000       0.67822533403612673       0.55283750718818503       0.70045849397298532     
   1.7968750000000002E-002   0.0000000000000000       0.67176458618310431       0.55512739048920556       0.69897874914818825     
   1.8750000000000003E-002   0.0000000000000000       0.66505120990486843       0.55740251485476344       0.69743814213380928     
   1.9531250000000000E-002   0.0000000000000000       0.65808920795480330       0.55966227117905165       0.69583730231300989     
   2.0312500000000001E-002   0.0000000000000000       0.65088273814342745       0.56190605447065911       0.69417688367582053     
   2.1093750000000001E-002   0.0000000000000000       0.64343610653808092       0.56413326401454222       0.69245756455196583     
   2.1875000000000002E-002   0.0000000000000000       0.63575376644899995       0.56634330353285023       0.69068004733374699     
   2.2656250000000003E-002   0.0000000000000000       0.62784031307080790       0.56853558134456317       0.68884505818909447     
   2.3437500000000000E-002   0.0000000000000000       0.61970048137986189       0.57070951052389973       0.68695334676490638     
   2.4218750000000001E-002   0.0000000000000000       0.61133914178413262       0.57286450905745090       0.68500568588079624     
   2.5000000000000001E-002   0.0000000000000000       0.60276129723672744       0.57499999999999996       0.68300287121337322     
   2.5781250000000002E-002   0.0000000000000000       0.59397207949717346       0.57711541162898317       0.68094572097118522     
   2.6562500000000003E-002   0.0000000000000000       0.58497674568006153       0.57921017759755511       0.67883507556045608     
   2.7343750000000000E-002   0.0000000000000000       0.57578067499734920       0.58128373708621273       0.67667179724175586     
   2.8125000000000001E-002   0.0000000000000000       0.56638936460414413       0.58333553495294033       0.67445676977774127     
   2.8906250000000001E-002   0.0000000000000000       0.55680842722865675       0.58536502188183470       0.67219089807211296     
   2.9687500000000002E-002   0.0000000000000000       0.54704358544103127       0.58737165453017037       0.66987510779993620     
   3.0468750000000003E-002   0.0000000000000000       0.53710067168005193       0.58935489567386501       0.66751034502947482     
   3.1250000000000000E-002   0.0000000000000000       0.52698561844983660       0.59131421435130815       0.66509757583569529     
   3.2031250000000004E-002   0.0000000000000000       0.51670446467977660       0.59324908600551163       0.66263778590559574     
   3.2812500000000001E-002   0.0000000000000000       0.50626333583220695       0.59515899262454686       0.66013198013552532     
   3.3593749999999999E-002   0.0000000000000000       0.49566846557913369       0.59704342288022860       0.65758118222065309     
   3.4375000000000003E-002   0.0000000000000000       0.48492615288318425       0.59890187226501035       0.65498643423675962     
   3.5156250000000000E-002   0.0000000000000000       0.47404281725227049       0.60073384322705281       0.65234879621451769     
   3.5937500000000004E-002   0.0000000000000000       0.46302490816246022       0.60253884530343060       0.64966934570643919     
   3.6718750000000001E-002   0.0000000000000000       0.45187902639445388       0.60431639525144165       0.64694917734666302     
   3.7500000000000006E-002   0.0000000000000000       0.44061174555835569       0.60606601717798214       0.64418940240376532     
   3.8281250000000003E-002   0.0000000000000000       0.42922984791307017       0.60778724266695461       0.64139114832677302     
   3.9062500000000000E-002   0.0000000000000000       0.41774000594999883       0.60947961090467540       0.63855555828456823     
   3.9843750000000004E-002   0.0000000000000000       0.40614918626348578       0.61114266880324386       0.63568379069887027     
   4.0625000000000001E-002   0.0000000000000000       0.39446415110668925       0.61277597112184656       0.63277701877098635     
   4.1406250000000006E-002   0.0000000000000000       0.38269205399508444       0.61437908058595814       0.62983643000252432     
   4.2187500000000003E-002   0.0000000000000000       0.37083978885533586       0.61595156800441053       0.62686322571026343     
   4.2968750000000000E-002   0.0000000000000000       0.35891468955054634       0.61749301238429755       0.62385862053538110     
   4.3750000000000004E-002   0.0000000000000000       0.34692397144483067       0.61900300104368533       0.62082384194723705     
   4.4531250000000001E-002   0.0000000000000000       0.33487504064613127       0.62048112972209668       0.61776012974191474     
   4.5312500000000006E-002   0.0000000000000000       0.32277623834187874       0.62192700268874224       0.61466873553572976     
   4.6093750000000003E-002   0.0000000000000000       0.31063460775902541       0.62334023284846629       0.61155092225390661     
   4.6875000000000000E-002   0.0000000000000000       0.29846268474190263       0.62472044184538178       0.60840796361463767     
   4.7656250000000004E-002   0.0000000000000000       0.28626685704951571       0.62606726016416570       0.60524114360873116     
   4.8437500000000001E-002   0.0000000000000000       0.27406860954503087       0.62738032722898684       0.60205175597506400     
   4.9218750000000006E-002   0.0000000000000000       0.26187034485921978       0.62865929150004085       0.59884110367205068     
   5.0000000000000003E-002   0.0000000000000000       0.24967208017340869       0.62990381056766576       0.59561049834534718     
   0.0000000000000000        7.8125000000000004E-004  0.75461821938028173       0.49998494036782892       0.71665830014601695     
   7.8125000000000004E-004   7.8125000000000004E-004  0.75424150654503275       0.50253503702691749       0.71664158891264629     
   1.5625000000000001E-003   7.8125000000000004E-004  0.75386479370978376       0.50507037238452090       0.71655070986761760     
   2.3437500000000003E-003   7.8125000000000004E-004  0.75301866753828228       0.50760351791939518       0.71638002470105988     
   3.1250000000000002E-003   7.8125000000000004E-004  0.75198817859809464       0.51013224832826709       0.71614212685724354     
   3.9062500000000000E-003   7.8125000000000004E-004  0.75060895455317400       0.51265881090176590       0.71583500684568058     
   4.6875000000000007E-003   7.8125000000000004E-004  0.74897188831258277       0.51518110429034480       0.71546111547328251     
   5.4687500000000005E-003   7.8125000000000004E-004  0.74702366985796087       0.51769929431940431       0.71501910955987835     
   6.2500000000000003E-003   7.8125000000000004E-004  0.74479420765953464       0.52021235373453656       0.71450979150530591     
   7.0312500000000002E-003   7.8125000000000004E-004  0.74226752719907163       0.52271998168540024       0.71393297521611510     
   7.8125000000000000E-003   7.8125000000000004E-004  0.73945414356761807       0.52522145194976555       0.71328916531287734     
   8.5937500000000007E-003   7.8125000000000004E-004  0.73635007590111046       0.52771624437175668       0.71257852792227960     
   9.3750000000000014E-003   7.8125000000000004E-004  0.73295983920180363       0.53020369445184212       0.71180144353901087     
   1.0156250000000000E-002   7.8125000000000004E-004  0.72928361461415137       0.53268320428126459       0.71095820134608434     
   1.0937500000000001E-002   7.8125000000000004E-004  0.72532429178724622       0.53515413122691458       0.71004917395507883     
   1.1718750000000000E-002   7.8125000000000004E-004  0.72108365414761699       0.53761585424151193       0.70907472759873535     
   1.2500000000000001E-002   7.8125000000000004E-004  0.71656437097516212       0.54006773973125077       0.70803527063332450     
   1.3281250000000001E-002   7.8125000000000004E-004  0.71176896531546718       0.54250916129876292       0.70693122918262841     
   1.4062500000000000E-002   7.8125000000000004E-004  0.70670031342145379       0.54493949065130176       0.70576305910577042     
   1.4843750000000001E-002   7.8125000000000004E-004  0.70136139730942704       0.54735810309322908       0.70453124029530978     
   1.5625000000000000E-002   7.8125000000000004E-004  0.69575541013371200       0.54976437562798042       0.70323627917579978     
   1.6406250000000001E-002   7.8125000000000004E-004  0.68988570251395531       0.55215768842252000       0.70187870746310210     
   1.7187500000000001E-002   7.8125000000000004E-004  0.68375579934924491       0.55453742465879086       0.70045908249104127     
   1.7968750000000002E-002   7.8125000000000004E-004  0.67736938629945254       0.55690297100383290       0.69897798680788903     
   1.8750000000000003E-002   7.8125000000000004E-004  0.67073031072486322       0.55925371778558908       0.69743602807940730     
   1.9531250000000000E-002   7.8125000000000004E-004  0.66384257505754152       0.56158905925090108       0.69583383878803462     
   2.0312500000000001E-002   7.8125000000000004E-004  0.65671033540977120       0.56390839376264346       0.69417207604378750     
   2.1093750000000001E-002   7.8125000000000004E-004  0.64933789638979333       0.56621112401033724       0.69245142128208781     
   2.1875000000000002E-002   7.8125000000000004E-004  0.64172970899790849       0.56849665719062725       0.69067258002644338     
   2.2656250000000003E-002   7.8125000000000004E-004  0.63389036622106498       0.57076440519808591       0.68883628157906818     
   2.3437500000000000E-002   7.8125000000000004E-004  0.62582460035017762       0.57301378479435749       0.68694327874401317     
   2.4218750000000001E-002   7.8125000000000004E-004  0.61753727910033918       0.57524421778497448       0.68499434750913801     
   2.5000000000000001E-002   7.8125000000000004E-004  0.60903340249472060       0.57745513118188474       0.68299028673766427     
   2.5781250000000002E-002   7.8125000000000004E-004  0.60031809928463853       0.57964595737052449       0.68093191783894025     
   2.6562500000000003E-002   7.8125000000000004E-004  0.59139662350656719       0.58181613426640966       0.67882008443424446     
   2.7343750000000000E-002   7.8125000000000004E-004  0.58227435112378223       0.58396510547693548       0.67665565201691880     
   2.8125000000000001E-002   7.8125000000000004E-004  0.57295677617861063       0.58609232044950221       0.67443950759300753     
   2.8906250000000001E-002   7.8125000000000004E-004  0.56344950786480619       0.58819723463386808       0.67217255933851683     
   2.9687500000000002E-002   7.8125000000000004E-004  0.55375826581257748       0.59027930961415376       0.66985573620560612     
   3.0468750000000003E-002   7.8125000000000004E-004  0.54388887838469901       0.59233801328248825       0.66748998759992373     
   3.1250000000000000E-002   7.8125000000000004E-004  0.53384727578187063       0.59437281993634339       0.66507628292153609     
   3.2031250000000004E-002   7.8125000000000004E-004  0.52363949163744705       0.59638321048584075       0.66261561131910385     
   3.2812500000000001E-002   7.8125000000000004E-004  0.51327165078233150       0.59836867247668257       0.66010898108752725     
   3.3593749999999999E-002   7.8125000000000004E-004  0.50274997887747253       0.60032870037470298       0.65755741962658576     
   3.4375000000000003E-002   7.8125000000000004E-004  0.49208077804546674       0.60226279543968375       0.65496197252356025     
   3.5156250000000000E-002   7.8125000000000004E-004  0.48127045418022307       0.60417046615977676       0.65232370397554329     
   3.5937500000000004E-002   7.8125000000000004E-004  0.47032546752206356       0.60605122785681809       0.64964369522552678     
   3.6718750000000001E-002   7.8125000000000004E-004  0.45925239482244756       0.60790460336278840       0.64692304591318828     
   3.7500000000000006E-002   7.8125000000000004E-004  0.44805783378223207       0.60973012220876743       0.64416287131881478     
   3.8281250000000003E-002   7.8125000000000004E-004  0.43674852571483957       0.61152732159340939       0.64136430534875777     
   3.9062500000000000E-002   7.8125000000000004E-004  0.42533118666606567       0.61329574505681628       0.63852849588588834     
   3.9843750000000004E-002   7.8125000000000004E-004  0.41381271910286144       0.61503494358999478       0.63565661023018283     
   4.0625000000000001E-002   7.8125000000000004E-004  0.40219994901320777       0.61674447390417531       0.63274982803131774     
   4.1406250000000006E-002   7.8125000000000004E-004  0.39049993986553555       0.61842389910644846       0.62980934960141066     
   4.2187500000000003E-002   7.8125000000000004E-004  0.37871965157920645       0.62007278725095738       0.62683638673789843     
   4.2968750000000000E-002   7.8125000000000004E-004  0.36686631399361452       0.62169071026461320       0.62383217270265179     
   4.3750000000000004E-002   7.8125000000000004E-004  0.35494714024267443       0.62327724587162070       0.62079795398022486     
   4.4531250000000001E-002   7.8125000000000004E-004  0.34296950667910903       0.62483196966727395       0.61773499596133619     
   4.5312500000000006E-002   7.8125000000000004E-004  0.33094134342361725       0.62635447380245313       0.61464459165883301     
   4.6093750000000003E-002   7.8125000000000004E-004  0.31886995959416009       0.62784433183649524       0.61152803197385563     
   4.6875000000000000E-002   7.8125000000000004E-004  0.30676549677668724       0.62930118098725296       0.60838667527258861     
   4.7656250000000004E-002   7.8125000000000004E-004  0.29463467038632063       0.63072465857712590       0.60522170865435998     
   4.8437500000000001E-002   7.8125000000000004E-004  0.28249177228131478       0.63211467720287717       0.60203419725284724     
   4.9218750000000006E-002   7.8125000000000004E-004  0.27034138515674372       0.63347165663882166       0.59882398728661212     
   5.0000000000000003E-002   7.8125000000000004E-004  0.25819099803217266       0.63479717405065172       0.59558874561565367     
   0.0000000000000000        1.5625000000000001E-003  0.75851058512482883       0.49993976373924087       0.71663320114405715     
   7.8125000000000004E-004   1.5625000000000001E-003  0.75813642123554426       0.50257932250730342       0.71662614463158536     
   1.5625000000000001E-003   1.5625000000000001E-003  0.75776225734625968       0.50519330525412354       0.71654139236473136     
   2.3437500000000003E-003   1.5625000000000001E-003  0.75710485634443314       0.50780494675237076       0.71637545917376755     
   3.1250000000000002E-003   1.5625000000000001E-003  0.75614455293431759       0.51041465073304559       0.71613945676378221     
   3.9062500000000000E-003   1.5625000000000001E-003  0.75486825062491336       0.51302116778700968       0.71583343966974788     
   4.6875000000000007E-003   1.5625000000000001E-003  0.75329765237093849       0.51562284564477912       0.71545977796026294     
   5.4687500000000005E-003   1.5625000000000001E-003  0.75143168056825105       0.51821940264750099       0.71501773514568834     
   6.2500000000000003E-003   1.5625000000000001E-003  0.74927506985302184       0.52081040012452007       0.71450800906967560     
   7.0312500000000002E-003   1.5625000000000001E-003  0.74682644444585700       0.52339552876205175       0.71393059469783615     
   7.8125000000000000E-003   1.5625000000000001E-003  0.74408774339806916       0.52597426258979552       0.71328598105845986     
   8.5937500000000007E-003   1.5625000000000001E-003  0.74105969009020134       0.52854607373939588       0.71257441114942033     
   9.3750000000000014E-003   1.5625000000000001E-003  0.73774426509848923       0.53111036702751746       0.71179627380378341     
   1.0156250000000000E-002   1.5625000000000001E-003  0.73414316939647972       0.53366655316882972       0.71095189050870189     
   1.0937500000000001E-002   1.5625000000000001E-003  0.73025857507536329       0.53621402297421294       0.71004164299867900     
   1.1718750000000000E-002   1.5625000000000001E-003  0.72609270295003425       0.53875216767097878       0.70906591229309646     
   1.2500000000000001E-002   1.5625000000000001E-003  0.72164803843811309       0.54128037115941408       0.70802511423852665     
   1.3281250000000001E-002   1.5625000000000001E-003  0.71692722016113286       0.54379801687325169       0.70691968317055742     
   1.4062500000000000E-002   1.5625000000000001E-003  0.71193308782646392       0.54630448663860531       0.70575008076258072     
   1.4843750000000001E-002   1.5625000000000001E-003  0.70666865273509827       0.54879916312988286       0.70451679238401577     
   1.5625000000000000E-002   1.5625000000000001E-003  0.70113710400145901       0.55128143013406272       0.70322032905332810     
   1.6406250000000001E-002   1.5625000000000001E-003  0.69534179964644582       0.55375067350342266       0.70186122672448648     
   1.7187500000000001E-002   1.5625000000000001E-003  0.68928626466236309       0.55620628158077356       0.70044004659012327     
   1.7968750000000002E-002   1.5625000000000001E-003  0.68297418641580077       0.55864764569319836       0.69895737483785081     
   1.8750000000000003E-002   1.5625000000000001E-003  0.67640941154485801       0.56107416051539050       0.69741382258595352     
   1.9531250000000000E-002   1.5625000000000001E-003  0.66959594216027973       0.56348522440665294       0.69581002565227579     
   2.0312500000000001E-002   1.5625000000000001E-003  0.66253793267611494       0.56588023969876255       0.69414664438500617     
   2.1093750000000001E-002   1.5625000000000001E-003  0.65523968624150575       0.56825861296133873       0.69242436339853519     
   2.1875000000000002E-002   1.5625000000000001E-003  0.64770565154681703       0.57061975523868080       0.69064389134514459     
   2.2656250000000003E-002   1.5625000000000001E-003  0.63994041937132207       0.57296308227429094       0.68880596062616894     
   2.3437500000000000E-002   1.5625000000000001E-003  0.63194871932049335       0.57528801471702062       0.68691132711928793     
   2.4218750000000001E-002   1.5625000000000001E-003  0.62373541641654573       0.57759397831989190       0.68496076987048560     
   2.5000000000000001E-002   1.5625000000000001E-003  0.61530550775271375       0.57988040412719077       0.68295509078789896     
   2.5781250000000002E-002   1.5625000000000001E-003  0.60666411907210360       0.58214672865657657       0.68089511431679450     
   2.6562500000000003E-002   1.5625000000000001E-003  0.59781650133307285       0.58439239407312971       0.67878168710768416     
   2.7343750000000000E-002   1.5625000000000001E-003  0.58876802725021526       0.58661684836035122       0.67661567767773101     
   2.8125000000000001E-002   1.5625000000000001E-003  0.57952418775307712       0.58881954548352822       0.67439797605644225     
   2.8906250000000001E-002   1.5625000000000001E-003  0.57009058850095562       0.59099994555313307       0.67212949344175554     
   2.9687500000000002E-002   1.5625000000000001E-003  0.56047294618412369       0.59315751497621128       0.66981116181968325     
   3.0468750000000003E-002   1.5625000000000001E-003  0.55067708508934610       0.59529172661466312       0.66744393363443355     
   3.1250000000000000E-002   1.5625000000000001E-003  0.54070893311390467       0.59740205991778139       0.66502878136385868     
   3.2031250000000004E-002   1.5625000000000001E-003  0.53057451859511751       0.59948800107798295       0.66256669724795181     
   3.2812500000000001E-002   1.5625000000000001E-003  0.52027996573245605       0.60154904312799617       0.66005869277008344     
   3.3593749999999999E-002   1.5625000000000001E-003  0.50983149217581136       0.60358468609760996       0.65750579854050850     
   3.4375000000000003E-002   1.5625000000000001E-003  0.49923540320774923       0.60559443704312066       0.65490906356983491     
   3.5156250000000000E-002   1.5625000000000001E-003  0.48849809110817566       0.60757781020872248       0.65226955550132470     
   3.5937500000000004E-002   1.5625000000000001E-003  0.47762602688166689       0.60953432693311638       0.64958835945468252     
   3.6718750000000001E-002   1.5625000000000001E-003  0.46662576325044125       0.61146351581237512       0.64686657895380695     
   3.7500000000000006E-002   1.5625000000000001E-003  0.45550392200610845       0.61336491240575164       0.64410533397553937     
   3.8281250000000003E-002   1.5625000000000001E-003  0.44426720351660898       0.61523805937023113       0.64130576310408105     
   3.9062500000000000E-002   1.5625000000000001E-003  0.43292236738213252       0.61708250588315539       0.63846902032270203     
   3.9843750000000004E-002   1.5625000000000001E-003  0.42147625194223709       0.61889780764309621       0.63559627902419236     
   4.0625000000000001E-002   1.5625000000000001E-003  0.40993574691972628       0.62068352595932308       0.63268872720734748     
   4.1406250000000006E-002   1.5625000000000001E-003  0.39830782573598666       0.62243922739732049       0.62974757364687650     
   4.2187500000000003E-002   1.5625000000000001E-003  0.38659951430307704       0.62416448276975178       0.62677404161593342     
   4.2968750000000000E-002   1.5625000000000001E-003  0.37481793843668271       0.62585886661288348       0.62376937615705075     
   4.3750000000000004E-002   1.5625000000000001E-003  0.36297030904051819       0.62752195835871261       0.62073483800233920     
   4.4531250000000001E-002   1.5625000000000001E-003  0.35106397271208678       0.62915334360846287       0.61767170710445130     
   4.5312500000000006E-002   1.5625000000000001E-003  0.33910644850535576       0.63075262514734842       0.61458128536074863     
   4.6093750000000003E-002   1.5625000000000001E-003  0.32710531142929478       0.63231942353087767       0.61146486680518419     
   4.6875000000000000E-002   1.5625000000000001E-003  0.31506830881147185       0.63385340713680594       0.60832375441480302     
   4.7656250000000004E-002   1.5625000000000001E-003  0.30300248372312555       0.63535427857990023       0.60515901624824187     
   4.8437500000000001E-002   1.5625000000000001E-003  0.29091493501759869       0.63682186172620281       0.60197137274003343     
   4.9218750000000006E-002   1.5625000000000001E-003  0.27881242545426765       0.63825625154233512       0.59876027631387307     
   5.0000000000000003E-002   1.5625000000000001E-003  0.26670991589093662       0.63965852824667380       0.59552349157037421     
   0.0000000000000000        2.3437500000000003E-003  0.76233161310620123       0.49986447691766989       0.71659137134071771     
   7.8125000000000004E-004   2.3437500000000003E-003  0.76202600180198599       0.50258673628606643       0.71658938774417258     
   1.5625000000000001E-003   2.3437500000000003E-003  0.76172039049777074       0.50527955216481402       0.71650800609556897     
   2.3437500000000003E-003   2.3437500000000003E-003  0.76117754036746599       0.50796994374175297       0.71634797296406494     
   3.1250000000000002E-003   2.3437500000000003E-003  0.76030718919152751       0.51066013486037343       0.71611502109193992     
   3.9062500000000000E-003   2.3437500000000003E-003  0.75911763914425123       0.51334694992555574       0.71581127623740071     
   4.6875000000000007E-003   2.3437500000000003E-003  0.75762365793574837       0.51602836753003956       0.71543842795225066     
   5.4687500000000005E-003   2.3437500000000003E-003  0.75583565352078108       0.51870384267308267       0.71499680728892057     
   6.2500000000000003E-003   2.3437500000000003E-003  0.75375523549550660       0.52137323702688865       0.71448694531899959     
   7.0312500000000002E-003   2.3437500000000003E-003  0.75138335731080508       0.52403633418423667       0.71390916030626561     
   7.8125000000000000E-003   2.3437500000000003E-003  0.74872052046592885       0.52669273963805141       0.71326388683455999     
   8.5937500000000007E-003   2.3437500000000003E-003  0.74576821169007568       0.52934195733495693       0.71255148393570866     
   9.3750000000000014E-003   2.3437500000000003E-003  0.74252808693624750       0.53198344109527063       0.71177233956578834     
   1.0156250000000000E-002   2.3437500000000003E-003  0.73900215096865518       0.53461662484397154       0.71092682396576434     
   1.0937500000000001E-002   2.3437500000000003E-003  0.73519251471383140       0.53724092863556006       0.71001532909506437     
   1.1718750000000000E-002   2.3437500000000003E-003  0.73110149639866928       0.53985576269651037       0.70903825791084829     
   1.2500000000000001E-002   2.3437500000000003E-003  0.72673157592729631       0.54246052914570431       0.70799603597584837     
   1.3281250000000001E-002   2.3437500000000003E-003  0.72208542428474287       0.54505462481035383       0.70688910907052283     
   1.4062500000000000E-002   2.3437500000000003E-003  0.71716588779579116       0.54763744328207276       0.70571794641118024     
   1.4843750000000001E-002   2.3437500000000003E-003  0.71197599048028404       0.55020837674362011       0.70448304050107047     
   1.5625000000000000E-002   2.3437500000000003E-003  0.70651892721387866       0.55276681724877874       0.70318490807370304     
   1.6406250000000001E-002   2.3437500000000003E-003  0.70079806134618705       0.55531215773938980       0.70182409023109593     
   1.7187500000000001E-002   2.3437500000000003E-003  0.69481692074609891       0.55784379283035912       0.70040115267959502     
   1.7968750000000002E-002   2.3437500000000003E-003  0.68857919471752738       0.56036111945569722       0.69891668574036003     
   1.8750000000000003E-002   2.3437500000000003E-003  0.68208873059399511       0.56286353740414419       0.69737130432867767     
   1.9531250000000000E-002   2.3437500000000003E-003  0.67534953055057279       0.56535044977369031       0.69576564783779848     
   2.0312500000000001E-002   2.3437500000000003E-003  0.66836574829738216       0.56782126336221073       0.69410037999771368     
   2.1093750000000001E-002   2.3437500000000003E-003  0.66114168588124356       0.57027538900964236       0.69237618867651574     
   2.1875000000000002E-002   2.3437500000000003E-003  0.65368179040384655       0.57271224190173875       0.69059378566557750     
   2.2656250000000003E-002   2.3437500000000003E-003  0.64599065078937379       0.57513124184473918       0.68875390642761602     
   2.3437500000000000E-002   2.3437500000000003E-003  0.63807299448644617       0.57753181351644001       0.68685730983156212     
   2.4218750000000001E-002   2.3437500000000003E-003  0.62993368417513906       0.57991338669917536       0.68490477786356119     
   2.5000000000000001E-002   2.3437500000000003E-003  0.62157771442205512       0.58227539649784599       0.68289711532605268     
   2.5781250000000002E-002   2.3437500000000003E-003  0.61301020831178221       0.58461728354620812       0.68083514952146929     
   2.6562500000000003E-002   2.3437500000000003E-003  0.60423641403571526       0.58693849420320643       0.67871972992529572     
   2.7343750000000000E-002   2.3437500000000003E-003  0.59526170143764201       0.58923848074120166       0.67655172784999995     
   2.8125000000000001E-002   2.3437500000000003E-003  0.58609155852882067       0.59151670152673130       0.67433203609910131     
   2.8906250000000001E-002   2.3437500000000003E-003  0.57673158793618695       0.59377262119489782       0.67206156861934396     
   2.9687500000000002E-002   2.3437500000000003E-003  0.56718750335174339       0.59600571081649190       0.66974126014097468     
   3.0468750000000003E-002   2.3437500000000003E-003  0.55746512586296315       0.59821544805881310       0.66737206582955277     
   3.1250000000000000E-002   2.3437500000000003E-003  0.54757038037243166       0.60040131733650270       0.66495496091524653     
   3.2031250000000004E-002   2.3437500000000003E-003  0.53750929176592988       0.60256280995439981       0.66249094036398670     
   3.2812500000000001E-002   2.3437500000000003E-003  0.52728798139514044       0.60469942423307455       0.65998101849341284     
   3.3593749999999999E-002   2.3437500000000003E-003  0.51691266298704164       0.60681066562269459       0.65742622870026246     
   3.4375000000000003E-002   2.3437500000000003E-003  0.50638963939375836       0.60889604678457832       0.65482762304967301     
   3.5156250000000000E-002   2.3437500000000003E-003  0.49572529805537202       0.61095508765493267       0.65218627212720093     
   3.5937500000000004E-002   2.3437500000000003E-003  0.48492610841942307       0.61298731544960283       0.64950326456909135     
   3.6718750000000001E-002   2.3437500000000003E-003  0.47399861665496440       0.61499226464275092       0.64677970715728039     
   3.7500000000000006E-002   2.3437500000000003E-003  0.46294944445521080       0.61696947684721948       0.64401672423440981     
   3.8281250000000003E-002   2.3437500000000003E-003  0.45178528263593132       0.61891850066222687       0.64121545822372639     
   3.9062500000000000E-002   2.3437500000000003E-003  0.44051289232245350       0.62083889137718162       0.63837706886208012     
   3.9843750000000004E-002   2.3437500000000003E-003  0.42913909705571041       0.62273021063322120       0.63550273435879079     
   4.0625000000000001E-002   2.3437500000000003E-003  0.41767078719349321       0.62459202589603191       0.63259365037787962     
   4.1406250000000006E-002   2.3437500000000003E-003  0.40611491090569440       0.62642390989846120       0.62965103184928373     
   4.2187500000000003E-002   2.3437500000000003E-003  0.39447848385268863       0.62822544011852199       0.62667611146609448     
   4.2968750000000000E-002   2.3437500000000003E-003  0.38276858620108456       0.62999619900445536       0.62367014133202325     
   4.3750000000000004E-002   2.3437500000000003E-003  0.37099238372566345       0.63173577627398636       0.62063439030139012     
   4.4531250000000001E-002   2.3437500000000003E-003  0.35915713436781549       0.63344377480238101       0.61757014233528318     
   4.5312500000000006E-002   2.3437500000000003E-003  0.34727015192608329       0.63511982042539417       0.61447868944521933     
   4.6093750000000003E-002   2.3437500000000003E-003  0.33533867772884435       0.63676356710505377       0.61136130548139844     
   4.6875000000000000E-002   2.3437500000000003E-003  0.32336945995865285       0.63837468271001585       0.60821919937133251     
   4.7656250000000004E-002   2.3437500000000003E-003  0.31136859570876974       0.63995279409202210       0.60505334961036428     
   4.8437500000000001E-002   2.3437500000000003E-003  0.29934200975084191       0.64149745420737336       0.60186430358069709     
   4.9218750000000006E-002   2.3437500000000003E-003  0.28729917951695289       0.64300834433768295       0.59865179300595750     
   5.0000000000000003E-002   2.3437500000000003E-003  0.27525634928306386       0.64448598839813298       0.59541474863991550     
   0.0000000000000000        3.1250000000000002E-003  0.76614389602685562       0.49975909124103446       0.71653281353575815     
   7.8125000000000004E-004   3.1250000000000002E-003  0.76592532407552416       0.50256014175787522       0.71653338933799204     
   1.5625000000000001E-003   3.1250000000000002E-003  0.76570675212419270       0.50533160819567768       0.71645482828880269     
   2.3437500000000003E-003   3.1250000000000002E-003  0.76525152754946513       0.50810093055142580       0.71629928671470977     
   3.1250000000000002E-003   3.1250000000000002E-003  0.76446862807060678       0.51087085740303129       0.71606974862035422     
   3.9062500000000000E-003   3.1250000000000002E-003  0.76336112284953661       0.51363759817048771       0.71576847205192529     
   4.6875000000000007E-003   3.1250000000000002E-003  0.76194660421738691       0.51639863258758067       0.71539694748189664     
   5.4687500000000005E-003   3.1250000000000002E-003  0.76023637865725902       0.51915321704955242       0.71495602306154127     
   6.2500000000000003E-003   3.1250000000000002E-003  0.75823329390407568       0.52190126618555510       0.71444632132376096     
   7.0312500000000002E-003   3.1250000000000002E-003  0.75593817939308761       0.52464264220294010       0.71386834887003603     
   7.8125000000000000E-003   3.1250000000000002E-003  0.75335170258718687       0.52737701963862160       0.71322257619051477     
   8.5937500000000007E-003   3.1250000000000002E-003  0.75047531668363199       0.53010394338754052       0.71250943680810197     
   9.3750000000000014E-003   3.1250000000000002E-003  0.74731080702010311       0.53282290077459438       0.71172934851368874     
   1.0156250000000000E-002   3.1250000000000002E-003  0.74386022713770772       0.53553335251169087       0.71088272076569103     
   1.0937500000000001E-002   3.1250000000000002E-003  0.74012575856071006       0.53823474319609022       0.70996996771442866     
   1.1718750000000000E-002   3.1250000000000002E-003  0.73610975115887911       0.54092650366046069       0.70899151393590587     
   1.2500000000000001E-002   3.1250000000000002E-003  0.73181471678981358       0.54360805369096432       0.70794779974049993     
   1.3281250000000001E-002   3.1250000000000002E-003  0.72724334541795121       0.54627880479753965       0.70683928378450389     
   1.4062500000000000E-002   3.1250000000000002E-003  0.72239850019255458       0.54893816302032983       0.70566644522811861     
   1.4843750000000001E-002   3.1250000000000002E-003  0.71728321675900519       0.55158553110990682       0.70442978504152109     
   1.5625000000000000E-002   3.1250000000000002E-003  0.71190069914486154       0.55422031022983875       0.70312982698516557     
   1.6406250000000001E-002   3.1250000000000002E-003  0.70625431715049403       0.55684190124515753       0.70176711822928939     
   1.7187500000000001E-002   3.1250000000000002E-003  0.70034760329500978       0.55944970575101816       0.70034222975628524     
   1.7968750000000002E-002   3.1250000000000002E-003  0.69418424998164940       0.56204312690749181       0.69885575658176535     
   1.8750000000000003E-002   3.1250000000000002E-003  0.68776810649051756       0.56462157013364223       0.69730831785156100     
   1.9531250000000000E-002   3.1250000000000002E-003  0.68110317598648662       0.56718444369070542       0.69570055683961807     
   2.0312500000000001E-002   3.1250000000000002E-003  0.67419361243456033       0.56973115917895645       0.69403314087481782     
   2.1093750000000001E-002   3.1250000000000002E-003  0.66704371752247282       0.57226113196662587       0.69230676120857515     
   2.1875000000000002E-002   3.1250000000000002E-003  0.65965793751681512       0.57477378156585057       0.69052213283864705     
   2.2656250000000003E-002   3.1250000000000002E-003  0.65204086010814177       0.57726853196677519       0.68867999429524618     
   2.3437500000000000E-002   3.1250000000000002E-003  0.64419721119959172       0.57974481193875971       0.68678110739823495     
   2.4218750000000001E-002   3.1250000000000002E-003  0.63613185166656838       0.58220205530522906       0.68482625698922894     
   2.5000000000000001E-002   3.1250000000000002E-003  0.62784977406568199       0.58463970119750863       0.68281625064370788     
   2.5781250000000002E-002   3.1250000000000002E-003  0.61935609930332314       0.58705719429155112       0.68075191836602045     
   2.6562500000000003E-002   3.1250000000000002E-003  0.61065607325661730       0.58945398503071800       0.67863411227050852     
   2.7343750000000000E-002   3.1250000000000002E-003  0.60175506334667117       0.59182952983681858       0.67646370625138719     
   2.8125000000000001E-002   3.1250000000000002E-003  0.59265855506808962       0.59418329131108838       0.67424159564367869     
   2.8906250000000001E-002   3.1250000000000002E-003  0.58337214846303209       0.59651473842591352       0.67196869687834271     
   2.9687500000000002E-002   3.1250000000000002E-003  0.57390155456247050       0.59882334670778670       0.66964594713315595     
   3.0468750000000003E-002   3.1250000000000002E-003  0.56425259175601084       0.60110859841075315       0.66727430398439569     
   3.1250000000000000E-002   3.1250000000000002E-003  0.55443118215970200       0.60336998267967257       0.66485474505919695     
   3.2031250000000004E-002   3.1250000000000002E-003  0.54444334787192061       0.60560699570038079       0.66238826769868597     
   3.2812500000000001E-002   3.1250000000000002E-003  0.53429520730559743       0.60781914083485722       0.65987588862676883     
   3.3593749999999999E-002   3.1250000000000002E-003  0.52399297130923428       0.61000592873509651       0.65731864364672876     
   3.4375000000000003E-002   3.1250000000000002E-003  0.51354293954533803       0.61216687743260279       0.65471758734709784     
   3.5156250000000000E-002   3.1250000000000002E-003  0.50295149643588066       0.61430151239208108       0.65207379286557565     
   3.5937500000000004E-002   3.1250000000000002E-003  0.49222510774862632       0.61640936652595824       0.64938835166064601     
   3.6718750000000001E-002   3.1250000000000002E-003  0.48137031631259991       0.61848998015266810       0.64666237339344357     
   3.7500000000000006E-002   3.1250000000000002E-003  0.47039373910697235       0.62054290089962760       0.64389698580253407     
   3.8281250000000003E-002   3.1250000000000002E-003  0.45930206268863472       0.62256768353211167       0.64109333477023889     
   3.9062500000000000E-002   3.1250000000000002E-003  0.44810204111428942       0.62456388971818411       0.63825258433467125     
   3.9843750000000004E-002   3.1250000000000002E-003  0.43680049078516647       0.62653108770637977       0.63537591698070517     
   4.0625000000000001E-002   3.1250000000000002E-003  0.42540428908167466       0.62846885192865243       0.63246453372620692     
   4.1406250000000006E-002   3.1250000000000002E-003  0.41392036846096736       0.63037676255085395       0.62951965443310332     
   4.2187500000000003E-002   3.1250000000000002E-003  0.40235571741500598       0.63225440522565068       0.62654251745245282     
   4.2968750000000000E-002   3.1250000000000002E-003  0.39071737940423423       0.63410137176251558       0.62353437891489782     
   4.3750000000000004E-002   3.1250000000000002E-003  0.37901246121220672       0.63591726304682372       0.62049651008128770     
   4.4531250000000001E-002   3.1250000000000002E-003  0.36724812398133877       0.63770169517827280       0.61743019176951575     
   4.5312500000000006E-002   3.1250000000000002E-003  0.35543151369245762       0.63945430556088789       0.61433670124777118     
   4.6093750000000003E-002   3.1250000000000002E-003  0.34356955656918403       0.64117474546621556       0.61121728259386154     
   4.6875000000000000E-002   3.1250000000000002E-003  0.33166860016871924       0.64286263361748963       0.60807308776902491     
   4.7656250000000004E-002   3.1250000000000002E-003  0.31973436663268240       0.64451746269051391       0.60490507124646076     
   4.8437500000000001E-002   3.1250000000000002E-003  0.30777304993810234       0.64613854328927012       0.60171386742107869     
   4.9218750000000006E-002   3.1250000000000002E-003  0.29579471435436178       0.64772523640995894       0.59849970848573009     
   5.0000000000000003E-002   3.1250000000000002E-003  0.28381637877062121       0.64927767574066153       0.59526253753829894     
   0.0000000000000000        3.9062500000000000E-003  0.76996358498741102       0.49962362258002985       0.71645753164857884     
   7.8125000000000004E-004   3.9062500000000000E-003  0.76983258505315466       0.50250168838639631       0.71645940586343038     
   1.5625000000000001E-003   3.9062500000000000E-003  0.76970158511889830       0.50535118449711658       0.71638319822443075     
   2.3437500000000003E-003   3.9062500000000000E-003  0.76932881989148749       0.50819914587907777       0.71623084588736041     
   3.1250000000000002E-003   3.9062500000000000E-003  0.76862845571982152       0.51104818674234009       0.71600428261601912     
   3.9062500000000000E-003   3.9062500000000000E-003  0.76760159820157248       0.51389428812405136       0.71570530532828935     
   4.6875000000000007E-003   3.9062500000000000E-003  0.76626663589837607       0.51673461355969164       0.71533529100002802     
   5.4687500000000005E-003   3.9062500000000000E-003  0.76463467315651235       0.51956823625009307       0.71489524483966316     
   6.2500000000000003E-003   3.9062500000000000E-003  0.76270921401952618       0.52239501366996122       0.71438591570897969     
   7.0312500000000002E-003   3.9062500000000000E-003  0.76049109828602768       0.52521482020761601       0.71380791781038766     
   7.8125000000000000E-003   3.9062500000000000E-003  0.75798117736525161       0.52802735536246270       0.71316178570960798     
   8.5937500000000007E-003   3.9062500000000000E-003  0.75518092393884573       0.53083218892124806       0.71244800741095449     
   9.3750000000000014E-003   3.9062500000000000E-003  0.75209222572211387       0.53362882992581973       0.71166704146034432     
   1.0156250000000000E-002   3.9062500000000000E-003  0.74871718557844225       0.53641675996130300       0.71081933244446649     
   1.0937500000000001E-002   3.9062500000000000E-003  0.74505804482137961       0.53919544306894596       0.70990532185360999     
   1.1718750000000000E-002   3.9062500000000000E-003  0.74111718779819413       0.54196432795861305       0.70892545662260198     
   1.2500000000000001E-002   3.9062500000000000E-003  0.73689715762254160       0.54472285022166944       0.70788019474729358     
   1.3281250000000001E-002   3.9062500000000000E-003  0.73240066568544226       0.54747043521796113       0.70677000932087586     
   1.4062500000000000E-002   3.9062500000000000E-003  0.72763059298122046       0.55020650103047408       0.70559539128046422     
   1.4843750000000001E-002   3.9062500000000000E-003  0.72258998843548383       0.55293046092220000       0.70435685139267512     
   1.5625000000000000E-002   3.9062500000000000E-003  0.71728206647606496       0.55564172526385669       0.70305492164348271     
   1.6406250000000001E-002   3.9062500000000000E-003  0.71171020466436130       0.55833970303679725       0.70169015621557818     
   1.7187500000000001E-002   3.9062500000000000E-003  0.70587794131301596       0.56102380304106481       0.70026313214863389     
   1.7968750000000002E-002   3.9062500000000000E-003  0.69978897298968767       0.56369343488880297       0.69877444976781200     
   1.8750000000000003E-002   3.9062500000000000E-003  0.69344715187109662       0.56634800983405043       0.69722473293686493     
   1.9531250000000000E-002   3.9062500000000000E-003  0.68685648297616131       0.56898694147249262       0.69561462917954842     
   2.0312500000000001E-002   3.9062500000000000E-003  0.68002112130174253       0.57160964633733269       0.69394480969952377     
   2.1093750000000001E-002   3.9062500000000000E-003  0.67294536888631706       0.57421554441232359       0.69221596932180196     
   2.1875000000000002E-002   3.9062500000000000E-003  0.66563367180669819       0.57680405957904490       0.69042882637203207     
   2.2656250000000003E-002   3.9062500000000000E-003  0.65809061711587113       0.57937462001178874       0.68858412250650702     
   2.3437500000000000E-002   3.9062500000000000E-003  0.65032092972184441       0.58192665853063719       0.68668262250225298     
   2.4218750000000001E-002   3.9062500000000000E-003  0.64232946921057965       0.58445961292091198       0.68472511401482972     
   2.5000000000000001E-002   3.9062500000000000E-003  0.63412122661303127       0.58697292622549235       0.68271240730966865     
   2.5781250000000002E-002   3.9062500000000000E-003  0.62570132111753352       0.58946604701503669       0.68064533497187574     
   2.6562500000000003E-002   3.9062500000000000E-003  0.61707499672775834       0.59193842964005905       0.67852475159859282     
   2.7343750000000000E-002   3.9062500000000000E-003  0.60824761886672929       0.59438953446781728       0.67635153347759269     
   2.8125000000000001E-002   3.9062500000000000E-003  0.59922467092741694       0.59681882810616538       0.67412657825556099     
   2.8906250000000001E-002   3.9062500000000000E-003  0.59001175077019608       0.59922578361569601       0.67185080459940016     
   2.9687500000000002E-002   3.9062500000000000E-003  0.58061456716845949       0.60160988071079458       0.66952515185418826     
   3.0468750000000003E-002   3.9062500000000000E-003  0.57103893620251756       0.60397060594932195       0.66715057970145863     
   3.1250000000000000E-002   3.9062500000000000E-003  0.56129077760491819       0.60630745290995458       0.66472806782243798     
   3.2031250000000004E-002   3.9062500000000000E-003  0.55137611105665985       0.60861992235497142       0.66225861557079668     
   3.2812500000000001E-002   3.9062500000000000E-003  0.54130105244147153       0.61090752237562640       0.65974324166158915     
   3.3593749999999999E-002   3.9062500000000000E-003  0.53107181005513082       0.61316976851536809       0.65718298388222285     
   3.4375000000000003E-002   3.9062500000000000E-003  0.52069468078515457       0.61540618386579171       0.65457889883547460     
   3.5156250000000000E-002   3.9062500000000000E-003  0.51017604625167157       0.61761629912745442       0.65193206172151408     
   3.5937500000000004E-002   3.9062500000000000E-003  0.49952236894258295       0.61979965262864034       0.64924356617344514     
   3.6718750000000001E-002   3.9062500000000000E-003  0.48874018832350358       0.62195579029242321       0.64651452415242039     
   3.7500000000000006E-002   3.9062500000000000E-003  0.47783611698310713       0.62408426554748686       0.64374606592005490     
   3.8281250000000003E-002   3.9062500000000000E-003  0.46681683674074187       0.62618463917623379       0.64093934008462672     
   3.9062500000000000E-002   3.9062500000000000E-003  0.45568909472547231       0.62825647909996085       0.63809551372823381     
   3.9843750000000004E-002   3.9062500000000000E-003  0.44445969912924321       0.63029936008853038       0.63521577256882134     
   4.0625000000000001E-002   3.9062500000000000E-003  0.43313551456612903       0.63231286338353343       0.63230132109772941     
   4.1406250000000006E-002   3.9062500000000000E-003  0.42172345703207093       0.63429657625481861       0.62935338251102624     
   4.2187500000000003E-002   3.9062500000000000E-003  0.41023048982563781       0.63625009170121127       0.62637319816702730     
   4.2968750000000000E-002   3.9062500000000000E-003  0.39866362200112043       0.63817300890180129       0.62336202602517388     
   4.3750000000000004E-002   3.9062500000000000E-003  0.38702990754197025       0.64006493532024511       0.62032113711878312     
   4.4531250000000001E-002   3.9062500000000000E-003  0.37533642722751709       0.64192549016286093       0.61725180812247271     
   4.5312500000000006E-002   3.9062500000000000E-003  0.36359020769989270       0.64375430355989316       0.61415530644279259     
   4.6093750000000003E-002   3.9062500000000000E-003  0.35179802286981887       0.64555099528657922       0.61103286256202327     
   4.6875000000000000E-002   3.9062500000000000E-003  0.33996613298268280       0.64731510985237850       0.60788562575194793     
   4.7656250000000004E-002   3.9062500000000000E-003  0.32810034913829511       0.64904601117432925       0.60471461032584273     
   4.8437500000000001E-002   3.9062500000000000E-003  0.31620726523202064       0.65074283816252143       0.60152066267661874     
   4.9218750000000006E-002   3.9062500000000000E-003  0.30429726272892965       0.65240476320606378       0.59830450290379045     
   5.0000000000000003E-002   3.9062500000000000E-003  0.29238726022583866       0.65403171823008577       0.59506688725817747     
   0.0000000000000000        4.6875000000000007E-003  0.77379771131713226       0.49945809133573804       0.71636553071795983     
   7.8125000000000004E-004   4.6875000000000007E-003  0.77374892553978047       0.50241255263620255       0.71636792604344990     
   1.5625000000000001E-003   4.6875000000000007E-003  0.77370013976242868       0.50533943293270656       0.71629344678673024     
   2.3437500000000003E-003   4.6875000000000007E-003  0.77340808679885631       0.50826545923089583       0.71614338649188392     
   3.1250000000000002E-003   4.6875000000000007E-003  0.77278794618629409       0.51119302712385983       0.71591915621314850     
   3.9062500000000000E-003   4.6875000000000007E-003  0.77184080454751958       0.51411794181939341       0.71562215255623940     
   4.6875000000000007E-003   4.6875000000000007E-003  0.77058491984711697       0.51703716684232404       0.71525359762724128     
   5.4687500000000005E-003   4.6875000000000007E-003  0.76903124384373689       0.51994961517087890       0.71481449375353501     
   6.2500000000000003E-003   4.6875000000000007E-003  0.76718340837137666       0.52285504956410800       0.71430564890349113     
   7.0312500000000002E-003   4.6875000000000007E-003  0.76504236051214158       0.52575330657740216       0.71372773769681097     
   7.8125000000000000E-003   4.6875000000000007E-003  0.76260905848161109       0.52864407635436306       0.71308134739614537     
   8.5937500000000007E-003   4.6875000000000007E-003  0.75988504171397020       0.53152693210738122       0.71236700993035340     
   9.3750000000000014E-003   4.6875000000000007E-003  0.75687226221569670       0.53440139132757170       0.71158522209020569     
   1.0156250000000000E-002   4.6875000000000007E-003  0.75357287418501184       0.53726694693471189       0.71073646097623888     
   1.0937500000000001E-002   4.6875000000000007E-003  0.74998916368092006       0.54012307556085604       0.70982119551394962     
   1.1718750000000000E-002   4.6875000000000007E-003  0.74612354985165419       0.54296923880244841       0.70883989532741198     
   1.2500000000000001E-002   4.6875000000000007E-003  0.74197860381278335       0.54580488462568411       0.70779303717747744     
   1.3281250000000001E-002   4.6875000000000007E-003  0.73755705890529433       0.54862944989768458       0.70668110967621423     
   1.4062500000000000E-002   4.6875000000000007E-003  0.73286181362291303       0.55144236318872764       0.70550461669064335     
   1.4843750000000001E-002   4.6875000000000007E-003  0.72789593068192149       0.55424304723867623       0.70426407983137551     
   1.5625000000000000E-002   4.6875000000000007E-003  0.72266263533314046       0.55703092094616358       0.70296004025994174     
   1.6406250000000001E-002   4.6875000000000007E-003  0.71716531352279222       0.55980540096357378       0.70159305999396093     
   1.7187500000000001E-002   4.6875000000000007E-003  0.71140750997501767       0.56256590300417486       0.70016372283246775     
   1.7968750000000002E-002   4.6875000000000007E-003  0.70539292606458348       0.56531184293583514       0.69867263499477772     
   1.8750000000000003E-002   4.6875000000000007E-003  0.69912541747548107       0.56804263770643926       0.69712042554121012     
   1.9531250000000000E-002   4.6875000000000007E-003  0.69260899167351830       0.57075770613208743       0.69550774662697901     
   2.0312500000000001E-002   4.6875000000000007E-003  0.68584780523964162       0.57345646957285112       0.69383527362690578     
   2.1093750000000001E-002   4.6875000000000007E-003  0.67884616108980878       0.57613835251704004       0.69210370515935982     
   2.1875000000000002E-002   4.6875000000000007E-003  0.67160850560202678       0.57880278309143129       0.69031376303053460     
   2.2656250000000003E-002   4.6875000000000007E-003  0.66413942565859596       0.58144919351164748       0.68846619211533233     
   2.3437500000000000E-002   4.6875000000000007E-003  0.65644364561224955       0.58407702048404364       0.68656176018724546     
   2.4218750000000001E-002   4.6875000000000007E-003  0.64852602417999228       0.58668570556817934       0.68460125770703639     
   2.5000000000000001E-002   4.6875000000000007E-003  0.64039155126928438       0.58927469550711764       0.68258549757796694     
   2.5781250000000002E-002   4.6875000000000007E-003  0.63204534473896057       0.59184344253132437       0.68051531487396577     
   2.6562500000000003E-002   4.6875000000000007E-003  0.62349264709734242       0.59439140464071005       0.67839156654611332     
   2.7343750000000000E-002   4.6875000000000007E-003  0.61473882213922937       0.59691804586831421       0.67621513111219711     
   2.8125000000000001E-002   4.6875000000000007E-003  0.60578935152299407       0.59942283652818773       0.67398690833373542     
   2.8906250000000001E-002   4.6875000000000007E-003  0.59664983128948845       0.60190525344916856       0.67170781888473263     
   2.9687500000000002E-002   4.6875000000000007E-003  0.58732596832297213       0.60436478019537287       0.66937880401657568     
   3.0468750000000003E-002   4.6875000000000007E-003  0.57782357675685725       0.60680090727337888       0.66700082522372051     
   3.1250000000000000E-002   4.6875000000000007E-003  0.56814857432263888       0.60921313232510799       0.66457486391545406     
   3.2031250000000004E-002   4.6875000000000007E-003  0.55830697864804579       0.61160096030445910       0.66210192109953125     
   3.2812500000000001E-002   4.6875000000000007E-003  0.54830490349798411       0.61396390363453823       0.65958301708469769     
   3.3593749999999999E-002   4.6875000000000007E-003  0.53814855497187575       0.61630148234123705       0.65701919120965502     
   3.4375000000000003E-002   4.6875000000000007E-003  0.52784422763873595       0.61861322415735021       0.65441150160788197     
   3.5156250000000000E-002   4.6875000000000007E-003  0.51739830064033310       0.62089866459042686       0.65176102501756050     
   3.5937500000000004E-002   4.6875000000000007E-003  0.50681723371802656       0.62315734694603020       0.64906885664806646     
   3.6718750000000001E-002   4.6875000000000007E-003  0.49610756322883431       0.62538882229851533       0.64633611011148473     
   3.7500000000000006E-002   4.6875000000000007E-003  0.48527589804821908       0.62759264940121640       0.64356391742809560     
   3.8281250000000003E-002   4.6875000000000007E-003  0.47432891545148836       0.62976839452964095       0.64075342910272692     
   3.9062500000000000E-002   4.6875000000000007E-003  0.46327335667924208       0.63191563124564909       0.63790581425942072     
   3.9843750000000004E-002   4.6875000000000007E-003  0.45211602220303332       0.63403394005887004       0.63502226078517865     
   4.0625000000000001E-002   4.6875000000000007E-003  0.44086376616301359       0.63612290794143078       0.63210397539521679     
   4.1406250000000006E-002   4.6875000000000007E-003  0.42952349048993466       0.63818212767183891       0.62915218344486945     
   4.2187500000000003E-002   4.6875000000000007E-003  0.41810213927586648       0.64021119711282826       0.62616812820760448     
   4.2968750000000000E-002   4.6875000000000007E-003  0.40660669522484399       0.64220971878715838       0.62315306911630874     
   4.3750000000000004E-002   4.6875000000000007E-003  0.39504417520116358       0.64417730009334018       0.62010827810009694     
   4.4531250000000001E-002   4.6875000000000007E-003  0.38342160953958976       0.64611355287258365       0.61703503252013447     
   4.5312500000000006E-002   4.6875000000000007E-003  0.37174596744902344       0.64801808573978781       0.61393460266582311     
   4.6093750000000003E-002   4.6875000000000007E-003  0.36002399117014594       0.64989047369868869       0.61080823248802085     
   4.6875000000000000E-002   4.6875000000000007E-003  0.34826200250316863       0.65173018683320505       0.60765711676237011     
   4.7656250000000004E-002   4.6875000000000007E-003  0.33646603142432580       0.65353648971523803       0.60448238807032884     
   4.8437500000000001E-002   4.6875000000000007E-003  0.32464301169302295       0.65530841699589004       0.60128513936298511     
   4.9218750000000006E-002   4.6875000000000007E-003  0.31280352840156478       0.65704505327373697       0.59806650935292338     
   5.0000000000000003E-002   4.6875000000000007E-003  0.30096404511010660       0.65874625126786324       0.59482783506385994     
   0.0000000000000000        5.4687500000000005E-003  0.77764193362854328       0.49926252243655561       0.71625681690172227     
   7.8125000000000004E-004   5.4687500000000005E-003  0.77767195002456402       0.50229314506319889       0.71625922529187791     
   1.5625000000000001E-003   5.4687500000000005E-003  0.77770196642058476       0.50529693620552740       0.71618579099254542     
   2.3437500000000003E-003   5.4687500000000005E-003  0.77748901746467602       0.50830048117857340       0.71603731373420776     
   3.1250000000000002E-003   5.4687500000000005E-003  0.77694794413058554       0.51130604014504755       0.71581481972830274     
   3.9062500000000000E-003   5.4687500000000005E-003  0.77607970300285567       0.51430927710515562       0.71551940805594760     
   4.6875000000000007E-003   5.4687500000000005E-003  0.77490231208159766       0.51730700599999579       0.71515212886392332     
   5.4687500000000005E-003   5.4687500000000005E-003  0.77342661120805778       0.52029800285781169       0.71471391450591637     
   6.2500000000000003E-003   5.4687500000000005E-003  0.77165622128088263       0.52328192896948189       0.71420556883240427     
   7.0312500000000002E-003   5.4687500000000005E-003  0.76959215678334447       0.52625855884857864       0.71362778837166818     
   7.8125000000000000E-003   5.4687500000000005E-003  0.76723544048470027       0.52922754984825437       0.71298119109633973     
   8.5937500000000007E-003   5.4687500000000005E-003  0.76458766926693245       0.53218846005801734       0.71226634045715409     
   9.3750000000000014E-003   5.4687500000000005E-003  0.76165084075648370       0.53514080194303304       0.71148376365977839     
   1.0156250000000000E-002   5.4687500000000005E-003  0.75842715025482244       0.53808406942553588       0.71063396562784542     
   1.0937500000000001E-002   5.4687500000000005E-003  0.75491891883597406       0.54101774383001089       0.70971744004037096     
   1.1718750000000000E-002   5.4687500000000005E-003  0.75112859561315937       0.54394129356331355       0.70873467797725864     
   1.2500000000000001E-002   5.4687500000000005E-003  0.74705877628786688       0.54685417442046069       0.70768617459165606     
   1.3281250000000001E-002   5.4687500000000005E-003  0.74271221437722934       0.54975583139516804       0.70657243416353233     
   1.4062500000000000E-002   5.4687500000000005E-003  0.73809182471624035       0.55264570105350497       0.70539397390543002     
   1.4843750000000001E-002   5.4687500000000005E-003  0.73320068322750243       0.55552321376722347       0.70415132681596126     
   1.5625000000000000E-002   5.4687500000000005E-003  0.72804202572552579       0.55838779559111329       0.70284504381334800     
   1.6406250000000001E-002   5.4687500000000005E-003  0.72261924652963605       0.56123886981807458       0.70147569531829201     
   1.7187500000000001E-002   5.4687500000000005E-003  0.71693589691348980       0.56407585828957452       0.70004387241425203     
   1.7968750000000002E-002   5.4687500000000005E-003  0.71099568329416540       0.56689818251801849       0.69855018768155552     
   1.8750000000000003E-002   5.4687500000000005E-003  0.70480246515150102       0.56970526465488269       0.69699527577905196     
   1.9531250000000000E-002   5.4687500000000005E-003  0.69836025271845936       0.57249652832822728       0.69537979382927817     
   2.0312500000000001E-002   5.4687500000000005E-003  0.69167320449309766       0.57527139936966809       0.69370442164975743     
   2.1093750000000001E-002   5.4687500000000005E-003  0.68474562460739197       0.57802930644893868       0.69196986186287301     
   2.1875000000000002E-002   5.4687500000000005E-003  0.67758196007698912       0.58076968163193343       0.69017683990921641     
   2.2656250000000003E-002   5.4687500000000005E-003  0.67018679794621261       0.58349196087565924       0.68832610398361715     
   2.3437500000000000E-002   5.4687500000000005E-003  0.66256486233939571       0.58619558447117992       0.68641842490887139     
   2.4218750000000001E-002   5.4687500000000005E-003  0.65472101142625228       0.58887999744363828       0.68445459595901992     
   2.5000000000000001E-002   5.4687500000000005E-003  0.64666023430772757       0.59154464991676459       0.68243543264172080     
   2.5781250000000002E-002   5.4687500000000005E-003  0.63838764782703461       0.59418899744788556       0.68036177244755480     
   2.6562500000000003E-002   5.4687500000000005E-003  0.62990849330968091       0.59681250133824681       0.67823447457291086     
   2.7343750000000000E-002   5.4687500000000005E-003  0.62122813323540493       0.59941462892239905       0.67605441962229440     
   2.8125000000000001E-002   5.4687500000000005E-003  0.61235204784430353       0.60199485383943452       0.67382250929542786     
   2.8906250000000001E-002   5.4687500000000005E-003  0.60328583167911620       0.60455265628793886       0.67153966606432902     
   2.9687500000000002E-002   5.4687500000000005E-003  0.59403519006499450       0.60708752326561299       0.66920683284560722     
   3.0468750000000003E-002   5.4687500000000005E-003  0.58460593552831330       0.60959894879359011       0.66682497267353602     
   3.1250000000000000E-002   5.4687500000000005E-003  0.57500398415489740       0.61208643412446029       0.66439506837994100     
   3.2031250000000004E-002   5.4687500000000005E-003  0.56523535188920848       0.61454948793195574       0.66191812228772451     
   3.2812500000000001E-002   5.4687500000000005E-003  0.55530615077297685       0.61698762647899086       0.65939515592562203     
   3.3593749999999999E-002   5.4687500000000005E-003  0.54522258512488619       0.61940037375947088       0.65682720977295705     
   3.4375000000000003E-002   5.4687500000000005E-003  0.53499094765512079       0.62178726160764286       0.65421534304383200     
   3.5156250000000000E-002   5.4687500000000005E-003  0.52461761551665587       0.62414782976729677       0.65156063352138827     
   3.5937500000000004E-002   5.4687500000000005E-003  0.51410904627815091       0.62648162591127277       0.64886417745213021     
   3.6718750000000001E-002   5.4687500000000005E-003  0.50347177382174679       0.62878820560069626       0.64612708951013853     
   3.7500000000000006E-002   5.4687500000000005E-003  0.49271240412578748       0.63106713217143584       0.64335050283556783     
   3.8281250000000003E-002   5.4687500000000005E-003  0.48183761090412253       0.63331797653235700       0.64053556914579168     
   3.9062500000000000E-002   5.4687500000000005E-003  0.47085413094154582       0.63554031684862111       0.63768345889882416     
   3.9843750000000004E-002   5.4687500000000005E-003  0.45976875895917046       0.63773373806086142       0.63479536146728144     
   4.0625000000000001E-002   5.4687500000000005E-003  0.44858834174940332       0.63989783115758125       0.63187248523658501     
   4.1406250000000006E-002   5.4687500000000005E-003  0.43731977180141496       0.64203219210982410       0.62891605749262125     
   4.2187500000000003E-002   5.4687500000000005E-003  0.42596998124410540       0.64413642044731823       0.62592732387182659     
   4.2968750000000000E-002   5.4687500000000005E-003  0.41454593740774570       0.64621011758978719       0.62290754702240481     
   4.3750000000000004E-002   5.4687500000000005E-003  0.40305463790769175       0.64825288485343524       0.61985800390975854     
   4.4531250000000001E-002   5.4687500000000005E-003  0.39150309224250596       0.65026431940203799       0.61677998103228071     
   4.5312500000000006E-002   5.4687500000000005E-003  0.37989825902782942       0.65224400174739838       0.61367476710284186     
   4.6093750000000003E-002   5.4687500000000005E-003  0.36824690911905605       0.65419146137978057       0.61054364456950783     
   4.6875000000000000E-002   5.4687500000000005E-003  0.35655547270469096       0.65610610688140314       0.60738788594996096     
   4.7656250000000004E-002   5.4687500000000005E-003  0.34483018492645007       0.65798713681545673       0.60420876792819356     
   4.8437500000000001E-002   5.4687500000000005E-003  0.33307818939018863       0.65983353368411135       0.60100762089860948     
   4.9218750000000006E-002   5.4687500000000005E-003  0.32131005136943636       0.66164435115963283       0.59778592350413950     
   5.0000000000000003E-002   5.4687500000000005E-003  0.30954191334868408       0.66341941842471341       0.59454542648234721     
   0.0000000000000000        6.2500000000000003E-003  0.78149203137144396       0.49903694533443937       0.71613139747631760     
   7.8125000000000004E-004   6.2500000000000003E-003  0.78159943221997630       0.50214358944148296       0.71613341788933971     
   1.5625000000000001E-003   6.2500000000000003E-003  0.78170683306850863       0.50522397304017730       0.71606043980698120     
   2.3437500000000003E-003   6.2500000000000003E-003  0.78157171716246643       0.50830461840172714       0.71591294444342246     
   3.1250000000000002E-003   6.2500000000000003E-003  0.78110878131800232       0.51138772080064665       0.71569166051330113     
   3.9062500000000000E-003   6.2500000000000003E-003  0.78031868297666995       0.51446885153379829       0.71539744805049310     
   4.6875000000000007E-003   6.2500000000000003E-003  0.77921919416083363       0.51754470991331025       0.71503119016032168     
   5.4687500000000005E-003   6.2500000000000003E-003  0.77782104560062626       0.52061395701752788       0.71459372276769462     
   6.2500000000000003E-003   6.2500000000000003E-003  0.77612782653186185       0.52367615835836812       0.71408580774945862     
   7.0312500000000002E-003   6.2500000000000003E-003  0.77414057248904555       0.52673101891058627       0.71350813316985484     
   7.8125000000000000E-003   6.2500000000000003E-003  0.77186033863334624       0.52977815027924391       0.71286132597667418     
   8.5937500000000007E-003   6.2500000000000003E-003  0.76928875606389469       0.53281708223853275       0.71214596673159469     
   9.3750000000000014E-003   6.2500000000000003E-003  0.76642785313344008       0.53584731078079262       0.71136260304517862     
   1.0156250000000000E-002   6.2500000000000003E-003  0.76327985426768952       0.53886832130199458       0.71051176092643120     
   1.0937500000000001E-002   6.2500000000000003E-003  0.75984710708963621       0.54187959200553604       0.70959395432897621     
   1.1718750000000000E-002   6.2500000000000003E-003  0.75613208448404823       0.54488059178275416       0.70860969301158649     
   1.2500000000000001E-002   6.2500000000000003E-003  0.75213740261514062       0.54787077921625849       0.70755948889149589     
   1.3281250000000001E-002   6.2500000000000003E-003  0.74786583232400661       0.55084960345451872       0.70644386106670753     
   1.4062500000000000E-002   6.2500000000000003E-003  0.74332030288641660       0.55381650594799403       0.70526333973800048     
   1.4843750000000001E-002   6.2500000000000003E-003  0.73850390215659478       0.55677092226325098       0.70401846924344769     
   1.5625000000000000E-002   6.2500000000000003E-003  0.73341987570341749       0.55971228369509540       0.70270981039102143     
   1.6406250000000001E-002   6.2500000000000003E-003  0.72807162573415818       0.56264001865961766       0.70133794223646662     
   1.7187500000000001E-002   6.2500000000000003E-003  0.72246270981837102       0.56555355391212647       0.69990346342330323     
   1.7968750000000002E-002   6.2500000000000003E-003  0.71659683932108931       0.56845231562339027       0.69840699317671773     
   1.8750000000000003E-002   6.2500000000000003E-003  0.71047787753370784       0.57133573033238516       0.69684917202368468     
   1.9531250000000000E-002   6.2500000000000003E-003  0.70410983754673639       0.57420322578825000       0.69523066229598107     
   2.0312500000000001E-002   6.2500000000000003E-003  0.69749687991672704       0.57705423169399783       0.69355214846043545     
   2.1093750000000001E-002   6.2500000000000003E-003  0.69064331016719027       0.57988818036500167       0.69181433731101361     
   2.1875000000000002E-002   6.2500000000000003E-003  0.68355357615010270       0.58270450731475032       0.69001795804986166     
   2.2656250000000003E-002   6.2500000000000003E-003  0.67623226528601987       0.58550265177908722       0.68816376227862586     
   2.3437500000000000E-002   6.2500000000000003E-003  0.66868410169601067       0.58828205718861237       0.68625252391697156     
   2.4218750000000001E-002   6.2500000000000003E-003  0.66091394323566754       0.59104217159745986       0.68428503906184845     
   2.5000000000000001E-002   6.2500000000000003E-003  0.65292677843931146       0.59378244807534764       0.68226212579853052     
   2.5781250000000002E-002   6.2500000000000003E-003  0.64472772338077966       0.59650234506862276       0.68018462397257284     
   2.6562500000000003E-002   6.2500000000000003E-003  0.63632201845583070       0.59920132673496596       0.67805339493048311     
   2.7343750000000000E-002   6.2500000000000003E-003  0.62771502509013277       0.60187886325543472       0.67586932123598209     
   2.8125000000000001E-002   6.2500000000000003E-003  0.61891222237596788       0.60453443112658467       0.67363330636817353     
   2.8906250000000001E-002   6.2500000000000003E-003  0.60991920364011920       0.60716751343449249       0.67134627440769967     
   2.9687500000000002E-002   6.2500000000000003E-003  0.60074167294484726       0.60977760011155868       0.66900916971699609     
   3.0468750000000003E-002   6.2500000000000003E-003  0.59138544152333106       0.61236418817598304       0.66662295662106341     
   3.1250000000000000E-002   6.2500000000000003E-003  0.58185642415043359       0.61492678195272366       0.66418861909569160     
   3.2031250000000004E-002   6.2500000000000003E-003  0.57216063544892726       0.61746489327354726       0.66170716047084555     
   3.2812500000000001E-002   6.2500000000000003E-003  0.56230418613048305       0.61997804165239867       0.65917960315778790     
   3.3593749999999999E-002   6.2500000000000003E-003  0.55229327916917281       0.62246575443071539       0.65660698840961329     
   3.4375000000000003E-002   6.2500000000000003E-003  0.54213420590352546       0.62492756688538764       0.65399037612571198     
   3.5156250000000000E-002   6.2500000000000003E-003  0.53183334206027688       0.62736302228983332       0.65133084471164293     
   3.5937500000000004E-002   6.2500000000000003E-003  0.52139714369062451       0.62977167191598171       0.64862949100569356     
   3.6718750000000001E-002   6.2500000000000003E-003  0.51083214300429181       0.63215307496187723       0.64588743028282036     
   3.7500000000000006E-002   6.2500000000000003E-003  0.50014494407666177       0.63450679838515278       0.64310579634272447     
   3.8281250000000003E-002   6.2500000000000003E-003  0.48934221837234149       0.63683241661455681       0.64028574168319585     
   3.9062500000000000E-002   6.2500000000000003E-003  0.47843069997145443       0.63912951109439886       0.63742843774699487     
   3.9843750000000004E-002   6.2500000000000003E-003  0.46741718031184709       0.64139766958457844       0.63453507521539765     
   4.0625000000000001E-002   6.2500000000000003E-003  0.45630850229323006       0.64363648509351890       0.63160686429659241     
   4.1406250000000006E-002   6.2500000000000003E-003  0.44511155391878554       0.64584555428966672       0.62864503493322954     
   4.2187500000000003E-002   6.2500000000000003E-003  0.43383326238475728       0.64802447526537688       0.62565083681665268     
   4.2968750000000000E-002   6.2500000000000003E-003  0.42248058987941928       0.65017284459561886       0.62262553906059903     
   4.3750000000000004E-002   6.2500000000000003E-003  0.41106052970994345       0.65229025341071278       0.61957042936549600     
   4.4531250000000001E-002   6.2500000000000003E-003  0.39958009163796449       0.65437628074583010       0.61648681265941407     
   4.5312500000000006E-002   6.2500000000000003E-003  0.38804624934773113       0.65643047848919056       0.61337600990331609     
   4.6093750000000003E-002   6.2500000000000003E-003  0.37646582319844407       0.65845233659659608       0.61023935966530951     
   4.6875000000000000E-002   6.2500000000000003E-003  0.36484535058919926       0.66044121816761292       0.60707822863044614     
   4.7656250000000004E-002   6.2500000000000003E-003  0.35319123272023345       0.66239628251564620       0.60389404133107427     
   4.8437500000000001E-002   6.2500000000000003E-003  0.34151076837158195       0.66431649362792700       0.60068833997650928     
   4.9218750000000006E-002   6.2500000000000003E-003  0.32981450448656918       0.66620091030584727       0.59746287592075786     
   5.0000000000000003E-002   6.2500000000000003E-003  0.31811824060155641       0.66804937216216287       0.59421971529237905     
   0.0000000000000000        7.0312500000000002E-003  0.78534672553465568       0.49878139400047122       0.71598928083633917     
   7.8125000000000004E-004   7.0312500000000002E-003  0.78553047116133445       0.50196396392565323       0.71599058279865391     
   1.5625000000000001E-003   7.0312500000000002E-003  0.78571421678801323       0.50512071436639705       0.71591758210318535     
   2.3437500000000003E-003   7.0312500000000002E-003  0.78565601741495816       0.50827814637613955       0.71577055637206322     
   3.1250000000000002E-003   7.0312500000000002E-003  0.78527041770759598       0.51143843449461013       0.71555001224808978     
   3.9062500000000000E-003   7.0312500000000002E-003  0.78455777335787125       0.51459709466265846       0.71525661174276689     
   4.6875000000000007E-003   7.0312500000000002E-003  0.78353563043113383       0.51775074205012217       0.71489108413999525     
   5.4687500000000005E-003   7.0312500000000002E-003  0.78221460741289262       0.52089794469552542       0.71445416120862693     
   6.2500000000000003E-003   7.0312500000000002E-003  0.78059825193661336       0.52403818339438735       0.71394654368693455     
   7.0312500000000002E-003   7.0312500000000002E-003  0.77868759286898426       0.52717109484137070       0.71336889023913597     
   7.8125000000000000E-003   7.0312500000000002E-003  0.77648369325951283       0.53029623973513507       0.71272181879244367     
   8.5937500000000007E-003   7.0312500000000002E-003  0.77398819840907329       0.53341311167005101       0.71200591302717697     
   9.3750000000000014E-003   7.0312500000000002E-003  0.77120315375109316       0.53652118184268438       0.71122173042980563     
   1.0156250000000000E-002   7.0312500000000002E-003  0.76813080220696317       0.53961991935697839       0.71036981034193736     
   1.0937500000000001E-002   7.0312500000000002E-003  0.76477350999304938       0.54270879240672742       0.70945068141645262     
   1.1718750000000000E-002   7.0312500000000002E-003  0.76113376762056462       0.54578726443821879       0.70846486820041454     
   1.2500000000000001E-002   7.0312500000000002E-003  0.75721420721866206       0.54885479182241548       0.70741289674324970     
   1.3281250000000001E-002   7.0312500000000002E-003  0.75301761365397957       0.55191082371365463       0.70629529924027545     
   1.4062500000000000E-002   7.0312500000000002E-003  0.74854692827440283       0.55495480303569888       0.70511261780216405     
   1.4843750000000001E-002   7.0312500000000002E-003  0.74380524916777724       0.55798616775748211       0.70386540747192194     
   1.5625000000000000E-002   7.0312500000000002E-003  0.73879583046154229       0.56100435212745425       0.70255423861310939     
   1.6406250000000001E-002   7.0312500000000002E-003  0.73352208142426689       0.56400878780620112       0.70117969878009889     
   1.7187500000000001E-002   7.0312500000000002E-003  0.72798756536784492       0.56699890490868621       0.69974239416498274     
   1.7968750000000002E-002   7.0312500000000002E-003  0.72219599825144232       0.56997413296560773       0.69824295070003728     
   1.8750000000000003E-002   7.0312500000000002E-003  0.71615124697040811       0.57293390180465509       0.69668201488074211     
   1.9531250000000000E-002   7.0312500000000002E-003  0.70985732737168161       0.57587764235160455       0.69506025436230023     
   2.0312500000000001E-002   7.0312500000000002E-003  0.70331840204725016       0.57880478735449525       0.69337835837245065     
   2.1093750000000001E-002   7.0312500000000002E-003  0.69653877794622454       0.58171477203716904       0.69163703797497322     
   2.1875000000000002E-002   7.0312500000000002E-003  0.68952290383336534       0.58460703468985975       0.68983702621151333     
   2.2656250000000003E-002   7.0312500000000002E-003  0.68227536761361807       0.58748101720463508       0.68797907814394221     
   2.3437500000000000E-002   7.0312500000000002E-003  0.67480089353734940       0.59033616556297475       0.68606397081521930     
   2.4218750000000001E-002   7.0312500000000002E-003  0.66710433929798041       0.59317193028201654       0.68409250314339520     
   2.5000000000000001E-002   7.0312500000000002E-003  0.65919069303139977       0.59598776682519605       0.68206549576084452     
   2.5781250000000002E-002   7.0312500000000002E-003  0.65106507022470506       0.59878313598218136       0.67998379080888527     
   2.6562500000000003E-002   7.0312500000000002E-003  0.64273271054028724       0.60155750422218157       0.67784825169653695     
   2.7343750000000000E-002   7.0312500000000002E-003  0.63419897456006347       0.60431034402387840       0.67565976283120222     
   2.8125000000000001E-002   7.0312500000000002E-003  0.62546934045368352       0.60704113418437700       0.67341922932846376     
   2.8906250000000001E-002   7.0312500000000002E-003  0.61654940057372565       0.60974936010869130       0.67112757670793610     
   2.9687500000000002E-002   7.0312500000000002E-003  0.60744485798019809       0.61243451408032923       0.66878575058215950     
   3.0468750000000003E-002   7.0312500000000002E-003  0.59816152289596913       0.61509609551250566       0.66639471634585490     
   3.1250000000000000E-002   7.0312500000000002E-003  0.58870530909408869       0.61773361117833292       0.66395545887345098     
   3.2031250000000004E-002   7.0312500000000002E-003  0.57908223021704486       0.62034657541698168       0.66146898223363326     
   3.2812500000000001E-002   7.0312500000000002E-003  0.56929839602701326       0.62293451031118929       0.65893630943069736     
   3.3593749999999999E-002   7.0312500000000002E-003  0.55936000858439550       0.62549694582952697       0.65635848218368820     
   3.4375000000000003E-002   7.0312500000000002E-003  0.54927335835016211       0.62803341992439443       0.65373656075552400     
   3.5156250000000000E-002   7.0312500000000002E-003  0.53904482020448774       0.63054347857363013       0.65107162384547668     
   3.5937500000000004E-002   7.0312500000000002E-003  0.52868084937203008       0.63302667574972415       0.64836476855910896     
   3.6718750000000001E-002   7.0312500000000002E-003  0.51818797723910770       0.63548257329551383       0.64561711046992887     
   3.7500000000000006E-002   7.0312500000000002E-003  0.50757280704012653       0.63791074067789322       0.64282978378579037     
   3.8281250000000003E-002   7.0312500000000002E-003  0.49684200936384004       0.64031075457871456       0.64000394163046026     
   3.9062500000000000E-002   7.0312500000000002E-003  0.48600231738436783       0.64268219825948536       0.63714075644608881     
   3.9843750000000004E-002   7.0312500000000002E-003  0.47506052166465967       0.64502466059771169       0.63424142051754562     
   4.0625000000000001E-002   7.0312500000000002E-003  0.46402346442674064       0.64733773463966926       0.63130714661643572     
   4.1406250000000006E-002   7.0312500000000002E-003  0.45289803350843699       0.64962101547079243       0.62833916876748575     
   4.2187500000000003E-002   7.0312500000000002E-003  0.44169115694771799       0.65187409721560419       0.62533874315777882     
   4.2968750000000000E-002   7.0312500000000002E-003  0.43040979954077130       0.65409656903574676       0.62230714925640662     
   4.3750000000000004E-002   7.0312500000000002E-003  0.41906096039678009       0.65628800982137647       0.61924569132958962     
   4.4531250000000001E-002   7.0312500000000002E-003  0.40765166154911536       0.65844798005481420       0.61615570085244376     
   4.5312500000000006E-002   7.0312500000000002E-003  0.39618890268427104       0.66057600596907196       0.61303854109418987     
   4.6093750000000003E-002   7.0312500000000002E-003  0.38467955673508414       0.66267154633864001       0.60989561674508652     
   4.6875000000000000E-002   7.0312500000000002E-003  0.37313025459663185       0.66473393358630151       0.60672839392168132     
   4.7656250000000004E-002   7.0312500000000002E-003  0.36154752954416913       0.66676230774419132       0.60353843813362607     
   4.8437500000000001E-002   7.0312500000000002E-003  0.34993879829106261       0.66875563585693953       0.60032747664422104     
   4.9218750000000006E-002   7.0312500000000002E-003  0.33831458472240056       0.67071300214754093       0.59709748274345686     
   5.0000000000000003E-002   7.0312500000000002E-003  0.32669037115373850       0.67263427455172564       0.59385076351149779     
   0.0000000000000000        7.8125000000000000E-003  0.78920373587482928       0.49849590691974199       0.71583047649396170     
   7.8125000000000004E-004   7.8125000000000000E-003  0.78946354587913858       0.50175431125773706       0.71583078349273532     
   1.5625000000000001E-003   7.8125000000000000E-003  0.78972335588344789       0.50498726560018004       0.71575737113270410     
   2.3437500000000003E-003   7.8125000000000000E-003  0.78974149139719563       0.50822125626037118       0.71561038099212793     
   3.1250000000000002E-003   7.8125000000000000E-003  0.78943258079900180       0.51145845093556752       0.71539015522316207     
   3.9062500000000000E-003   7.8125000000000000E-003  0.78879679933972568       0.51469433711916179       0.71509719412931694     
   4.6875000000000007E-003   7.8125000000000000E-003  0.78785150802337922       0.51792547270214595       0.71473209039821239     
   5.4687500000000005E-003   7.8125000000000000E-003  0.78660721560576286       0.52115035380354358       0.71429547338745802     
   6.2500000000000003E-003   7.8125000000000000E-003  0.78506741831511362       0.52436838968208899       0.71378797445799647     
   7.0312500000000002E-003   7.8125000000000000E-003  0.78323312257976085       0.52757915436613390       0.71321020998913620     
   7.8125000000000000E-003   7.8125000000000000E-003  0.78110538332126633       0.53078215752555602       0.71256277550461367     
   8.5937500000000007E-003   7.8125000000000000E-003  0.77868584609781522       0.53397685302475306       0.71184624588732681     
   9.3750000000000014E-003   7.8125000000000000E-003  0.77597656236705870       0.53716268210840157       0.71106117867130925     
   1.0156250000000000E-002   7.8125000000000000E-003  0.77297978468899853       0.54033909195784191       0.71020811873213385     
   1.0937500000000001E-002   7.8125000000000000E-003  0.76969789076639539       0.54350553524198086       0.70928760341603436     
   1.1718750000000000E-002   7.8125000000000000E-003  0.76613338306152201       0.54666146485510725       0.70830016754608538     
   1.2500000000000001E-002   7.8125000000000000E-003  0.76228890524078763       0.54980633038841298       0.70724634799322317     
   1.3281250000000001E-002   7.8125000000000000E-003  0.75816725280123043       0.55293957701126661       0.70612668767181819     
   1.4062500000000000E-002   7.8125000000000000E-003  0.75377137659223958       0.55606064568778502       0.70494173892992307     
   1.4843750000000001E-002   7.8125000000000000E-003  0.74910438300383075       0.55916897386332476       0.70369206636587900     
   1.5625000000000000E-002   7.8125000000000000E-003  0.74416953328212909       0.56226399625660572       0.70237824913031044     
   1.6406250000000001E-002   7.8125000000000000E-003  0.73897024269391853       0.56534514566551564       0.70100088278056849     
   1.7187500000000001E-002   7.8125000000000000E-003  0.73351007951844904       0.56841185377124226       0.69956058075319916     
   1.7968750000000002E-002   7.8125000000000000E-003  0.72779276375357504       0.57146355192894016       0.69805797551442617     
   1.8750000000000003E-002   7.8125000000000000E-003  0.72182216551010514       0.57449967192908680       0.69649371944146243     
   1.9531250000000000E-002   7.8125000000000000E-003  0.71560230312976469       0.57751964671658651       0.69486848547998048     
   2.0312500000000001E-002   7.8125000000000000E-003  0.70913734107496040       0.58052291106097076       0.69318296761595799     
   2.1093750000000001E-002   7.8125000000000000E-003  0.70243158762927926       0.58350890217646501       0.69143788119374794     
   2.1875000000000002E-002   7.8125000000000000E-003  0.69548949243611269       0.58647706029395341       0.68963396310673930     
   2.2656250000000003E-002   7.8125000000000000E-003  0.68831564389507260       0.58942682918842793       0.68777197188239214     
   2.3437500000000000E-002   7.8125000000000000E-003  0.68091476643138438       0.59235765666606766       0.68585268767967500     
   2.4218750000000001E-002   7.8125000000000000E-003  0.67329171765057916       0.59526899501515562       0.68387691221390978     
   2.5000000000000001E-002   7.8125000000000000E-003  0.66545148538857624       0.59816030142482413       0.68184546862165185     
   2.5781250000000002E-002   7.8125000000000000E-003  0.65739918466540981       0.60103103837523386       0.67975920127639289     
   2.6562500000000003E-002   7.8125000000000000E-003  0.64914005454929602       0.60388067400227696       0.67761897556453643     
   2.7343750000000000E-002   7.8125000000000000E-003  0.64067945493646783       0.60670868243927045       0.67542567763015393     
   2.8125000000000001E-002   7.8125000000000000E-003  0.63202286325115742       0.60951454413739670       0.67318021409648365     
   2.8906250000000001E-002   7.8125000000000000E-003  0.62317587106923067       0.61229774616582255       0.67088351177192174     
   2.9687500000000002E-002   7.8125000000000000E-003  0.61414418066820387       0.61505778249150467       0.66853651734836850     
   3.0468750000000003E-002   7.8125000000000000E-003  0.60493360150561692       0.61779415423759387       0.66614019710021743     
   3.1250000000000000E-002   7.8125000000000000E-003  0.59555004662698829       0.62050636991807884       0.66369553659299507     
   3.2031250000000004E-002   7.8125000000000000E-003  0.58599952900366448       0.62319394564476560       0.66120354041167273     
   3.2812500000000001E-002   7.8125000000000000E-003  0.57628815779977594       0.62585640530080078       0.65866523191996240     
   3.3593749999999999E-002   7.8125000000000000E-003  0.56642213456599044       0.62849328067257204       0.65608165306345401     
   3.4375000000000003E-002   7.8125000000000000E-003  0.55640774935588033       0.63110411152877843       0.65345386423121588     
   3.5156250000000000E-002   7.8125000000000000E-003  0.54625137675849345       0.63368844563152038       0.65078294419240990     
   3.5937500000000004E-002   7.8125000000000000E-003  0.53595947183863191       0.63624583865910234       0.64806999012650168     
   3.6718750000000001E-002   7.8125000000000000E-003  0.52553856597348947       0.63877585401335735       0.64531611776770770     
   3.7500000000000006E-002   7.8125000000000000E-003  0.51499526256768158       0.64127806247451102       0.64252246168643434     
   3.8281250000000003E-002   7.8125000000000000E-003  0.50433623260920524       0.64375204165121303       0.63969017573294207     
   3.9062500000000000E-002   7.8125000000000000E-003  0.49356820998994577       0.64619737514747655       0.63682043367237151     
   3.9843750000000004E-002   7.8125000000000000E-003  0.48269798647345191       0.64861365132661353       0.63391443004809689     
   4.0625000000000001E-002   7.8125000000000000E-003  0.47173240624535295       0.65100046149728996       0.63097338132684555     
   4.1406250000000006E-002   7.8125000000000000E-003  0.46067836031083698       0.65335739730269793       0.62799852741157491     
   4.2187500000000003E-002   7.8125000000000000E-003  0.44954278170169532       0.65568404710751760       0.62499113366756209     
   4.2968750000000000E-002   7.8125000000000000E-003  0.43833264287933615       0.65797999125292184       0.62195249371150940     
   4.3750000000000004E-002   7.8125000000000000E-003  0.42705495455567466       0.66024479595079455       0.61888393340096071     
   4.4531250000000001E-002   7.8125000000000000E-003  0.41571675670109648       0.66247800457828820       0.61578681681780356     
   4.5312500000000006E-002   7.8125000000000000E-003  0.40432507824049557       0.66467912219053193       0.61266255572250083     
   4.6093750000000003E-002   7.8125000000000000E-003  0.39288684141372432       0.66684758481433970       0.60951262514089710     
   4.6875000000000000E-002   7.8125000000000000E-003  0.38140875590941581       0.66898270652808867       0.60633858935183638     
   4.7656250000000004E-002   7.8125000000000000E-003  0.36989745752432918       0.67108362263440624       0.60314214363792151     
   4.8437500000000001E-002   7.8125000000000000E-003  0.35836043564239989       0.67314931684923496       0.59992517539892365     
   4.9218750000000006E-002   7.8125000000000000E-003  0.34680814367598090       0.67517890774075484       0.59668984077968346     
   5.0000000000000003E-002   7.8125000000000000E-003  0.33525585170956190       0.67717229799143996       0.59343864138113012     
   0.0000000000000000        8.5937500000000007E-003  0.79306281920335997       0.49818052708555599       0.71565499507830366     
   7.8125000000000004E-004   8.5937500000000007E-003  0.79339818832403319       0.50151470019504141       0.71565406965982470     
   1.5625000000000001E-003   8.5937500000000007E-003  0.79373355744470642       0.50482373000793024       0.71557992536376325     
   2.3437500000000003E-003   8.5937500000000007E-003  0.79382758227469907       0.50813409869187498       0.71543260249266061     
   3.1250000000000002E-003   8.5937500000000007E-003  0.79359487246396032       0.51144797713081203       0.71521231954530662     
   3.9062500000000000E-003   8.5937500000000007E-003  0.79303547494370330       0.51476083797080485       0.71491944698755083     
   4.6875000000000007E-003   8.5937500000000007E-003  0.79216661211351802       0.51806920075834473       0.71455445969654319     
   5.4687500000000005E-003   8.5937500000000007E-003  0.79099869588287841       0.52137150764519802       0.71411789144070592     
   6.2500000000000003E-003   8.5937500000000007E-003  0.78953516707354954       0.52466710945460882       0.71361030238426049     
   7.0312500000000002E-003   8.5937500000000007E-003  0.78777700120221494       0.52795552508469124       0.71303225967110540     
   7.8125000000000000E-003   8.5937500000000007E-003  0.78572523575086206       0.53123621602778426       0.71238432736104340     
   8.5937500000000007E-003   8.5937500000000007E-003  0.78338150765808923       0.53450859595820066       0.71166706231658639     
   9.3750000000000014E-003   8.5937500000000007E-003  0.78074786635824012       0.53777207367394197       0.71088101374295998     
   1.0156250000000000E-002   8.5937500000000007E-003  0.77782656703374931       0.54102607085959609       0.71002672489274199     
   1.0937500000000001E-002   8.5937500000000007E-003  0.77461999287861871       0.54427002063695229       0.70910473592716194     
   1.1718750000000000E-002   8.5937500000000007E-003  0.77113065330865305       0.54750336126985688       0.70811558725420543     
   1.2500000000000001E-002   8.5937500000000007E-003  0.76736119945040737       0.55072553166744198       0.70705982290976876     
   1.3281250000000001E-002   8.5937500000000007E-003  0.76331443416958100       0.55393596941436096       0.70593799373219512     
   1.4062500000000000E-002   8.5937500000000007E-003  0.75899331524059810       0.55713411027300752       0.70475066020615484     
   1.4843750000000001E-002   8.5937500000000007E-003  0.75440095533879070       0.56031938828978434       0.70349839493035093     
   1.5625000000000000E-002   8.5937500000000007E-003  0.74954062126079501       0.56349123612673180       0.70218178470837556     
   1.6406250000000001E-002   8.5937500000000007E-003  0.74441573306050268       0.56664908550810189       0.70080143228571523     
   1.7187500000000001E-002   8.5937500000000007E-003  0.73902986305594986       0.56979236774823194       0.69935795776694798     
   1.7968750000000002E-002   8.5937500000000007E-003  0.73338673457774606       0.57292051433260771       0.69785199975095602     
   1.8750000000000003E-002   8.5937500000000007E-003  0.72749022042107725       0.57603295752237416       0.69628421622160175     
   1.9531250000000000E-002   8.5937500000000007E-003  0.72134434102852929       0.57912913095784080       0.69465528522870812     
   2.0312500000000001E-002   8.5937500000000007E-003  0.71495326244667712       0.58220847024498490       0.69296590539054470     
   2.1093750000000001E-002   8.5937500000000007E-003  0.70832129409216160       0.58527041351625875       0.69121679624509169     
   2.1875000000000002E-002   8.5937500000000007E-003  0.70145288635280834       0.58831440196185847       0.68940869847357711     
   2.2656250000000003E-002   8.5937500000000007E-003  0.69435262804248854       0.59133988033045459       0.68754237401635321     
   2.3437500000000000E-002   8.5937500000000007E-003  0.68702524372450491       0.59434629739997302       0.68561860609821812     
   2.4218750000000001E-002   8.5937500000000007E-003  0.67947559091576937       0.59733310641987825       0.68363819917779411     
   2.5000000000000001E-002   8.5937500000000007E-003  0.67170865718203854       0.60029976552681108       0.68160197883355322     
   2.5781250000000002E-002   8.5937500000000007E-003  0.66372955713276216       0.60324573813551441       0.67951079159749361     
   2.6562500000000003E-002   8.5937500000000007E-003  0.65554352932261795       0.60617049330680917       0.67736550474629231     
   2.7343750000000000E-002   8.5937500000000007E-003  0.64715593306556296       0.60907350609400579       0.67516700605896718     
   2.8125000000000001E-002   8.5937500000000007E-003  0.63857224516619893       0.61195425786858904       0.67291620354963655     
   2.8906250000000001E-002   8.5937500000000007E-003  0.62979805657236809       0.61481223662528317       0.67061402518387903     
   2.9687500000000002E-002   8.5937500000000007E-003  0.62083906895211416       0.61764693726570696       0.66826141858743515     
   3.0468750000000003E-002   8.5937500000000007E-003  0.61170109119739469       0.62045786185869989       0.66585935075658054     
   3.1250000000000000E-002   8.5937500000000007E-003  0.60239003585618411       0.62324451987402518       0.66340880778043243     
   3.2031250000000004E-002   8.5937500000000007E-003  0.59291191549376554       0.62600642838443077       0.66091079458674495     
   3.2812500000000001E-002   8.5937500000000007E-003  0.58327283898299120       0.62874311222888246       0.65836633472442641     
   3.3593749999999999E-002   8.5937500000000007E-003  0.57347900772201843       0.63145410412700809       0.65577647019810092     
   3.4375000000000003E-002   8.5937500000000007E-003  0.56353671177647036       0.63413894473119070       0.65314226137257825     
   3.5156250000000000E-002   8.5937500000000007E-003  0.55345232594140936       0.63679718259803653       0.65046478696816179     
   3.5937500000000004E-002   8.5937500000000007E-003  0.54323230571724379       0.63942837405476249       0.64774514417143847     
   3.6718750000000001E-002   8.5937500000000007E-003  0.53288318319248484       0.64203208292783487       0.64498444889078943     
   3.7500000000000006E-002   8.5937500000000007E-003  0.52241156282193846       0.64460788008981817       0.64218383619179809     
   3.8281250000000003E-002   8.5937500000000007E-003  0.51182411707412578       0.64715534276339803       0.63934446095592135     
   3.9062500000000000E-002   8.5937500000000007E-003  0.50112758188945650       0.64967405349460894       0.63646749881807307     
   3.9843750000000004E-002   8.5937500000000007E-003  0.49032875185955149       0.65216359866615237       0.63355414745841176     
   4.0625000000000001E-002   8.5937500000000007E-003  0.47943447509681852       0.65462356637004870       0.63060562835619527     
   4.1406250000000006E-002   8.5937500000000007E-003  0.46845164808830836       0.65705354342229294       0.62762318916715698     
   4.2187500000000003E-002   8.5937500000000007E-003  0.45738721150238465       0.65945311133037099       0.62460810697158953     
   4.2968750000000000E-002   8.5937500000000007E-003  0.44624814832967197       0.66182184113017806       0.62156169277352369     
   4.3750000000000004E-002   8.5937500000000007E-003  0.43504148367393758       0.66415928697932747       0.61848529783800932     
   4.4531250000000001E-002   8.5937500000000007E-003  0.42377427741738288       0.66646497753688883       0.61538032278358723     
   4.5312500000000006E-002   8.5937500000000007E-003  0.41245358724244496       0.66873840148760222       0.61224823088534863     
   4.6093750000000003E-002   8.5937500000000007E-003  0.40108637867862790       0.67097897961036423       0.60909056786773552     
   4.6875000000000000E-002   8.5937500000000007E-003  0.38967942466176686       0.67318601712280379       0.60590899145408816     
   4.7656250000000004E-002   8.5937500000000007E-003  0.37823943931273268       0.67535865399181882       0.60270531437492780     
   4.8437500000000001E-002   8.5937500000000007E-003  0.36677397493934355       0.67749589756464657       0.59948156277986575     
   4.9218750000000006E-002   8.5937500000000007E-003  0.35529346737336792       0.67959690674410456       0.59624004625084503     
   5.0000000000000003E-002   8.5937500000000007E-003  0.34381295980739229       0.68166162591948454       0.59298342734969178     
   0.0000000000000000        9.3750000000000014E-003  0.79692257656587595       0.49783530199295623       0.71546284833471596     
   7.8125000000000004E-004   9.3750000000000014E-003  0.79733335990561205       0.50124518370586379       0.71546048820380226     
   1.5625000000000001E-003   9.3750000000000014E-003  0.79774414324534815       0.50463018977175933       0.71538533990167696     
   2.3437500000000003E-003   9.3750000000000014E-003  0.79791374008049287       0.50801679700954450       0.71523736760095358     
   3.1250000000000002E-003   9.3750000000000014E-003  0.79775685082589121       0.51140718036195876       0.71501669383737543     
   3.9062500000000000E-003   9.3750000000000014E-003  0.79727345208024480       0.51479680723385857       0.71472358455523211     
   4.6875000000000007E-003   9.3750000000000014E-003  0.79648066092849590       0.51818217262114197       0.71435841463762961     
   5.4687500000000005E-003   9.3750000000000014E-003  0.79538880687122882       0.52156167891238703       0.71392163144177390     
   6.2500000000000003E-003   9.3750000000000014E-003  0.79400127726806768       0.52493463016226882       0.71341372598520947     
   7.0312500000000002E-003   9.3750000000000014E-003  0.79231901367403357       0.52830049809115975       0.71283521339148403     
   7.8125000000000000E-003   9.3750000000000014E-003  0.79034303142636830       0.53165870040356455       0.71218662077554840     
   8.5937500000000007E-003   9.3750000000000014E-003  0.78807495354739721       0.53500861212042117       0.71146848041185828     
   9.3750000000000014E-003   9.3750000000000014E-003  0.78551682197082495       0.53834960908489893       0.71068132655173988     
   1.0156250000000000E-002   9.3750000000000014E-003  0.78267088922808259       0.54168108563935791       0.70982569470563306     
   1.0937500000000001E-002   9.3750000000000014E-003  0.77953953919264996       0.54500245272598125       0.70890212249294804     
   1.1718750000000000E-002   9.3750000000000014E-003  0.77612528402176939       0.54831313095678158       0.70791115138638505     
   1.2500000000000001E-002   9.3750000000000014E-003  0.77243077871962951       0.55161254542168847       0.70685332887579244     
   1.3281250000000001E-002   9.3750000000000014E-003  0.76845883053690678       0.55490012304451364       0.70572921074146910     
   1.4062500000000000E-002   9.3750000000000014E-003  0.76421240172385119       0.55817529147614853       0.70453936324944244     
   1.4843750000000001E-002   9.3750000000000014E-003  0.75969460925146770       0.56143747867508398       0.70328436516485160     
   1.5625000000000000E-002   9.3750000000000014E-003  0.75490872386315355       0.56468611279875658       0.70196480953349638     
   1.6406250000000001E-002   9.3750000000000014E-003  0.74985816911555092       0.56792062228940632       0.70058130521520945     
   1.7187500000000001E-002   9.3750000000000014E-003  0.74454652034283608       0.57114043611147391       0.69913447817286389     
   1.7968750000000002E-002   9.3750000000000014E-003  0.73897750339859025       0.57434498410212931       0.69762497253216238     
   1.8750000000000003E-002   9.3750000000000014E-003  0.73315499312481724       0.57753369739519911       0.69605345143295516     
   1.9531250000000000E-002   9.3750000000000014E-003  0.72708301156633315       0.58070600888494561       0.69442059769481634     
   2.0312500000000001E-002   9.3750000000000014E-003  0.72076572596723942       0.58386135370578485       0.69272711431943190     
   2.1093750000000001E-002   9.3750000000000014E-003  0.71420744658101831       0.58699916971255506       0.69097372485100639     
   2.1875000000000002E-002   9.3750000000000014E-003  0.70741262431704111       0.59011889795195405       0.68916117361400242     
   2.2656250000000003E-002   9.3750000000000014E-003  0.70038584824042416       0.59321998311962953       0.68729022584547805     
   2.3437500000000000E-002   9.3750000000000014E-003  0.69313184293893149       0.59630187399985513       0.68536166773730811     
   2.4218750000000001E-002   9.3750000000000014E-003  0.68565546576857517       0.59936402388630683       0.68337630640179658     
   2.5000000000000001E-002   9.3750000000000014E-003  0.67796170398791122       0.60240589098342501       0.68133496977267471     
   2.5781250000000002E-002   9.3750000000000014E-003  0.67005567178952830       0.60542693878838039       0.67923850645226913     
   2.6562500000000003E-002   9.3750000000000014E-003  0.66194260723590526       0.60842663645383688       0.67708778551472948     
   2.7343750000000000E-002   9.3750000000000014E-003  0.65362786910566562       0.61140445913158470       0.67488369627463773     
   2.8125000000000001E-002   9.3750000000000014E-003  0.64511693365530509       0.61435988829674115       0.67262714803007573     
   2.8906250000000001E-002   9.3750000000000014E-003  0.63641539130063274       0.61729241205160246       0.67031906978933109     
   2.9687500000000002E-002   9.3750000000000014E-003  0.62752894322142960       0.62020152540736251       0.66796040999086403     
   3.0468750000000003E-002   9.3750000000000014E-003  0.61846339789215332       0.62308673054077723       0.66555213622698461     
   3.1250000000000000E-002   9.3750000000000014E-003  0.60922466754082472       0.62594753702138284       0.66309523498291556     
   3.2031250000000004E-002   9.3750000000000014E-003  0.59981876453751992       0.62878346200299395       0.66059071140459369     
   3.2812500000000001E-002   9.3750000000000014E-003  0.59025179771304970       0.63159403037080319       0.65803958911075311     
   3.3593749999999999E-002   9.3750000000000014E-003  0.58052996860741435       0.63437877483228200       0.65544291006761979     
   3.4375000000000003E-002   9.3750000000000014E-003  0.57065956764650683       0.63713723593604310       0.65280173454806101     
   3.5156250000000000E-002   9.3750000000000014E-003  0.56064697024460219       0.63986896199754073       0.65011714120146691     
   3.5937500000000004E-002   9.3750000000000014E-003  0.55049863282983791       0.64257350890363263       0.64739022726628759     
   3.6718750000000001E-002   9.3750000000000014E-003  0.54022108878998998       0.64525043975907248       0.64462210896450267     
   3.7500000000000006E-002   9.3750000000000014E-003  0.52982094433354809       0.64789932432599018       0.64181392212713395     
   3.8281250000000003E-002   9.3750000000000014E-003  0.51930487424942984       0.65051973819021347       0.63896682311354924     
   3.9062500000000000E-002   9.3750000000000014E-003  0.50867961752126845       0.65311126156228849       0.63608199010692912     
   3.9843750000000004E-002   9.3750000000000014E-003  0.49795197272686892       0.65567347758304750       0.63316062489744718     
   4.0625000000000001E-002   9.3750000000000014E-003  0.48712879321541036       0.65820596995865599       0.63020395530883300     
   4.1406250000000006E-002   9.3750000000000014E-003  0.47621698237253429       0.66070831972525335       0.62721323849049904     
   4.2187500000000003E-002   9.3750000000000014E-003  0.46522348993530094       0.66318010099007596       0.62418976539546200     
   4.2968750000000000E-002   9.3750000000000014E-003  0.45415531071315229       0.66562087563168304       0.62113486690445929     
   4.3750000000000004E-002   9.3750000000000014E-003  0.44301948506446814       0.66803018696651428       0.61804992225297906     
   4.4531250000000001E-002   9.3750000000000014E-003  0.43182309262801616       0.67040755163387944       0.61493637069419593     
   4.5312500000000006E-002   9.3750000000000014E-003  0.42057321743508663       0.67275244644328436       0.61179572772540458     
   4.6093750000000003E-002   9.3750000000000014E-003  0.40927686157893434       0.67506428312614508       0.60862960774369235     
   4.6875000000000000E-002   9.3750000000000014E-003  0.39794084815856778       0.67734236513192059       0.60543975556865826     
   4.7656250000000004E-002   9.3750000000000014E-003  0.38657194971332887       0.67958584357214169       0.60222808937658145     
   4.8437500000000001E-002   9.3750000000000014E-003  0.37517775263561204       0.68179375365299311       0.59899675612062198     
   4.9218750000000006E-002   9.3750000000000014E-003  0.36376863570697937       0.68396529491648461       0.59574819620768571     
   5.0000000000000003E-002   9.3750000000000014E-003  0.35235951877834670       0.68610045352459836       0.59248520805371940     
   0.0000000000000000        1.0156250000000000E-002  0.80078279969303168       0.49746028363157169       0.71525404912399615     
   7.8125000000000004E-004   1.0156250000000000E-002  0.80126866637855587       0.50094583223376554       0.71525007838370580     
   1.5625000000000001E-003   1.0156250000000000E-002  0.80175453306408007       0.50440673319910734       0.71517369333173908     
   2.3437500000000003E-003   1.0156250000000000E-002  0.80199942735426089       0.50786946306711955       0.71502479682941766     
   3.1250000000000002E-003   1.0156250000000000E-002  0.80191805944550787       0.51133620397101931       0.71480343558129278     
   3.9062500000000000E-003   1.0156250000000000E-002  0.80151034665723631       0.51480242228982642       0.71450979077352128     
   4.6875000000000007E-003   1.0156250000000000E-002  0.80079332499888090       0.51826459716219153       0.71414415284708088     
   5.4687500000000005E-003   1.0156250000000000E-002  0.79977725558347390       0.52172110174735953       0.71370689247293473     
   6.2500000000000003E-003   1.0156250000000000E-002  0.79846547739494156       0.52517120301471609       0.71319843575488151     
   7.0312500000000002E-003   1.0156250000000000E-002  0.79685889846616031       0.52861433297447769       0.71261924582826552     
   7.8125000000000000E-003   1.0156250000000000E-002  0.79495851026723541       0.53204987048986652       0.71196981013599514     
   8.5937500000000007E-003   1.0156250000000000E-002  0.79276591902839844       0.53547715459660672       0.71125063210440242     
   9.3750000000000014E-003   1.0156250000000000E-002  0.79028315565168772       0.53889552901681437       0.71046222614037291     
   1.0156250000000000E-002   1.0156250000000000E-002  0.78751246623959326       0.54230436022225825       0.70960511508703816     
   1.0937500000000001E-002   1.0156250000000000E-002  0.78445623164623568       0.54570303551001398       0.70867982941519014     
   1.1718750000000000E-002   1.0156250000000000E-002  0.78111696335544256       0.54909095578611689       0.70768690755519070     
   1.2500000000000001E-002   1.0156250000000000E-002  0.77749731721417992       0.55246752994551263       0.70662689691159508     
   1.3281250000000001E-002   1.0156250000000000E-002  0.77360010222794418       0.55583217174664112       0.70550035523315069     
   1.4062500000000000E-002   1.0156250000000000E-002  0.76942828288273812       0.55918429822701632       0.70430785211753300     
   1.4843750000000001E-002   1.0156250000000000E-002  0.76498497856141245       0.56252332884156964       0.70304997050920237     
   1.5625000000000000E-002   1.0156250000000000E-002  0.76027346238497906       0.56584868496196428       0.70172730810434014     
   1.6406250000000001E-002   1.0156250000000000E-002  0.75529716011544457       0.56915978962510938       0.70034047861493476     
   1.7187500000000001E-002   1.0156250000000000E-002  0.75005964903667410       0.57245606748669542       0.69889011286964486     
   1.7968750000000002E-002   1.0156250000000000E-002  0.74456465665273830       0.57573694493707361       0.69737685974563801     
   1.8750000000000003E-002   1.0156250000000000E-002  0.73881605914154480       0.57900185033403928       0.69580138693581106     
   1.9531250000000000E-002   1.0156250000000000E-002  0.73281787957308975       0.58225021431285473       0.69416438156163074     
   2.0312500000000001E-002   1.0156250000000000E-002  0.72657428592255924       0.58548147014366603       0.69246655064475826     
   2.1093750000000001E-002   1.0156250000000000E-002  0.72008958890519803       0.58869505411551359       0.69070862145171941     
   2.1875000000000002E-002   1.0156250000000000E-002  0.71336823965246976       0.59189040593279663       0.68889134172587341     
   2.2656250000000003E-002   1.0156250000000000E-002  0.70641482724417104       0.59506696911458890       0.68701547982032707     
   2.3437500000000000E-002   1.0156250000000000E-002  0.69923407610863997       0.59822419139029226       0.68508182474454937     
   2.4218750000000001E-002   1.0156250000000000E-002  0.69183084330170097       0.60136152508724827       0.68309118613648101     
   2.5000000000000001E-002   1.0156250000000000E-002  0.68421011567370427       0.60447842750738667       0.68104439417104401     
   2.5781250000000002E-002   1.0156250000000000E-002  0.67637700693282965       0.60757436129091169       0.67894229941522011     
   2.6562500000000003E-002   1.0156250000000000E-002  0.66833675461168385       0.61064879476551859       0.67678577263934769     
   2.7343750000000000E-002   1.0156250000000000E-002  0.66009471694324606       0.61370120227975633       0.67457570459402727     
   2.8125000000000001E-002   1.0156250000000000E-002  0.65165636965137341       0.61673106451895099       0.67231300576205588     
   2.8906250000000001E-002   1.0156250000000000E-002  0.64302730266033459       0.61973786880159809       0.66999860609517048     
   2.9687500000000002E-002   1.0156250000000000E-002  0.63421321672720621       0.62272110935332681       0.66763345474610136     
   3.0468750000000003E-002   1.0156250000000000E-002  0.62521992000036553       0.62568028755438998       0.66521851980756874     
   3.1250000000000000E-002   1.0156250000000000E-002  0.61605332450675110       0.62861491215510834       0.66275478807145694     
   3.2031250000000004E-002   1.0156250000000000E-002  0.60671944256998656       0.63152449945169897       0.66024326482354534     
   3.2812500000000001E-002   1.0156250000000000E-002  0.59722438316083259       0.63440857341232826       0.65768497369197776     
   3.3593749999999999E-002   1.0156250000000000E-002  0.58757434818073639       0.63726666573988400       0.65508095657124399     
   3.4375000000000003E-002   1.0156250000000000E-002  0.57777562867853915       0.64009831585362742       0.65243227364804923     
   3.5156250000000000E-002   1.0156250000000000E-002  0.56783460100005489       0.64290307076630027       0.64974000356134665     
   3.5937500000000004E-002   1.0156250000000000E-002  0.55775772287066117       0.64568048482612539       0.64700524373644530     
   3.6718750000000001E-002   1.0156250000000000E-002  0.54755152941215524       0.64843011928404870       0.64422911094314461     
   3.7500000000000006E-002   1.0156250000000000E-002  0.53722262909421092       0.65115154163475830       0.64141274214125821     
   3.8281250000000003E-002   1.0156250000000000E-002  0.52677769961108889       0.65384432466377673       0.63855729569517550     
   3.9062500000000000E-002   1.0156250000000000E-002  0.51622348364973603       0.65650804510926841       0.63566395306451895     
   3.9843750000000004E-002   1.0156250000000000E-002  0.50556678449322823       0.65914228181394652       0.63273392111383797     
   4.0625000000000001E-002   1.0156250000000000E-002  0.49481446146640984       0.66174661320581418       0.62976843523533066     
   4.1406250000000006E-002   1.0156250000000000E-002  0.48397342554094447       0.66432061393451458       0.62676876355080946     
   4.2187500000000003E-002   1.0156250000000000E-002  0.47305063604931458       0.66686385055499164       0.62373621255909983     
   4.2968750000000000E-002   1.0156250000000000E-002  0.46205309983076742       0.66937587631084527       0.62067213472872229     
   4.3750000000000004E-002   1.0156250000000000E-002  0.45098787215171160       0.67185622513134180       0.61757793870795996     
   4.4531250000000001E-002   1.0156250000000000E-002  0.43986205103897363       0.67430440426087024       0.61445510304141082     
   4.5312500000000006E-002   1.0156250000000000E-002  0.42868274353252939       0.67671988251927995       0.61130519455422372     
   4.6093750000000003E-002   1.0156250000000000E-002  0.41745698132749143       0.67910206745512292       0.60812989289344666     
   4.6875000000000000E-002   1.0156250000000000E-002  0.40619162537692577       0.68145026569752476       0.60493102302194557     
   4.7656250000000004E-002   1.0156250000000000E-002  0.39489349119198258       0.68376364303768977       0.60171059742431809     
   4.8437500000000001E-002   1.0156250000000000E-002  0.38357019864338820       0.68604126358239303       0.59847086868691735     
   4.9218750000000006E-002   1.0156250000000000E-002  0.37223211900318520       0.68828236834588497       0.59521439015266830     
   5.0000000000000003E-002   1.0156250000000000E-002  0.36089403936298220       0.69048698845302703       0.59194407829703388     
   0.0000000000000000        1.0937500000000001E-002  0.80464245800108070       0.49705552847778822       0.71502861142152774     
   7.8125000000000004E-004   1.0937500000000001E-002  0.80520330609722002       0.50061670633817990       0.71502287929149799     
   1.5625000000000001E-003   1.0937500000000001E-002  0.80576415419335934       0.50415343833968895       0.71494505486835602     
   2.3437500000000003E-003   1.0937500000000001E-002  0.80608413662620437       0.50769219893492368       0.71479499325796747     
   3.1250000000000002E-003   1.0937500000000001E-002  0.80607804055525534       0.51123517615388447       0.71457267983359452     
   3.9062500000000000E-003   1.0937500000000001E-002  0.80574575134640980       0.51477783889087803       0.71427822603505919     
   4.6875000000000007E-003   1.0937500000000001E-002  0.80510423969016021       0.51831665675177119       0.71391185082465725     
   5.4687500000000005E-003   1.0937500000000001E-002  0.80416370881259958       0.52184998145962203       0.71347385744358638     
   6.2500000000000003E-003   1.0937500000000001E-002  0.80292745499521312       0.52537705062220508       0.71296461233294317     
   7.0312500000000002E-003   1.0937500000000001E-002  0.80139635496765149       0.52889726308441276       0.71238452845627687     
   7.8125000000000000E-003   1.0937500000000001E-002  0.79957137641543552       0.53240996374870464       0.71173405285340174     
   8.5937500000000007E-003   1.0937500000000001E-002  0.79745410751055501       0.53591445883560296       0.71101365770057656     
   9.3750000000000014E-003   1.0937500000000001E-002  0.79504656600436741       0.53941006158842986       0.71022383421567881     
   1.0156250000000000E-002   1.0937500000000001E-002  0.79235098898653655       0.54289611100024859       0.70936508883282257     
   1.0937500000000001E-002   1.0937500000000001E-002  0.78936975155304268       0.54637197016146655       0.70843794110976077     
   1.1718750000000000E-002   1.0937500000000001E-002  0.78610536183430735       0.54983701903218674       0.70744292288178101     
   1.2500000000000001E-002   1.0937500000000001E-002  0.78256047402337969       0.55329064862666621       0.70638057825641765     
   1.3281250000000001E-002   1.0937500000000001E-002  0.77873789662709447       0.55673225759040024       0.70525146413594952     
   1.4062500000000000E-002   1.0937500000000001E-002  0.77464059437695199       0.56016125027552588       0.70405615103928965     
   1.4843750000000001E-002   1.0937500000000001E-002  0.77027168733738549       0.56357703553452787       0.70279522406297357     
   1.5625000000000000E-002   1.0937500000000001E-002  0.76563444952047655       0.56697902589299087       0.70146928387258967     
   1.6406250000000001E-002   1.0937500000000001E-002  0.76073230762777022       0.57036663700167800       0.70007894765413281     
   1.7187500000000001E-002   1.0937500000000001E-002  0.75556883982210499       0.57373928732903856       0.69862484998234775     
   1.7968750000000002E-002   1.0937500000000001E-002  0.75014777435683544       0.57709639805245816       0.69710764358257071     
   1.8750000000000003E-002   1.0937500000000001E-002  0.74447298799004047       0.58043739310117848       0.69552799997582593     
   1.9531250000000000E-002   1.0937500000000001E-002  0.73854850418496265       0.58376169930815691       0.69388661000560448     
   2.0312500000000001E-002   1.0937500000000001E-002  0.73237849112074205       0.58706874663730901       0.69218418425018535     
   2.1093750000000001E-002   1.0937500000000001E-002  0.72596725953574259       0.59035796846148847       0.69042145332754823     
   2.1875000000000002E-002   1.0937500000000001E-002  0.71931926041957750       0.59362880187337530       0.68859916810164601     
   2.2656250000000003E-002   1.0937500000000001E-002  0.71243908256597599       0.59688068801629224       0.68671809979956755     
   2.3437500000000000E-002   1.0937500000000001E-002  0.70533144999681463       0.60011307242542100       0.68477904004932755     
   2.4218750000000001E-002   1.0937500000000001E-002  0.69800121926666980       0.60332540537240442       0.68278280084791310     
   2.5000000000000001E-002   1.0937500000000001E-002  0.69045337665638062       0.60651714220812347       0.68073021446900983     
   2.5781250000000002E-002   1.0937500000000001E-002  0.68269303526322866       0.60968774369967094       0.67862213331962951     
   2.6562500000000003E-002   1.0937500000000001E-002  0.67472543199444535       0.61283667635829642       0.67645942975478657     
   2.7343750000000000E-002   1.0937500000000001E-002  0.66655592446996481       0.61596341275542743       0.67424299585948433     
   2.8125000000000001E-002   1.0937500000000001E-002  0.65818998783964400       0.61906743182382840       0.67197374320763648     
   2.8906250000000001E-002   1.0937500000000001E-002  0.64963321151955655       0.62214821914056717       0.66965260260823245     
   2.9687500000000002E-002   1.0937500000000001E-002  0.64089129585144367       0.62520526718770442       0.66728052385010961     
   3.0468750000000003E-002   1.0937500000000001E-002  0.63197004868892137       0.62823807558550249       0.66485847545819621     
   3.1250000000000000E-002   1.0937500000000001E-002  0.62287538191360536       0.63124615129138972       0.66238744447612674     
   3.2031250000000004E-002   1.0937500000000001E-002  0.61361330788390611       0.63422900875585575       0.65986843629280711     
   3.2812500000000001E-002   1.0937500000000001E-002  0.60418993581880798       0.63718617002377620       0.65730247453398261     
   3.3593749999999999E-002   1.0937500000000001E-002  0.59461146811851484       0.64011716476619729       0.65469060104431498     
   3.4375000000000003E-002   1.0937500000000001E-002  0.58488419662350200       0.64302153022318242       0.65203387599119522     
   3.5156250000000000E-002   1.0937500000000001E-002  0.57501449881360323       0.64589881103269442       0.64933337812886871     
   3.5937500000000004E-002   1.0937500000000001E-002  0.56500883394976742       0.64874855891344263       0.64659020527096722     
   3.6718750000000001E-002   1.0937500000000001E-002  0.55487373916289295       0.65157033216091287       0.64380547503197860     
   3.7500000000000006E-002   1.0937500000000001E-002  0.54461582549402554       0.65436369490486845       0.64098032591460063     
   3.8281250000000003E-002   1.0937500000000001E-002  0.53424177388152727       0.65712821606211647       0.63811591884181096     
   3.9062500000000000E-002   1.0937500000000001E-002  0.52375833106766090       0.65986346789786798       0.63521343926193152     
   3.9843750000000004E-002   1.0937500000000001E-002  0.51317230537628555       0.66256902408113139       0.63227409999483286     
   4.0625000000000001E-002   1.0937500000000001E-002  0.50249056237613210       0.66524445709135049       0.62929914504143514     
   4.1406250000000006E-002   1.0937500000000001E-002  0.49172002074884008       0.66788933483356216       0.62628985465122733     
   4.2187500000000003E-002   1.0937500000000001E-002  0.48086764929740466       0.67050321639981036       0.62324755203781523     
   4.2968750000000000E-002   1.0937500000000001E-002  0.46994046638127296       0.67308564709360474       0.62017361225285461     
   4.3750000000000004E-002   1.0937500000000001E-002  0.45894554108157976       0.67563615291730705       0.61706947387281330     
   4.4531250000000001E-002   1.0937500000000001E-002  0.44788998777254413       0.67815423405504693       0.61393665431601874     
   4.5312500000000006E-002   1.0937500000000001E-002  0.43678093283008818       0.68063935449970359       0.61077676978387607     
   4.6093750000000003E-002   1.0937500000000001E-002  0.42562543127284908       0.68309092125777116       0.60759156100222700     
   4.6875000000000000E-002   1.0937500000000001E-002  0.41443037246314141       0.68550824751510719       0.60438292608472088     
   4.7656250000000004E-002   1.0937500000000001E-002  0.40320260292501447       0.68789051592192663       0.60115296177631761     
   4.8437500000000001E-002   1.0937500000000001E-002  0.39194976024190958       0.69023681983532448       0.59790401362131129     
   4.9218750000000006E-002   1.0937500000000001E-002  0.38068218572078732       0.69254643989074394       0.59463873362670161     
   5.0000000000000003E-002   1.0937500000000001E-002  0.36941461119966507       0.69481945151172264       0.59136014102794165     
   0.0000000000000000        1.1718750000000000E-002  0.80850126496107333       0.49662109748624328       0.71478655031634419     
   7.8125000000000004E-004   1.1718750000000000E-002  0.80913687482352725       0.50025787939329869       0.71477892574456259     
   1.5625000000000001E-003   1.1718750000000000E-002  0.80977248468598118       0.50387039004064105       0.71469948651393234     
   2.3437500000000003E-003   1.1718750000000000E-002  0.81016736579086968       0.50748510411023684       0.71454804794626703     
   3.1250000000000002E-003   1.1718750000000000E-002  0.81023633242837967       0.51110421611600798       0.71432454544732382     
   3.9062500000000000E-003   1.1718750000000000E-002  0.80997924261514986       0.51472319849088832       0.71402903260765038     
   4.6875000000000007E-003   1.1718750000000000E-002  0.80941301452804149       0.51833851517446927       0.71366166763269012     
   5.4687500000000005E-003   1.1718750000000000E-002  0.80854780232917178       0.52194850207211552       0.71322269469593291     
   6.2500000000000003E-003   1.1718750000000000E-002  0.80738686480820110       0.52555237344951067       0.71271242610378605     
   7.0312500000000002E-003   1.1718750000000000E-002  0.80593105016530764       0.52914950048099663       0.71213122748669677     
   7.8125000000000000E-003   1.1718750000000000E-002  0.80418130333812865       0.53273919857527163       0.71147950611460919     
   8.5937500000000007E-003   1.1718750000000000E-002  0.80213919420653090       0.53632074438802146       0.71075770192653376     
   9.3750000000000014E-003   1.1718750000000000E-002  0.79980672625041771       0.53989342273156016       0.70996628089517144     
   1.0156250000000000E-002   1.1718750000000000E-002  0.79718612587095183       0.54345654609571992       0.70910573037932190     
   1.0937500000000001E-002   1.1718750000000000E-002  0.79427976044537685       0.54700945345257457       0.70817655609725383     
   1.1718750000000000E-002   1.1718750000000000E-002  0.79109013270205253       0.55055150321601731       0.70717928034949118     
   1.2500000000000001E-002   1.1718750000000000E-002  0.78761989317246950       0.55408206741668053       0.70611444115375366     
   1.3281250000000001E-002   1.1718750000000000E-002  0.78387184797506282       0.55760052814141459       0.70498259201286528     
   1.4062500000000000E-002   1.1718750000000000E-002  0.77984896035604467       0.56110627539775670       0.70378430209799525     
   1.4843750000000001E-002   1.1718750000000000E-002  0.77555434950705171       0.56459870566240433       0.70252015668381573     
   1.5625000000000000E-002   1.1718750000000000E-002  0.77099128895541591       0.56807722080048673       0.70119075771639683     
   1.6406250000000001E-002   1.1718750000000000E-002  0.76616320513752512       0.57154122727246537       0.69979672442958085     
   1.7187500000000001E-002   1.1718750000000000E-002  0.76107367604867071       0.57499013559957035       0.69833869395250414     
   1.7968750000000002E-002   1.1718750000000000E-002  0.75572642978756333       0.57842336005115358       0.69681732187116496     
   1.8750000000000003E-002   1.1718750000000000E-002  0.75012534291483768       0.58184031850871210       0.69523328272168394     
   1.9531250000000000E-002   1.1718750000000000E-002  0.74427443861988807       0.58524043246356372       0.69358727040336032     
   2.0312500000000001E-002   1.1718750000000000E-002  0.73817788471460577       0.58862312711308351       0.69187999850681914     
   2.1093750000000001E-002   1.1718750000000000E-002  0.73183999147203338       0.59198783152864898       0.69011220055738143     
   2.1875000000000002E-002   1.1718750000000000E-002  0.72526520932272498       0.59533397887498762       0.68828463017692421     
   2.2656250000000003E-002   1.1718750000000000E-002  0.71845812641842322       0.59866100666542843       0.68639806116948487     
   2.3437500000000000E-002   1.1718750000000000E-002  0.71142346607145401       0.60196835704112384       0.68445328753707269     
   2.4218750000000001E-002   1.1718750000000000E-002  0.70416608407778303       0.60525547706499061       0.68245112343288172     
   2.5000000000000001E-002   1.1718750000000000E-002  0.69669096593120183       0.60852181902313218       0.68039240305957183     
   2.5781250000000002E-002   1.1718750000000000E-002  0.68900322393554259       0.61176684072794019       0.67827798052065402     
   2.6562500000000003E-002   1.1718750000000000E-002  0.68110809422117202       0.61499000581801333       0.67610872963341806     
   2.7343750000000000E-002   1.1718750000000000E-002  0.67301093367142961       0.61819078405052930       0.67388554371236975     
   2.8125000000000001E-002   1.1718750000000000E-002  0.66471721676412399       0.62136865158178745       0.67160933533289546     
   2.8906250000000001E-002   1.1718750000000000E-002  0.65623253233274115       0.62452309123135097       0.66928103608591694     
   2.9687500000000002E-002   1.1718750000000000E-002  0.64756258025160818       0.62765359272453025       0.66690159633573864     
   3.0468750000000003E-002   1.1718750000000000E-002  0.63871316804890776       0.63075965290686220       0.66447198499520133     
   3.1250000000000000E-002   1.1718750000000000E-002  0.62969020745111570       0.63384077592269961       0.66199318933477347     
   3.2031250000000004E-002   1.1718750000000000E-002  0.62049971086218203       0.63689647334795341       0.65946621484545276     
   3.2812500000000001E-002   1.1718750000000000E-002  0.61114778778051337       0.63992626426435195       0.65689208517952413     
   3.3593749999999999E-002   1.1718750000000000E-002  0.60164064115658733       0.64292967525912503       0.65427184219853618     
   3.4375000000000003E-002   1.1718750000000000E-002  0.59198456369396402       0.64590624032967170       0.65160654616465541     
   3.5156250000000000E-002   1.1718750000000000E-002  0.58218593409686847       0.64885550066733144       0.64889727612024783     
   3.5937500000000004E-002   1.1718750000000000E-002  0.57225121326887063       0.65177700428775354       0.64614513051171063     
   3.6718750000000001E-002   1.1718750000000000E-002  0.56218694046933670       0.65467030546741078       0.64335122812799306     
   3.7500000000000006E-002   1.1718750000000000E-002  0.55199972943449349       0.65753496393621491       0.64051670944297345     
   3.8281250000000003E-002   1.1718750000000000E-002  0.54169626446154873       0.66037054376388893       0.63764273847524167     
   3.9062500000000000E-002   1.1718750000000000E-002  0.53128329643144678       0.66317661186077215       0.63473050531068309     
   3.9843750000000004E-002   1.1718750000000000E-002  0.52076763872550935       0.66595273599113558       0.63178122947480664     
   4.0625000000000001E-002   1.1718750000000000E-002  0.51015616305373579       0.66869848217652406       0.62879616439576036     
   4.1406250000000006E-002   1.1718750000000000E-002  0.49945579551351843       0.67141341137695287       0.62577660326836182     
   4.2187500000000003E-002   1.1718750000000000E-002  0.48867351380142909       0.67409707543042185       0.62272388671657952     
   4.2968750000000000E-002   1.1718750000000000E-002  0.47781634682713059       0.67674901242236285       0.61963941275657863     
   4.3750000000000004E-002   1.1718750000000000E-002  0.46689137597443287       0.67936874174910311       0.61652464967971499     
   4.4531250000000001E-002   1.1718750000000000E-002  0.45590572965705556       0.68195575847783241       0.61338115259368542     
   4.5312500000000006E-002   1.1718750000000000E-002  0.44486655000649727       0.68450952422541478       0.61021058446663523     
   4.6093750000000003E-002   1.1718750000000000E-002  0.43378090974119132       0.68702944805890942       0.60701474260365718     
   4.6875000000000000E-002   1.1718750000000000E-002  0.42265571831733401       0.68951485180215266       0.60379559153631690     
   4.7656250000000004E-002   1.1718750000000000E-002  0.41149784423546149       0.69196493564511008       0.60055530325676332     
   4.8437500000000001E-002   1.1718750000000000E-002  0.40031494518545147       0.69437882112362936       0.59729630535104905     
   4.9218750000000006E-002   1.1718750000000000E-002  0.38911736966697918       0.69675582776958256       0.59402133651686984     
   5.0000000000000003E-002   1.1718750000000000E-002  0.37791979414850690       0.69909607736752466       0.59073350731447904     
   0.0000000000000000        1.2500000000000001E-002  0.81235843433132326       0.49615705608064609       0.71452788201011930     
   7.8125000000000004E-004   1.2500000000000001E-002  0.81306871693032379       0.49986942091102426       0.71451825367906951     
   1.5625000000000001E-003   1.2500000000000001E-002  0.81377899952932431       0.50355766951938941       0.71443704626475357     
   2.3437500000000003E-003   1.2500000000000001E-002  0.81424862509568485       0.50724827530762684       0.71428404347786212     
   3.1250000000000002E-003   1.2500000000000001E-002  0.81439247137692106       0.51094343754063087       0.71405913929520248     
   3.9062500000000000E-003   1.2500000000000001E-002  0.81421038460594330       0.51463863316722458       0.71376233874368844     
   4.6875000000000007E-003   1.2500000000000001E-002  0.81371923959925807       0.51833032327883377       0.71339374811328482     
   5.4687500000000005E-003   1.2500000000000001E-002  0.81292914796377713       0.52201683206562088       0.71295355988373621     
   6.2500000000000003E-003   1.2500000000000001E-002  0.81184333539713638       0.52569735507714965       0.71244203761754854     
   7.0312500000000002E-003   1.2500000000000001E-002  0.81046262434392813       0.52937124030099303       0.71185950295018519     
   7.8125000000000000E-003   1.2500000000000001E-002  0.80878793845603603       0.53303777755086224       0.71120632488976709     
   8.5937500000000007E-003   1.2500000000000001E-002  0.80682082970529090       0.53669621699308945       0.71048291117849782     
   9.3750000000000014E-003   1.2500000000000001E-002  0.80456328685775558       0.54034581718013475       0.70968970151061128     
   1.0156250000000000E-002   1.2500000000000001E-002  0.80201752461413767       0.54398586539467264       0.70882716242540000     
   1.0937500000000001E-002   1.2500000000000001E-002  0.79918590127464129       0.54761567700859004       0.70789578364901229     
   1.1718750000000000E-002   1.2500000000000001E-002  0.79607091263213192       0.55123458875993214       0.70689607561958923     
   1.2500000000000001E-002   1.2500000000000001E-002  0.79267520396900315       0.55484195305600348       0.70582856793036952     
   1.3281250000000001E-002   1.2500000000000001E-002  0.78900157745451660       0.55843713440455367       0.70469380845502305     
   1.4062500000000000E-002   1.2500000000000001E-002  0.78505299336676992       0.56201950717988436       0.70349236296000628     
   1.4843750000000001E-002   1.2500000000000001E-002  0.78083256864948114       0.56558845401887559       0.70222481504870393     
   1.5625000000000000E-002   1.2500000000000001E-002  0.77634357509228358       0.56914336455994174       0.70089176631739691     
   1.6406250000000001E-002   1.2500000000000001E-002  0.77158943773950428       0.57268363446016113       0.69949383663285214     
   1.7187500000000001E-002   1.2500000000000001E-002  0.76657373341492729       0.57620866467390608       0.69803166446571341     
   1.7968750000000002E-002   1.2500000000000001E-002  0.76130018917427433       0.57971786096419697       0.69650590723325412     
   1.8750000000000003E-002   1.2500000000000001E-002  0.75577268059843616       0.58321063360597214       0.69491724161999602     
   1.9531250000000000E-002   1.2500000000000001E-002  0.74999522991624035       0.58668639724027427       0.69326636385592488     
   2.0312500000000001E-002   1.2500000000000001E-002  0.74397200397070473       0.59014457084464200       0.69155398994027206     
   2.1093750000000001E-002   1.2500000000000001E-002  0.73770731204303486       0.59358457779219775       0.68978085580476933     
   2.1875000000000002E-002   1.2500000000000001E-002  0.73120560354414055       0.59700584597785666       0.68794771741450644     
   2.2656250000000003E-002   1.2500000000000001E-002  0.72447146558088504       0.60040780799456783       0.68605535080748692     
   2.3437500000000000E-002   1.2500000000000001E-002  0.71750962040359056       0.60378990134593080       0.68410455207605303     
   2.4218750000000001E-002   1.2500000000000001E-002  0.71032492274129910       0.60715156868420450       0.68209613729483964     
   2.5000000000000001E-002   1.2500000000000001E-002  0.70292235703117878       0.61049225806479912       0.68003094240102957     
   2.5781250000000002E-002   1.2500000000000001E-002  0.69530703454817933       0.61381142320987392       0.67790982303361591     
   2.6562500000000003E-002   1.2500000000000001E-002  0.68748419044064568       0.61710852377471459       0.67573365433926058     
   2.7343750000000000E-002   1.2500000000000001E-002  0.67945918067719058       0.62038302561116776       0.67350333075330704     
   2.8125000000000001E-002   1.2500000000000001E-002  0.67123747890976115       0.62363440102259682       0.67121976576566100     
   2.8906250000000001E-002   1.2500000000000001E-002  0.66282467325749916       0.62686212900460836       0.66888389168269735     
   2.9687500000000002E-002   1.2500000000000001E-002  0.65422646301571485       0.63006569546518743       0.66649665939819558     
   3.0468750000000003E-002   1.2500000000000001E-002  0.64544865529406337       0.63324459341684425       0.66405903818866319     
   3.1250000000000000E-002   1.2500000000000001E-002  0.63649716158782088       0.63639832313188238       0.66157201555141465     
   3.2031250000000004E-002   1.2500000000000001E-002  0.62737799428601093       0.63952639224988617       0.65903659710759832     
   3.2812500000000001E-002   1.2500000000000001E-002  0.61809726312002677       0.64262831582391633       0.65645380659721397     
   3.3593749999999999E-002   1.2500000000000001E-002  0.60866117155631294       0.64570361628858497       0.65382468599930554     
   3.4375000000000003E-002   1.2500000000000001E-002  0.59907601313679126       0.64875182332905212       0.65115029581828776     
   3.5156250000000000E-002   1.2500000000000001E-002  0.58934816777130794       0.65177247362494017       0.64843171558722934     
   3.5937500000000004E-002   1.2500000000000001E-002  0.57948409798792988       0.65476511043717889       0.64567004465143440     
   3.6718750000000001E-002   1.2500000000000001E-002  0.56949034514915309       0.65772928299887534       0.64286640331161360     
   3.7500000000000006E-002   1.2500000000000001E-002  0.55937352564222864       0.66066454566328925       0.64002193442625355     
   3.8281250000000003E-002   1.2500000000000001E-002  0.54914032704313753       0.66357045675204496       0.63713780559867350     
   3.9062500000000000E-002   1.2500000000000001E-002  0.53879750423056749       0.66644657703311294       0.63421521210711662     
   3.9843750000000004E-002   1.2500000000000001E-002  0.52835187540581774       0.66929246774026596       0.63125538077772037     
   4.0625000000000001E-002   1.2500000000000001E-002  0.51781031803719235       0.67210768803161092       0.62825957505218832     
   4.1406250000000006E-002   1.2500000000000001E-002  0.50717976504668882       0.67489179180327707       0.62522910156625866     
   4.2187500000000003E-002   1.2500000000000001E-002  0.49646720215140061       0.67764432387592022       0.62216531863266067     
   4.2968750000000000E-002   1.2500000000000001E-002  0.48567966757415737       0.68036481576990271       0.61906964711166768     
   4.3750000000000004E-002   1.2500000000000001E-002  0.47482425329836792       0.68305278137822378       0.61594358424679718     
   4.4531250000000001E-002   1.2500000000000001E-002  0.46390809943711142       0.68570771217553794       0.61278872112852834     
   4.5312500000000006E-002   1.2500000000000001E-002  0.45293836057962983       0.68832906920480441       0.60960676450688533     
   4.6093750000000003E-002   1.2500000000000001E-002  0.44192212244506618       0.69091626534944683       0.60639956369451486     
   4.6875000000000000E-002   1.2500000000000001E-002  0.43086630834532075       0.69346863226923128       0.60316914329817006     
   4.7656250000000004E-002   1.2500000000000001E-002  0.41977780166645096       0.69598538782025021       0.59991774250703567     
   4.8437500000000001E-002   1.2500000000000001E-002  0.40866427195418314       0.69846568062935210       0.59664786158810235     
   4.9218750000000006E-002   1.2500000000000001E-002  0.39753606476912501       0.70090886708876388       0.59336231583955412     
   5.0000000000000003E-002   1.2500000000000001E-002  0.38640785758406687       0.70331511524204871       0.59006429631770663     
   0.0000000000000000        1.3281250000000001E-002  0.81621359357546952       0.49566347414392553       0.71425262381608290     
   7.8125000000000004E-004   1.3281250000000001E-002  0.81699839605624791       0.49945140961602102       0.71424089666206370     
   1.5625000000000001E-003   1.3281250000000001E-002  0.81778319853702630       0.50321536396592026       0.71415778845939026     
   2.3437500000000003E-003   1.3281250000000001E-002  0.81832742485417620       0.50698181007768972       0.71400305612122494     
   3.1250000000000002E-003   1.3281250000000001E-002  0.81854598995518002       0.51075295136440502       0.71377655919849359     
   3.9062500000000000E-003   1.3281250000000001E-002  0.81843873199013428       0.51452426907721671       0.71347826176605944     
   4.6875000000000007E-003   1.3281250000000001E-002  0.81802249011728745       0.51829222307266132       0.71310822557071163     
   5.4687500000000005E-003   1.3281250000000001E-002  0.81730733878861928       0.52205512873471993       0.71266659783502762     
   6.2500000000000003E-003   1.3281250000000001E-002  0.81629647424568652       0.52581216640403039       0.71215359842912140     
   7.0312500000000002E-003   1.3281250000000001E-002  0.81499069569678850       0.52956266446337419       0.71156950849951450     
   7.8125000000000000E-003   1.3281250000000001E-002  0.81339090708738826       0.53330589042288878       0.71091466082027233     
   8.5937500000000007E-003   1.3281250000000001E-002  0.81149864319753806       0.53704107072351248       0.71018943169162940     
   9.3750000000000014E-003   1.3281250000000001E-002  0.80931587807207050       0.54076743976866470       0.70939423427726267     
   1.0156250000000000E-002   1.3281250000000001E-002  0.80684481416427445       0.54448426105786529       0.70852951331055236     
   1.0937500000000001E-002   1.3281250000000001E-002  0.80408779978757405       0.54819082713346734       0.70759574105190259     
   1.1718750000000000E-002   1.3281250000000001E-002  0.80104732267007495       0.55188645324965713       0.70659341432219813     
   1.2500000000000001E-002   1.3281250000000001E-002  0.79772602160331230       0.55557047189784403       0.70552305241451274     
   1.3281250000000001E-002   1.3281250000000001E-002  0.79412669353011112       0.55924222932751211       0.70438519569420110     
   1.4062500000000000E-002   1.3281250000000001E-002  0.79025229450136503       0.56290108330608191       0.70318040472057042     
   1.4843750000000001E-002   1.3281250000000001E-002  0.78610593800760575       0.56654640144359214       0.70190925975031582     
   1.5625000000000000E-002   1.3281250000000001E-002  0.78169089297113536       0.57017755981934304       0.70057236050907534     
   1.6406250000000001E-002   1.3281250000000001E-002  0.77701058200167128       0.57379394186401877       0.69917032614121699     
   1.7187500000000001E-002   1.3281250000000001E-002  0.77206857980009269       0.57739493749401805       0.69770379526869064     
   1.7968750000000002E-002   1.3281250000000001E-002  0.76686861151795849       0.58097994247860829       0.69617342610718314     
   1.8750000000000003E-002   1.3281250000000001E-002  0.76141455098137312       0.58454835800527738       0.69457989660194719     
   1.9531250000000000E-002   1.3281250000000001E-002  0.75571041876377454       0.58809959040601101       0.69292390455683095     
   2.0312500000000001E-002   1.3281250000000001E-002  0.74976038011790158       0.59163305101171348       0.69120616773864119     
   2.1093750000000001E-002   1.3281250000000001E-002  0.74356874277806850       0.59514815610794758       0.68942742394552647     
   2.1875000000000002E-002   1.3281250000000001E-002  0.73713995463992643       0.59864432697025483       0.68758843103298728     
   2.2656250000000003E-002   1.3281250000000001E-002  0.73047860132276354       0.60212098996127184       0.68568996689480877     
   2.3437500000000000E-002   1.3281250000000001E-002  0.72358940361913460       0.60557757667496992       0.68373282939897762     
   2.4218750000000001E-002   1.3281250000000001E-002  0.71647721483693061       0.60901352411584786       0.68171783628076477     
   2.5000000000000001E-002   1.3281250000000001E-002  0.70914701803920599       0.61242827490290952       0.67964582499684689     
   2.5781250000000002E-002   1.3281250000000001E-002  0.70160392318704468       0.61582127748978899       0.67751765254578666     
   2.6562500000000003E-002   1.3281250000000001E-002  0.69385316419057641       0.61919198639346518       0.67533419526154814     
   2.7343750000000000E-002   1.3281250000000001E-002  0.68590009587303280       0.62253986242466852       0.67309634858812295     
   2.8125000000000001E-002   1.3281250000000001E-002  0.67775019085250809       0.62586437291332497       0.67080502684491472     
   2.8906250000000001E-002   1.3281250000000001E-002  0.66940903634590032       0.62916499192224118       0.66846116299437885     
   2.9687500000000002E-002   1.3281250000000001E-002  0.66088233089934256       0.63244120044167973       0.66606570842568014     
   3.0468750000000003E-002   1.3281250000000001E-002  0.65217588104930491       0.63569248655651545       0.66361963277093305     
   3.1250000000000000E-002   1.3281250000000001E-002  0.64329559791847035       0.63891834557624660       0.66112392377409512     
   3.2031250000000004E-002   1.3281250000000001E-002  0.63424749375043188       0.64211828011623218       0.65857958723696686     
   3.2812500000000001E-002   1.3281250000000001E-002  0.62503767838725299       0.64529180011606124       0.65598764707224633     
   3.3593749999999999E-002   1.3281250000000001E-002  0.61567235569396050       0.64843842277787467       0.65334914550046963     
   3.4375000000000003E-002   1.3281250000000001E-002  0.60615781993425000       0.65155767240366758       0.65066514343629700     
   3.5156250000000000E-002   1.3281250000000001E-002  0.59650045210237745       0.65464908010608658       0.64793672112041822     
   3.5937500000000004E-002   1.3281250000000001E-002  0.58670671621779702       0.65771218336204051       0.64516497906691905     
   3.6718750000000001E-002   1.3281250000000001E-002  0.57678315559128646       0.66074652537268519       0.64235103941295124     
   3.7500000000000006E-002   1.3281250000000001E-002  0.56673638907114599       0.66375165418697879       0.63949604777883273     
   3.8281250000000003E-002   1.3281250000000001E-002  0.55657310726881593       0.66672712153833069       0.63660117577321895     
   3.9062500000000000E-002   1.3281250000000001E-002  0.54630006873937964       0.66967248133331447       0.63366762431081114     
   3.9843750000000004E-002   1.3281250000000001E-002  0.53592409607175417       0.67258728771759091       0.63069662795031489     
   4.0625000000000001E-002   1.3281250000000001E-002  0.52545207190667909       0.67547109263520144       0.62768946050916241     
   4.1406250000000006E-002   1.3281250000000001E-002  0.51489093520022788       0.67832344282206447       0.62464744226986779     
   4.2187500000000003E-002   1.3281250000000001E-002  0.50424767863917164       0.68114387628236572       0.62157194916107661     
   4.2968750000000000E-002   1.3281250000000001E-002  0.49352934839317730       0.68393191849819790       0.61846442437237414     
   4.3750000000000004E-002   1.3281250000000001E-002  0.48274304530301931       0.68668707871125745       0.61532639293838354     
   4.4531250000000001E-002   1.3281250000000001E-002  0.47189591895954891       0.68940884592633611       0.61215947988908836     
   4.5312500000000006E-002   1.3281250000000001E-002  0.46099513348102300       0.69209668185985385       0.60896543258862845     
   4.6093750000000003E-002   1.3281250000000001E-002  0.45004778353605718       0.69475000430053857       0.60574614786359360     
   4.6875000000000000E-002   1.3281250000000001E-002  0.43906080078474718       0.69736815523328888       0.60250370448331680     
   4.7656250000000004E-002   1.3281250000000001E-002  0.42804107796443269       0.69995036957793166       0.59924040158203395     
   4.8437500000000001E-002   1.3281250000000001E-002  0.41699629908266045       0.70249582133520083       0.59595880378521371     
   4.9218750000000006E-002   1.3281250000000001E-002  0.40593683328085883       0.70500390265244794       0.59266179405096397     
   5.0000000000000003E-002   1.3281250000000001E-002  0.39487736747905722       0.70747482960201480       0.58935263526305959     
   0.0000000000000000        1.4062500000000000E-002  0.82006611161207366       0.49514042600770569       0.71396079415786196     
   7.8125000000000004E-004   1.4062500000000000E-002  0.82092534534764772       0.49900392442336522       0.71394688948320906     
   1.5625000000000001E-003   1.4062500000000000E-002  0.82178457908322178       0.50284356082155590       0.71386176550865177     
   2.3437500000000003E-003   1.4062500000000000E-002  0.82240328055833523       0.50668580650716533       0.71370515750483421     
   3.1250000000000002E-003   1.4062500000000000E-002  0.82269641849755948       0.51053286740470050       0.71347689606063525     
   3.9062500000000000E-003   1.4062500000000000E-002  0.82266383174584723       0.51438022890242774       0.71317691042503595     
   4.6875000000000007E-003   1.4062500000000000E-002  0.82232232941513728       0.51822435071557649       0.71280522396825818     
   5.4687500000000005E-003   1.4062500000000000E-002  0.82168195278764600       0.52206354148531620       0.71236194425529387     
   6.2500000000000003E-003   1.4062500000000000E-002  0.82074587157516055       0.52589696896391769       0.71184725209719146     
   7.0312500000000002E-003   1.4062500000000000E-002  0.81951486395512574       0.52972394473752771       0.71126139162882707     
   7.8125000000000000E-003   1.4062500000000000E-002  0.81798981570375418       0.53354371672028000       0.71060466169298442     
   8.5937500000000007E-003   1.4062500000000000E-002  0.81617224526972865       0.53735549002138039       0.70987740837710689     
   9.3750000000000014E-003   1.4062500000000000E-002  0.81406411222535879       0.54115847683557061       0.70908001863902925     
   1.0156250000000000E-002   1.4062500000000000E-002  0.81166760653914716       0.54495191829797385       0.70821291502216444     
   1.0937500000000001E-002   1.4062500000000000E-002  0.80898506594960207       0.54873508500954560       0.70727655142142676     
   1.1718750000000000E-002   1.4062500000000000E-002  0.80601896929711181       0.55250727113110321       0.70627140979787839     
   1.2500000000000001E-002   1.4062500000000000E-002  0.80277194791531514       0.55626778918893338       0.70519799770316016     
   1.3281250000000001E-002   1.4062500000000000E-002  0.79924679247843022       0.56001596675460852       0.70405684646752953     
   1.4062500000000000E-002   1.4062500000000000E-002  0.79544645374426648       0.56375114426979656       0.70284850991486969     
   1.4843750000000001E-002   1.4062500000000000E-002  0.79137404069768202       0.56747267336671592       0.70157356348411015     
   1.5625000000000000E-002   1.4062500000000000E-002  0.78703281837991257       0.57117991544216129       0.70023260365436313     
   1.6406250000000001E-002   1.4062500000000000E-002  0.78242620600710611       0.57487224045540464       0.69882624758879597     
   1.7187500000000001E-002   1.4062500000000000E-002  0.77755777526195213       0.57854902595985414       0.69735513292885676     
   1.7968750000000002E-002   1.4062500000000000E-002  0.77243124856397005       0.58220965635899602       0.69581991768524010     
   1.8750000000000003E-002   1.4062500000000000E-002  0.76705049722415841       0.58585352235911681       0.69422128018461615     
   1.9531250000000000E-002   1.4062500000000000E-002  0.76141953946558449       0.58948002058637461       0.69255991904158187     
   2.0312500000000001E-002   1.4062500000000000E-002  0.75554253831737939       0.59308855333850685       0.69083655313373415     
   2.1093750000000001E-002   1.4062500000000000E-002  0.74942379939079995       0.59667852844608982       0.68905192156446959     
   2.1875000000000002E-002   1.4062500000000000E-002  0.74306776854238521       0.60024935922239187       0.68720678360339182     
   2.2656250000000003E-002   1.4062500000000000E-002  0.73647902942741506       0.60380046448414337       0.68530191859835177     
   2.3437500000000000E-002   1.4062500000000000E-002  0.72966230094692563       0.60733126862819997       0.68333812585640552     
   2.4218750000000001E-002   1.4062500000000000E-002  0.72262243459212094       0.61084120175128498       0.68131622449358875     
   2.5000000000000001E-002   1.4062500000000000E-002  0.71536441169047837       0.61432969980182106       0.67923705325558104     
   2.5781250000000002E-002   1.4062500000000000E-002  0.70789334055802944       0.61779620475429764       0.67710147031323353     
   2.6562500000000003E-002   1.4062500000000000E-002  0.70021445356231304       0.62124016479766153       0.67491035303871816     
   2.7343750000000000E-002   1.4062500000000000E-002  0.69233310410043547       0.62466103452988109       0.67266459776987331     
   2.8125000000000001E-002   1.4062500000000000E-002  0.68425476349658976       0.62805827515110002       0.67036511957228717     
   2.8906250000000001E-002   1.4062500000000000E-002  0.67598501782331100       0.63143135464770339       0.66801285201091354     
   2.9687500000000002E-002   1.4062500000000000E-002  0.66752956465068836       0.63477974795912229       0.66560874694569194     
   3.0468750000000003E-002   1.4062500000000000E-002  0.65889420972771195       0.63810293711832733       0.66315377436888456     
   3.1250000000000000E-002   1.4062500000000000E-002  0.65008486359994400       0.64140041135564696       0.66064892230582128     
   3.2031250000000004E-002   1.4062500000000000E-002  0.64110753816770938       0.64467166715379354       0.65809519680564965     
   3.2812500000000001E-002   1.4062500000000000E-002  0.63196834318907391       0.64791620823971552       0.65549362205476525     
   3.3593749999999999E-002   1.4062500000000000E-002  0.62267348273194867       0.65113354549610669       0.65284524065312111     
   3.4375000000000003E-002   1.4062500000000000E-002  0.61322925157990904       0.65432319677203310       0.65015111410294502     
   3.5156250000000000E-002   1.4062500000000000E-002  0.60364203159702290       0.65748468656823333       0.64741232357094969     
   3.5937500000000004E-002   1.4062500000000000E-002  0.59391828805853508       0.66061754556831154       0.64462997099941155     
   3.6718750000000001E-002   1.4062500000000000E-002  0.58406456595624590       0.66372130998247592       0.64180518065915115     
   3.7500000000000006E-002   1.4062500000000000E-002  0.57408748628685191       0.66679552066570280       0.63893910125913933     
   3.8281250000000003E-002   1.4062500000000000E-002  0.56399374232151822       0.66983972196659136       0.63603290875396057     
   3.9062500000000000E-002   1.4062500000000000E-002  0.55379009583021832       0.67285346025520365       0.63308781002240577     
   3.9843750000000004E-002   1.4062500000000000E-002  0.54348337321348761       0.67583628206752078       0.63010504762874087     
   4.0625000000000001E-002   1.4062500000000000E-002  0.53308046155897781       0.67878773179902274       0.62708590592330027     
   4.1406250000000006E-002   1.4062500000000000E-002  0.52258830494226649       0.68170734890908613       0.62403171879145547     
   4.2187500000000003E-002   1.4062500000000000E-002  0.51201390187720996       0.68459466471011243       0.62094387941971030     
   4.2968750000000000E-002   1.4062500000000000E-002  0.50136430507718133       0.68744919901821733       0.61782385251267447     
   4.3750000000000004E-002   1.4062500000000000E-002  0.49064662254603475       0.69027045702281875       0.61467318945782223     
   4.4531250000000001E-002   1.4062500000000000E-002  0.47986801130256040       0.69305792601909466       0.61149354698008673     
   4.5312500000000006E-002   1.4062500000000000E-002  0.46903564242063522       0.69581106918161761       0.60828670983199118     
   4.6093750000000003E-002   1.4062500000000000E-002  0.45815661614046882       0.69852930977492711       0.60505461801487825     
   4.6875000000000000E-002   1.4062500000000000E-002  0.44723786818639705       0.70121200013173213       0.60179939896441570     
   4.7656250000000004E-002   1.4062500000000000E-002  0.43628629608812103       0.70385839142227336       0.59852340519844704     
   4.8437500000000001E-002   1.4062500000000000E-002  0.42530959434733606       0.70646768143804062       0.59522925831992601     
   4.9218750000000006E-002   1.4062500000000000E-002  0.41431815415791717       0.70903929634141227       0.59191990102967085     
   5.0000000000000003E-002   1.4062500000000000E-002  0.40332671396849828       0.71157350084474480       0.58859865940976330     
   0.0000000000000000        1.4843750000000001E-002  0.82391555308093145       0.49458799044111201       0.71365241256824730     
   7.8125000000000004E-004   1.4843750000000001E-002  0.82484910135899103       0.49852705080771414       0.71363626590889018     
   1.5625000000000001E-003   1.4843750000000001E-002  0.82578264963705061       0.50244235240721147       0.71354902798364617     
   2.3437500000000003E-003   1.4843750000000001E-002  0.82647570701585371       0.50636036492481395       0.71339041575273943     
   3.1250000000000002E-003   1.4843750000000001E-002  0.82684328432846721       0.51028329571355580       0.71316023547491525     
   3.9062500000000000E-003   1.4843750000000001E-002  0.82688522444060064       0.51420663362155083       0.71285838672242741     
   4.6875000000000007E-003   1.4843750000000001E-002  0.82661831106246708       0.51812683873020127       0.71248485970913711     
   5.4687500000000005E-003   1.4843750000000001E-002  0.82605255548215717       0.52204221433730469       0.71203972721538411     
   6.2500000000000003E-003   1.4843750000000001E-002  0.82519110320206590       0.52595191752610948       0.71152313519408350     
   7.0312500000000002E-003   1.4843750000000001E-002  0.82403471323443345       0.52985524524457861       0.71093529410834022     
   7.8125000000000000E-003   1.4843750000000001E-002  0.82258425459506723       0.53375142798660735       0.71027647128564064     
   8.5937500000000007E-003   1.4843750000000001E-002  0.82084123028742895       0.53763965154113746       0.70954698412740125     
   9.3750000000000014E-003   1.4843750000000001E-002  0.81880758579044877       0.54151910760539901       0.70874719412264031     
   1.0156250000000000E-002   1.4843750000000001E-002  0.81648549854298824       0.54538901627704295       0.70787750170638242     
   1.0937500000000001E-002   1.4843750000000001E-002  0.81387729534112030       0.54924862712337652       0.70693834197941696     
   1.1718750000000000E-002   1.4843750000000001E-002  0.81098544553862439       0.55309721370408049       0.70593018124364537     
   1.2500000000000001E-002   1.4843750000000001E-002  0.80781257225534298       0.55693406868685269       0.70485351426300868     
   1.3281250000000001E-002   1.4843750000000001E-002  0.80436145904312151       0.56075850073121514       0.70370886214275563     
   1.4062500000000000E-002   1.4843750000000001E-002  0.80063505046160144       0.56456983243013292       0.70249677071953553     
   1.4843750000000001E-002   1.4843750000000001E-002  0.79663645006928241       0.56836739867905661       0.70121780936231048     
   1.5625000000000000E-002   1.4843750000000001E-002  0.79236891811631127       0.57215054524726405       0.69987257009487935     
   1.6406250000000001E-002   1.4843750000000001E-002  0.78783586954417495       0.57591862753633771       0.69846166696299461     
   1.7187500000000001E-002   1.4843750000000001E-002  0.78304087217705254       0.57967100954772832       0.69698573558152310     
   1.7968750000000002E-002   1.4843750000000001E-002  0.77798764490976868       0.58340706305958623       0.69544543280898397     
   1.8750000000000003E-002   1.4843750000000001E-002  0.77268005579647114       0.58712616699274833       0.69384143650752284     
   1.9531250000000000E-002   1.4843750000000001E-002  0.76712212001965052       0.59082770693887721       0.69217444535568329     
   2.0312500000000001E-002   1.4843750000000001E-002  0.76131799774500519       0.59451107482483412       0.69044517868918354     
   2.1093750000000001E-002   1.4843750000000001E-002  0.75527199186896155       0.59817566869070848       0.68865437635140614     
   2.1875000000000002E-002   1.4843750000000001E-002  0.74898854566217588       0.60182089256206206       0.68680279854063575     
   2.2656250000000003E-002   1.4843750000000001E-002  0.74247224031073189       0.60544615639949029       0.68489122564542981     
   2.3437500000000000E-002   1.4843750000000001E-002  0.73572779235697094       0.60905087611071584       0.68292045806307089     
   2.4218750000000001E-002   1.4843750000000001E-002  0.72876005104267905       0.61263447361226109       0.68089131599901309     
   2.5000000000000001E-002   1.4843750000000001E-002  0.72157399555800383       0.61619637692931117       0.67880463924778478     
   2.5781250000000002E-002   1.4843750000000001E-002  0.71417473219982730       0.61973602032365327       0.67666128695808259     
   2.6562500000000003E-002   1.4843750000000001E-002  0.70656749144349196       0.62325284444052054       0.67446213738695915     
   2.7343750000000000E-002   1.4843750000000001E-002  0.69875762493184435       0.62674629646578495       0.67220808765019169     
   2.8125000000000001E-002   1.4843750000000001E-002  0.69075060238560271       0.63021583028520867       0.66990005347825954     
   2.8906250000000001E-002   1.4843750000000001E-002  0.68255200843907204       0.63366090663738794       0.66753896898999232     
   2.9687500000000002E-002   1.4843750000000001E-002  0.67416753940526675       0.63708099325158629       0.66512578649901777     
   3.0468750000000003E-002   1.4843750000000001E-002  0.66560299997453287       0.64047556496086078       0.66266147637178807     
   3.1250000000000000E-002   1.4843750000000001E-002  0.65686429985082317       0.64384410377969536       0.66014702696038619     
   3.2031250000000004E-002   1.4843750000000001E-002  0.64795745032985330       0.64718609893377321       0.65758344463868412     
   3.2812500000000001E-002   1.4843750000000001E-002  0.63888856082345102       0.65050104682750298       0.65497175397701490     
   3.3593749999999999E-002   1.4843750000000001E-002  0.62966383533450709       0.65378845093245952       0.65231299809856969     
   3.4375000000000003E-002   1.4843750000000001E-002  0.62028956888717834       0.65704782157700037       0.64960823927061684     
   3.5156250000000000E-002   1.4843750000000001E-002  0.61077214391766677       0.66027867561405684       0.64685855979571472     
   3.5937500000000004E-002   1.4843750000000001E-002  0.60111802663233638       0.66348053594062695       0.64406506328284396     
   3.6718750000000001E-002   1.4843750000000001E-002  0.59133376334171661       0.66665293083907284       0.64122887639632775     
   3.7500000000000006E-002   1.4843750000000001E-002  0.58142597677786123       0.66979539310700897       0.63835115120210362     
   3.8281250000000003E-002   1.4843750000000001E-002  0.57140136239170913       0.67290745893871939       0.63543306825692103     
   3.9062500000000000E-002   1.4843750000000001E-002  0.56126668460145013       0.67598866651513789       0.63247584061683804     
   3.9843750000000004E-002   1.4843750000000001E-002  0.55102877294192998       0.67903855425113291       0.62948071897732782     
   4.0625000000000001E-002   1.4843750000000001E-002  0.54069451813210712       0.68205665864648390       0.62644899819861966     
   4.1406250000000006E-002   1.4843750000000001E-002  0.53027086838411186       0.68504251171937092       0.62338202551678445     
   4.2187500000000003E-002   1.4843750000000001E-002  0.51976482686346215       0.68799563811654374       0.62028121079353449     
   4.2968750000000000E-002   1.4843750000000001E-002  0.50918345144408494       0.69091555219739520       0.61714803921414374     
   4.3750000000000004E-002   1.4843750000000001E-002  0.49853385569276903       0.69380175546013034       0.61398408689668860     
   4.4531250000000001E-002   1.4843750000000001E-002  0.48782320220252251       0.69665373393669883       0.61079103991037509     
   4.5312500000000006E-002   1.4843750000000001E-002  0.47705866675777114       0.69947095267077974       0.60757071718995792     
   4.6093750000000003E-002   1.4843750000000001E-002  0.46624735223552521       0.70225284057785664       0.60432509776177656     
   4.6875000000000000E-002   1.4843750000000001E-002  0.45539619455451030       0.70499875998990624       0.60105635261435508     
   4.7656250000000004E-002   1.4843750000000001E-002  0.44451209227589644       0.70770797717187095       0.59776688163921832     
   4.8437500000000001E-002   1.4843750000000001E-002  0.43360275243032492       0.71037971185698223       0.59445935665484573     
   4.9218750000000006E-002   1.4843750000000001E-002  0.42267860729996187       0.71301342309229943       0.59113677280624899     
   5.0000000000000003E-002   1.4843750000000001E-002  0.41175446216959882       0.71560942597856525       0.58780251201832023     
   0.0000000000000000        1.5625000000000000E-002  0.82776136943218681       0.49400625063890879       0.71332749968788645     
   7.8125000000000004E-004   1.5625000000000000E-002  0.82876914327255369       0.49802087669800560       0.71330906070400379     
   1.5625000000000001E-003   1.5625000000000000E-002  0.82977691711292056       0.50201183333221633       0.71321962557953567     
   2.3437500000000003E-003   1.5625000000000000E-002  0.83054422029800257       0.50600558779813087       0.71305889642698173     
   3.1250000000000002E-003   1.5625000000000000E-002  0.83098611220865748       0.51000434739840050       0.71282665895409547     
   3.9062500000000000E-003   1.5625000000000000E-002  0.83110244493612273       0.51400360378588250       0.71252278733575336     
   4.6875000000000007E-003   1.5625000000000000E-002  0.83090998027642393       0.51799981763648606       0.71214724307427679     
   5.4687500000000005E-003   1.5625000000000000E-002  0.83041870184023903       0.52199128782279891       0.71170006841823352     
   6.2500000000000003E-003   1.5625000000000000E-002  0.82963173271383039       0.52597716212602841       0.71118137825028438     
   7.0312500000000002E-003   1.5625000000000000E-002  0.82854981428783780       0.52995672447567177       0.71059135250989569     
   7.8125000000000000E-003   1.5625000000000000E-002  0.82717380005827101       0.53392918965185399       0.70993022943518302     
   8.5937500000000007E-003   1.5625000000000000E-002  0.82550517842328541       0.53789372576712635       0.70919829943966928     
   9.3750000000000014E-003   1.5625000000000000E-002  0.82354588119295624       0.54184950547843758       0.70839589956519167     
   1.0156250000000000E-002   1.5625000000000000E-002  0.82129807333881277       0.54579572902893481       0.70752340857104434     
   1.0937500000000001E-002   1.5625000000000000E-002  0.81876407048955269       0.54973162581211854       0.70658124271295963     
   1.1718750000000000E-002   1.5625000000000000E-002  0.81594633207058109       0.55365644930767555       0.70556985220808566     
   1.2500000000000001E-002   1.5625000000000000E-002  0.81284747238860533       0.55756947251636135       0.70448971833503038     
   1.3281250000000001E-002   1.5625000000000000E-002  0.80947026716526804       0.56146998507343515       0.70334135109481599     
   1.4062500000000000E-002   1.5625000000000000E-002  0.80581765398622507       0.56535729134227053       0.70212528735166069     
   1.4843750000000001E-002   1.5625000000000000E-002  0.80189273017251261       0.56923070887145411       0.70084208937366754     
   1.5625000000000000E-002   1.5625000000000000E-002  0.79769875036220295       0.57308956700339220       0.69949234369865831     
   1.6406250000000001E-002   1.5625000000000000E-002  0.79323912441012134       0.57693320563122419       0.69807666025782711     
   1.7187500000000001E-002   1.5625000000000000E-002  0.78851741549222798       0.58076097413650163       0.69659567169856174     
   1.7968750000000002E-002   1.5625000000000000E-002  0.78353733822006999       0.58457223051667306       0.69505003285679023     
   1.8750000000000003E-002   1.5625000000000000E-002  0.77830275666883253       0.58836634068943294       0.69344042033787889     
   1.9531250000000000E-002   1.5625000000000000E-002  0.77281768229751224       0.59214267795249387       0.69176753217302211     
   2.0312500000000001E-002   1.5625000000000000E-002  0.76708627176543898       0.59590062257702747       0.69003208752504341     
   2.1093750000000001E-002   1.5625000000000000E-002  0.76111282465066166       0.59963956151518705       0.68823482642355205     
   2.1875000000000002E-002   1.5625000000000000E-002  0.75490178107226946       0.60335888820431305       0.68637650951452922     
   2.2656250000000003E-002   1.5625000000000000E-002  0.74845771921717841       0.60705800245222363       0.68445791781376519     
   2.3437500000000000E-002   1.5625000000000000E-002  0.74178535277225321       0.61073631038953191       0.68247985245725595     
   2.4218750000000001E-002   1.5625000000000000E-002  0.73488952826354570       0.61439322447633948       0.68044313444485427     
   2.5000000000000001E-002   1.5625000000000000E-002  0.72777522230520819       0.61802816355190948       0.67834860437626865     
   2.5781250000000002E-002   1.5625000000000000E-002  0.72044753876112289       0.62164055291698039       0.67619712218108163     
   2.6562500000000003E-002   1.5625000000000000E-002  0.71291170582257846       0.62522982443918840       0.67398956684693323     
   2.7343750000000000E-002   1.5625000000000000E-002  0.70517307300549470       0.62879541667259520       0.67172683615252338     
   2.8125000000000001E-002   1.5625000000000000E-002  0.69723710807082961       0.63233677498255236       0.66940984641476353     
   2.8906250000000001E-002   1.5625000000000000E-002  0.68910939387191217       0.63585335166706358       0.66703953226238633     
   2.9687500000000002E-002   1.5625000000000000E-002  0.68079562513253267       0.63934460606541788       0.66461684645174313     
   3.0468750000000003E-002   1.5625000000000000E-002  0.67230160515971937       0.64281000464415472       0.66214275974454995     
   3.1250000000000000E-002   1.5625000000000000E-002  0.66363324249523514       0.64624902104936988       0.65961826087214803     
   3.2031250000000004E-002   1.5625000000000000E-002  0.65479654750991945       0.64966113611297638       0.65704435661663452     
   3.2812500000000001E-002   1.5625000000000000E-002  0.64579762894510451       0.65304583779878267       0.65442207204621961     
   3.3593749999999999E-002   1.5625000000000000E-002  0.63664269040540800       0.65640262107215086       0.65175245095064971     
   3.4375000000000003E-002   1.5625000000000000E-002  0.62733802680741957       0.65973098767458627       0.64903655653280978     
   3.5156250000000000E-002   1.5625000000000000E-002  0.61789002078939770       0.66303044578197468       0.64627547242503969     
   3.5937500000000004E-002   1.5625000000000000E-002  0.60830513908842765       0.66630050952254738       0.64347030411366957     
   3.6718750000000001E-002   1.5625000000000000E-002  0.59858992889301532       0.66954069832826968       0.64062218087323308     
   3.7500000000000006E-002   1.5625000000000000E-002  0.58875101417751641       0.67275053609130309       0.63773225833320479     
   3.8281250000000003E-002   1.5625000000000000E-002  0.57879509201314083       0.67592955009479394       0.63480172182531081     
   3.9062500000000000E-002   1.5625000000000000E-002  0.56872892882370563       0.67907726968291315       0.63183179068876771     
   3.9843750000000004E-002   1.5625000000000000E-002  0.55855935653348510       0.68219322462845222       0.62882372374429996     
   4.0625000000000001E-002   1.5625000000000000E-002  0.54829326862451655       0.68527694315582333       0.62577882618550085     
   4.1406250000000006E-002   1.5625000000000000E-002  0.53793761643359161       0.68832794961211397       0.62269845817812441     
   4.2187500000000003E-002   1.5625000000000000E-002  0.52749940660800332       0.69134576189666175       0.61958404550443291     
   4.2968750000000000E-002   1.5625000000000000E-002  0.51698570085145046       0.69432988896250991       0.61643709263976076     
   4.3750000000000004E-002   1.5625000000000000E-002  0.50640361680582446       0.69727982876388017       0.61325919869598644     
   4.4531250000000001E-002   1.5625000000000000E-002  0.49576032097023798       0.70019506625118566       0.61005207669456463     
   4.5312500000000006E-002   1.5625000000000000E-002  0.48506299187208318       0.70307506844897305       0.60681757661104208     
   4.6093750000000003E-002   1.5625000000000000E-002  0.47431873251339945       0.70591926979861364       0.60355771254400870     
   4.6875000000000000E-002   1.5625000000000000E-002  0.46353447581291302       0.70872704204304871       0.60027469426011748     
   4.7656250000000004E-002   1.5625000000000000E-002  0.45271711810283305       0.71149766531124969       0.59697096348395384     
   4.8437500000000001E-002   1.5625000000000000E-002  0.44187437744586922       0.71423037955743407       0.59364923606602860     
   4.9218750000000006E-002   1.5625000000000000E-002  0.43101673134151158       0.71692467531739279       0.59031255288834261     
   5.0000000000000003E-002   1.5625000000000000E-002  0.42015908523715395       0.71958091929784707       0.58696434431607747     
   0.0000000000000000        1.6406250000000001E-002  0.83160309055425041       0.49339529420897044       0.71298607726390195     
   7.8125000000000004E-004   1.6406250000000001E-002  0.83268499122379036       0.49748549512915957       0.71296530850457007     
   1.5625000000000001E-003   1.6406250000000001E-002  0.83376689189333031       0.50155210242915760       0.71287360720787640     
   2.3437500000000003E-003   1.6406250000000001E-002  0.83460833486286246       0.50562158048612837       0.71271066318375165     
   3.1250000000000002E-003   1.6406250000000001E-002  0.83512442375018459       0.50969613529463076       0.71247624487236760     
   3.9062500000000000E-003   1.6406250000000001E-002  0.83531502286244041       0.51377126045128096       0.71217020472957093     
   4.6875000000000007E-003   1.6406250000000001E-002  0.83519687494868489       0.51784341716624960       0.71179247937665013     
   5.4687500000000005E-003   1.6406250000000001E-002  0.83477993770515613       0.52191090042817279       0.71134308425958837     
   6.2500000000000003E-003   1.6406250000000001E-002  0.83406731315592597       0.52597284964671465       0.71082210660040313     
   7.0312500000000002E-003   1.6406250000000001E-002  0.83305972631247605       0.53002853690884322       0.71022969875019371     
   7.8125000000000000E-003   1.6406250000000001E-002  0.83175801620758205       0.53407716258080373       0.70956607223053736     
   8.5937500000000007E-003   1.6406250000000001E-002  0.83016365738663467       0.53811787840299563       0.70883149224884212     
   9.3750000000000014E-003   1.6406250000000001E-002  0.82827856840526348       0.54214983919201754       0.70802627260961049     
   1.0156250000000000E-002   1.6406250000000001E-002  0.82610490187665475       0.54617222634777673       0.70715077108744329     
   1.0937500000000001E-002   1.6406250000000001E-002  0.82364496212093741       0.55018424985788195       0.70620538533886379     
   1.1718750000000000E-002   1.6406250000000001E-002  0.82090119829733388       0.55418514361947635       0.70519054937945058     
   1.2500000000000001E-002   1.6406250000000001E-002  0.81787621541116984       0.55817416118827456       0.70410673060560014     
   1.3281250000000001E-002   1.6406250000000001E-002  0.81457278075485950       0.56215057313253347       0.70295442731388003     
   1.4062500000000000E-002   1.6406250000000001E-002  0.81099382426447175       0.56611366530020069       0.70173416665983213     
   1.4843750000000001E-002   1.6406250000000001E-002  0.80714243630029558       0.57006273739184155       0.70044650299484268     
   1.5625000000000000E-002   1.6406250000000001E-002  0.80302186514086416       0.57399710163706419       0.69909201652058739     
   1.6406250000000001E-002   1.6406250000000001E-002  0.79863551480102646       0.57791608158063179       0.69767131220413525     
   1.7187500000000001E-002   1.6406250000000001E-002  0.79398694306307083       0.58181901101946165       0.69618501890216256     
   1.7968750000000002E-002   1.6406250000000001E-002  0.78907985952748805       0.58570523310731126       0.69463378864908676     
   1.8750000000000003E-002   1.6406250000000001E-002  0.78391812358704227       0.58957409962079943       0.69301829607056331     
   1.9531250000000000E-002   1.6406250000000001E-002  0.77850574230224323       0.59342497037069686       0.69133923789021934     
   2.0312500000000001E-002   1.6406250000000001E-002  0.77284686818174331       0.59725721274096610       0.68959733250345800     
   2.1093750000000001E-002   1.6406250000000001E-002  0.76694579687234599       0.60107020133918643       0.68779331959753143     
   2.1875000000000002E-002   1.6406250000000001E-002  0.76080696475983267       0.60486331774333890       0.68592795980183063     
   2.2656250000000003E-002   1.6406250000000001E-002  0.75443494648025766       0.60863595033102047       0.68400203435651963     
   2.3437500000000000E-002   1.6406250000000001E-002  0.74783445234175161       0.61238749417813587       0.68201634479130502     
   2.4218750000000001E-002   1.6406250000000001E-002  0.74101032565783953       0.61611735101507981       0.67997171260940492     
   2.5000000000000001E-002   1.6406250000000001E-002  0.73396753999414721       0.61982492922934429       0.67786897897473974     
   2.5781250000000002E-002   1.6406250000000001E-002  0.72671119633093106       0.62350964390429786       0.67570900440315274     
   2.6562500000000003E-002   1.6406250000000001E-002  0.71924652014424484       0.62717091688452176       0.67349266846118805     
   2.7343750000000000E-002   1.6406250000000001E-002  0.71157885840879831       0.63080817685850565       0.67122086947872739     
   2.8125000000000001E-002   1.6406250000000001E-002  0.70371367652577166       0.63442085944968896       0.66889452428475238     
   2.8906250000000001E-002   1.6406250000000001E-002  0.69565655517901281       0.63800840730675246       0.66651456797877529     
   2.9687500000000002E-002   1.6406250000000001E-002  0.68741318712318422       0.64157027018371771       0.66408195375422296     
   3.0468750000000003E-002   1.6406250000000001E-002  0.67898937390756364       0.64510590499977860       0.66159765279441152     
   3.1250000000000000E-002   1.6406250000000001E-002  0.67039102253932814       0.64861477586787764       0.65906265426689836     
   3.2031250000000004E-002   1.6406250000000001E-002  0.66162414209025355       0.65209635407983613       0.65647796544812498     
   3.2812500000000001E-002   1.6406250000000001E-002  0.65269484025084934       0.65555011803436813       0.65384461201760502     
   3.3593749999999999E-002   1.6406250000000001E-002  0.64360931983600833       0.65897555309256473       0.65116363856971060     
   3.4375000000000003E-002   1.6406250000000001E-002  0.63437387524639099       0.66237215134349225       0.64843610940164542     
   3.5156250000000000E-002   1.6406250000000001E-002  0.62499488889030863       0.66573941126052016       0.64566310964879581     
   3.5937500000000004E-002   1.6406250000000001E-002  0.61547882757207761       0.66907683722710831       0.64284574685364693     
   3.6718750000000001E-002   1.6406250000000001E-002  0.60583223885410409       0.67238393890932691       0.63998515307221049     
   3.7500000000000006E-002   1.6406250000000001E-002  0.59606174739790807       0.67566023045139700       0.63708248764277065     
   3.8281250000000003E-002   1.6406250000000001E-002  0.58617405127678834       0.67890522946929210       0.63413894076597821     
   3.9062500000000000E-002   1.6406250000000001E-002  0.57617591822541880       0.68211845581424602       0.63115573807302916     
   3.9843750000000004E-002   1.6406250000000001E-002  0.56607418177116742       0.68529943007248950       0.62813414638979204     
   4.0625000000000001E-002   1.6406250000000001E-002  0.55587573726573813       0.68844767176833177       0.62507548093918963     
   4.1406250000000006E-002   1.6406250000000001E-002  0.54558753815666583       0.69156269727431408       0.62198111426202130     
   4.2187500000000003E-002   1.6406250000000001E-002  0.53521659343218930       0.69464401755224259       0.61885248717824182     
   4.2968750000000000E-002   1.6406250000000001E-002  0.52476996736354753       0.69769113605184985       0.61569112215612087     
   4.3750000000000004E-002   1.6406250000000001E-002  0.51425478029639404       0.70070354714431737       0.61249863950027783     
   4.4531250000000001E-002   1.6406250000000001E-002  0.50367820114120521       0.70368073466175540       0.60927677679357972     
   4.5312500000000006E-002   1.6406250000000001E-002  0.49304740943798014       0.70662216748693507       0.60602741199978771     
   4.6093750000000003E-002   1.6406250000000001E-002  0.48236950608359902       0.70952728523803354       0.60275259052915853     
   4.6875000000000000E-002   1.6406250000000001E-002  0.47165141804617700       0.71239546829382394       0.59945455644825507     
   4.7656250000000004E-002   1.6406250000000001E-002  0.46090003658108269       0.71522600926850555       0.59613578814933410     
   4.8437500000000001E-002   1.6406250000000001E-002  0.45012309231501196       0.71801816652632444       0.59279903972089443     
   4.9218750000000006E-002   1.6406250000000001E-002  0.43933112250081363       0.72077146106085743       0.58944739144233782     
   5.0000000000000003E-002   1.6406250000000001E-002  0.42853915268661530       0.72348631305242139       0.58608431546088458     
   0.0000000000000000        1.7187500000000001E-002  0.83544020396024388       0.49275521315908799       0.71262816814843599     
   7.8125000000000004E-004   1.7187500000000001E-002  0.83659614327189724       0.49692100266750311       0.71260504477756648     
   1.5625000000000001E-003   1.7187500000000001E-002  0.83775208258355061       0.50106326178582550       0.71251102149453160     
   2.3437500000000003E-003   1.7187500000000001E-002  0.83866756393820441       0.50520845126173697       0.71234577830828205     
   3.1250000000000002E-003   1.7187500000000001E-002  0.83925773737871867       0.50935877439407673       0.71210906918716022     
   3.9062500000000000E-003   1.7187500000000001E-002  0.83952248288153652       0.51350972585485133       0.71180072802330530     
   4.6875000000000007E-003   1.7187500000000001E-002  0.83947852637434828       0.51765776716548995       0.71142066988534269     
   5.4687500000000005E-003   1.7187500000000001E-002  0.83913580088642514       0.52180118968897704       0.71096888670652725     
   6.2500000000000003E-003   1.7187500000000001E-002  0.83849738836462107       0.52593912504769158       0.71044544112042818     
   7.0312500000000002E-003   1.7187500000000001E-002  0.83756399841622897       0.53007083429713853       0.70985046061062584     
   7.8125000000000000E-003   1.7187500000000001E-002  0.83633645648416921       0.53419550434120799       0.70918413226590915     
   8.5937500000000007E-003   1.7187500000000001E-002  0.83481622390507926       0.53831227154621619       0.70844669789373138     
   9.3750000000000014E-003   1.7187500000000001E-002  0.83300520634956687       0.54242027384034264       0.70763844938825193     
   1.0156250000000000E-002   1.7187500000000001E-002  0.83090554418633056       0.54651867460858650       0.70675972441576695     
   1.0937500000000001E-002   1.7187500000000001E-002  0.82851953032604753       0.55060666508210399       0.70581090250847878     
   1.1718750000000000E-002   1.7187500000000001E-002  0.82584960338657076       0.55468346001290592       0.70479240161443879     
   1.2500000000000001E-002   1.7187500000000001E-002  0.82289835865769745       0.55874829372270207       0.70370467510579104     
   1.3281250000000001E-002   1.7187500000000001E-002  0.81966855448085862       0.56280041769766320       0.70254820921985661     
   1.4062500000000000E-002   1.7187500000000001E-002  0.81616311254137774       0.56683909903998708       0.70132352089416850     
   1.4843750000000001E-002   1.7187500000000001E-002  0.81238511558308735       0.57086361917467421       0.70003115595048626     
   1.5625000000000000E-002   1.7187500000000001E-002  0.80833780483577444       0.57487327261597576       0.69867168758066978     
   1.6406250000000001E-002   1.7187500000000001E-002  0.80402457776870573       0.57886736580674214       0.69724571508786748     
   1.7187500000000001E-002   1.7187500000000001E-002  0.79944898606186487       0.58284521607882278       0.69575386283911600     
   1.7968750000000002E-002   1.7187500000000001E-002  0.79461473360311086       0.58680615075784515       0.69419677938947166     
   1.8750000000000003E-002   1.7187500000000001E-002  0.78952567441558330       0.59074950641182644       0.69257513674254245     
   1.9531250000000000E-002   1.7187500000000001E-002  0.78418581049350300       0.59467462823250550       0.69088962971725576     
   2.0312500000000001E-002   1.7187500000000001E-002  0.77859928954963786       0.59858086953595302       0.68914097539558117     
   2.1093750000000001E-002   1.7187500000000001E-002  0.77277040267868402       0.60246759136935457       0.68732991263052701     
   2.1875000000000002E-002   1.7187500000000001E-002  0.76670358193722554       0.60633416221146808       0.68545720159798629     
   2.2656250000000003E-002   1.7187500000000001E-002  0.76040339783932376       0.61017995775472111       0.68352362337988193     
   2.3437500000000000E-002   1.7187500000000001E-002  0.75387455676714821       0.61400436075737119       0.68152997956959693     
   2.4218750000000001E-002   1.7187500000000001E-002  0.74712189829706643       0.61780676095468312       0.67947709189391714     
   2.5000000000000001E-002   1.7187500000000001E-002  0.74015039244249170       0.62158655501867277       0.67736580184874451     
   2.5781250000000002E-002   1.7187500000000001E-002  0.73296513681541575       0.62534314655651291       0.67519697034875137     
   2.6562500000000003E-002   1.7187500000000001E-002  0.72557135370896919       0.62907594613815720       0.67297147739404162     
   2.7343750000000000E-002   1.7187500000000001E-002  0.71797438710365580       0.63278437134402843       0.67069022175986825     
   2.8125000000000001E-002   1.7187500000000001E-002  0.71017969960016047       0.63646784682373070       0.66835412071865452     
   2.8906250000000001E-002   1.7187500000000001E-002  0.70219286928182179       0.64012580435664856       0.66596410980709930     
   2.9687500000000002E-002   1.7187500000000001E-002  0.69401958651005047       0.64375768290497093       0.66352114265515316     
   3.0468750000000003E-002   1.7187500000000001E-002  0.68566565065611496       0.64736292864913170       0.66102619089828529     
   3.1250000000000000E-002   1.7187500000000001E-002  0.67713696677286739       0.65094099499487057       0.65848024419988471     
   3.2031250000000004E-002   1.7187500000000001E-002  0.66843954221006574       0.65449134254011476       0.65588431041704964     
   3.2812500000000001E-002   1.7187500000000001E-002  0.65957948317702475       0.65801343898865683       0.65323941595060764     
   3.3593749999999999E-002   1.7187500000000001E-002  0.65056299125634232       0.66150675899621236       0.65054660632922823     
   3.4375000000000003E-002   1.7187500000000001E-002  0.64139635987253318       0.66497078393293263       0.64780694708817621     
   3.5156250000000000E-002   1.7187500000000001E-002  0.63208597071987260       0.66840500154497073       0.64502152501589582     
   3.5937500000000004E-002   1.7187500000000001E-002  0.62263829015486649       0.67180890549648353       0.64219144985649690     
   3.6718750000000001E-002   1.7187500000000001E-002  0.61305986555983172       0.67518199477278240       0.63931785657362949     
   3.7500000000000006E-002   1.7187500000000001E-002  0.60335732168157608       0.67852377292522725       0.63640190830143373     
   3.8281250000000003E-002   1.7187500000000001E-002  0.59353735693585818       0.68183374713807809       0.63344480013141158     
   3.9062500000000000E-002   1.7187500000000001E-002  0.58360673964006848       0.68511142709508910       0.63044776391018542     
   3.9843750000000004E-002   1.7187500000000001E-002  0.57357230411663229       0.68835632361874688       0.62741207425202616     
   4.0625000000000001E-002   1.7187500000000001E-002  0.56344094668790778       0.69156794705664681       0.62433905600159367     
   4.1406250000000006E-002   1.7187500000000001E-002  0.55321962191394325       0.69474580542761710       0.62123009341675628     
   4.2187500000000003E-002   1.7187500000000001E-002  0.54291534002571462       0.69788940246266074       0.61808664137950664     
   4.2968750000000000E-002   1.7187500000000001E-002  0.53253516667477829       0.70099823587929488       0.61491023898516206     
   4.3750000000000004E-002   1.7187500000000001E-002  0.52208622365106772       0.70407179626821836       0.61170252590125795     
   4.4531250000000001E-002   1.7187500000000001E-002  0.51157568093307482       0.70710956612918752       0.60846526190923955     
   4.5312500000000006E-002   1.7187500000000001E-002  0.50101071753703741       0.71011101589831205       0.60520035000788741     
   4.6093750000000003E-002   1.7187500000000001E-002  0.49039843027945351       0.71307558985565422       0.60190986333747609     
   4.6875000000000000E-002   1.7187500000000001E-002  0.47974573758850592       0.71600267612373203       0.59859607604200438     
   4.7656250000000004E-002   1.7187500000000001E-002  0.46905952306039839       0.71889157840523810       0.59526149833501840     
   4.8437500000000001E-002   1.7187500000000001E-002  0.45834752976040383       0.72174157176207132       0.59190891711522498     
   4.9218750000000006E-002   1.7187500000000001E-002  0.44762036216209011       0.72455220654664887       0.58854144608084213     
   5.0000000000000003E-002   1.7187500000000001E-002  0.43689319456377640       0.72732395811111084       0.58516259250284908     
   0.0000000000000000        1.7968750000000002E-002  0.83927222260288370       0.49208610388311314       0.71225379629712060     
   7.8125000000000004E-004   1.7968750000000002E-002  0.84050210997374153       0.49632750033651835       0.71222830536470449     
   1.5625000000000001E-003   1.7968750000000002E-002  0.84173199734459936       0.50054541743594594       0.71213191687752497     
   2.3437500000000003E-003   1.7968750000000002E-002  0.84272141824539071       0.50476631162313967       0.71196430309538883     
   3.1250000000000002E-003   1.7968750000000002E-002  0.84338556800956122       0.50899238218253173       0.71172520599250599     
   3.9062500000000000E-003   1.7968750000000002E-002  0.84372434489497183       0.51321912391107261       0.71141444366786522     
   4.6875000000000007E-003   1.7968750000000002E-002  0.84375445981931696       0.51744299826696716       0.71103191256232645     
   5.4687500000000005E-003   1.7968750000000002E-002  0.84348582201804889       0.52166229302182954       0.71057758401861959     
   6.2500000000000003E-003   1.7968750000000002E-002  0.84292149403949002       0.52587613231797958       0.71005149885783181     
   7.0312500000000002E-003   1.7968750000000002E-002  0.84206217082534673       0.53008376669001755       0.70945376221203926     
   7.8125000000000000E-003   1.7968750000000002E-002  0.84090866492784810       0.53428437023408248       0.70878453891386139     
   8.5937500000000007E-003   1.7968750000000002E-002  0.83946242500191715       0.53847706466857759       0.70804404916269015     
   9.3750000000000014E-003   1.7968750000000002E-002  0.83772534413681532       0.54266097175330874       0.70723256433525983     
   1.0156250000000000E-002   1.7968750000000002E-002  0.83569955054728495       0.54683523750325125       0.70635040299502272     
   1.0937500000000001E-002   1.7968750000000002E-002  0.83338732564252049       0.55099903491002589       0.70539792719854477     
   1.1718750000000000E-002   1.7968750000000002E-002  0.83079109725488165       0.55515155993409937       0.70437553916135409     
   1.2500000000000001E-002   1.7968750000000002E-002  0.82791345058909038       0.55929202783361709       0.70328367830216632     
   1.3281250000000001E-002   1.7968750000000002E-002  0.82475713456493960       0.56341967099290247       0.70212281865676951     
   1.4062500000000000E-002   1.7968750000000002E-002  0.82132506206805744       0.56753373756133940       0.70089346663838836     
   1.4843750000000001E-002   1.7968750000000002E-002  0.81762030761951376       0.57163349030420263       0.69959615911364070     
   1.5625000000000000E-002   1.7968750000000002E-002  0.81364610475509158       0.57571820547425701       0.69823146175901674     
   1.6406250000000001E-002   1.7968750000000002E-002  0.80940584372974511       0.57978717172232930       0.69679996766117747     
   1.7187500000000001E-002   1.7968750000000002E-002  0.80490306944151302       0.58383968910030626       0.69530229612485128     
   1.7968750000000002E-002   1.7968750000000002E-002  0.80014147938493485       0.58787506818515223       0.69373909165416781     
   1.8750000000000003E-002   1.7968750000000002E-002  0.79512492153929137       0.59189262932833153       0.69211102307634509     
   1.9531250000000000E-002   1.7968750000000002E-002  0.78985739217021567       0.59589170202391273       0.69041878278025426     
   2.0312500000000001E-002   1.7968750000000002E-002  0.78434303354803425       0.59987162438568176       0.68866308604620219     
   2.1093750000000001E-002   1.7968750000000002E-002  0.77858613158694967       0.60383174272329210       0.68684467044708186     
   2.1875000000000002E-002   1.7968750000000002E-002  0.77259111340545805       0.60777141120749523       0.68496429530472358     
   2.2656250000000003E-002   1.7968750000000002E-002  0.76636254480668264       0.61168999161442161       0.68302274118877981     
   2.3437500000000000E-002   1.7968750000000002E-002  0.75990512767760887       0.61558685313887196       0.68102080944878407     
   2.4218750000000001E-002   1.7968750000000002E-002  0.75322369730718752       0.61946137226671838       0.67895932177315921     
   2.5000000000000001E-002   1.7968750000000002E-002  0.74632321962416703       0.62331293269679078       0.67683911977196920     
   2.5781250000000002E-002   1.7968750000000002E-002  0.73920878835614856       0.62714092530291754       0.67466106458317943     
   2.6562500000000003E-002   1.7968750000000002E-002  0.73188562211180697       0.63094474812706280       0.67242603650519228     
   2.7343750000000000E-002   1.7968750000000002E-002  0.72435906138854711       0.63472380639466208       0.67013493466156604     
   2.8125000000000001E-002   1.7968750000000002E-002  0.71663456550814153       0.63847751254329566       0.66778867670720299     
   2.8906250000000001E-002   1.7968750000000002E-002  0.70871770948311441       0.64220528625571105       0.66538819858902531     
   2.9687500000000002E-002   1.7968750000000002E-002  0.70061418081683513       0.64590655448790935       0.66293445437838683     
   3.0468750000000003E-002   1.7968750000000002E-002  0.69232977624044101       0.64958075148252892       0.66042841619732262     
   3.1250000000000000E-002   1.7968750000000002E-002  0.68387039838984431       0.65322731875710371       0.65787107426638614     
   3.2031250000000004E-002   1.7968750000000002E-002  0.67524205242616653       0.65684570505594364       0.65526343710844226     
   3.2812500000000001E-002   1.7968750000000002E-002  0.66645084260296950       0.66043536625341737       0.65260653195055440     
   3.3593749999999999E-002   1.7968750000000002E-002  0.65750296878363312       0.66399576519533254       0.64990140537525443     
   3.4375000000000003E-002   1.7968750000000002E-002  0.64840472291226103       0.66752637146400939       0.64714912428322036     
   3.5156250000000000E-002   1.7968750000000002E-002  0.63916248544190590       0.67102666105164377       0.64435077724197054     
   3.5937500000000004E-002   1.7968750000000002E-002  0.62978272172493222       0.67449611592592429       0.64150747630983518     
   3.6718750000000001E-002   1.7968750000000002E-002  0.62027197837124548       0.67793422347184595       0.63862035944144158     
   3.7500000000000006E-002   1.7968750000000002E-002  0.61063687957719259       0.68134047579423318       0.63569059360042302     
   3.8281250000000003E-002   1.7968750000000002E-002  0.60088412341386288       0.68471436886573378       0.63271937872713624     
   3.9062500000000000E-002   1.7968750000000002E-002  0.59102047803449798       0.68805540150307520       0.62970795273377833     
   3.9843750000000004E-002   1.7968750000000002E-002  0.58105277774149844       0.69136307414979892       0.62665759772620877     
   4.0625000000000001E-002   1.7968750000000002E-002  0.57098791893690981       0.69463688744576135       0.62356964768084444     
   4.1406250000000006E-002   1.7968750000000002E-002  0.56083285632196866       0.69787634060322612       0.62044549783656255     
   4.2187500000000003E-002   1.7968750000000002E-002  0.55059460032174901       0.70108092973450753       0.61728661609685997     
   4.2968750000000000E-002   1.7968750000000002E-002  0.54028021685647187       0.70425014648091577       0.61409455677745706     
   4.3750000000000004E-002   1.7968750000000002E-002  0.52989682800473703       0.70738347732320672       0.61087097707451909     
   4.4531250000000001E-002   1.7968750000000002E-002  0.51945160360298193       0.71048040307332772       0.60761765664901457     
   4.5312500000000006E-002   1.7968750000000002E-002  0.50895172076867656       0.71354039527723367       0.60433652068305943     
   4.6093750000000003E-002   1.7968750000000002E-002  0.49840427043807367       0.71656290224236308       0.60102966662866542     
   4.6875000000000000E-002   1.7968750000000002E-002  0.48781616005842937       0.71954731885739143       0.59769939470530264     
   4.7656250000000004E-002   1.7968750000000002E-002  0.47719426320084335       0.72249295846723427       0.59434824236045369     
   4.8437500000000001E-002   1.7968750000000002E-002  0.46654633665023976       0.72539911111425515       0.59097902413532766     
   4.9218750000000006E-002   1.7968750000000002E-002  0.45588306435604997       0.72826535563172168       0.58759488140871075     
   5.0000000000000003E-002   1.7968750000000002E-002  0.44521979206186019       0.73109222461911449       0.58419935034420234     
   0.0000000000000000        1.8750000000000003E-002  0.84309864524510425       0.49138806714644179       0.71186298676747428     
   7.8125000000000004E-004   1.8750000000000003E-002  0.84440239359461344       0.49570509311006755       0.71183512687309369     
   1.5625000000000001E-003   1.8750000000000003E-002  0.84570614194412264       0.49999867906443735       0.71173634185098911     
   2.3437500000000003E-003   1.8750000000000003E-002  0.84676940591927508       0.50429527634469140       0.71156629815290329     
   3.1250000000000002E-003   1.8750000000000003E-002  0.84750742696468129       0.50859707886361727       0.71132472794397561     
   3.9062500000000000E-003   1.8750000000000003E-002  0.84792012420385277       0.51289958057290763       0.71101143597360039     
   4.6875000000000007E-003   1.8750000000000003E-002  0.84802419497115700       0.51719924239051251       0.71062630264851145     
   5.4687500000000005E-003   1.8750000000000003E-002  0.84782952525485478       0.52149434835539443       0.71016928133557278     
   6.2500000000000003E-003   1.8750000000000003E-002  0.84733915862673947       0.52578401521322116       0.70964039356190656     
   7.0312500000000002E-003   1.8750000000000003E-002  0.84655377589597325       0.53006748323961295       0.70903972443455476     
   7.8125000000000000E-003   1.8750000000000003E-002  0.84547417726220753       0.53434391412486082       0.70836741859298324     
   8.5937500000000007E-003   1.8750000000000003E-002  0.84410179910783312       0.53861241542625915       0.70762367638215407     
   9.3750000000000014E-003   1.8750000000000003E-002  0.84243852216728499       0.54287209324254970       0.70680875008417365     
   1.0156250000000000E-002   1.8750000000000003E-002  0.84048646255008930       0.54712207668615653       0.70592294025165536     
   1.0937500000000001E-002   1.8750000000000003E-002  0.83824789005841061       0.55136152088814605       0.70496659224389302     
   1.1718750000000000E-002   1.8750000000000003E-002  0.83572522150234740       0.55558960327280682       0.70394009303796290     
   1.2500000000000001E-002   1.8750000000000003E-002  0.83292103165345877       0.55980552014392193       0.70284386834576751     
   1.3281250000000001E-002   1.8750000000000003E-002  0.82983805956903334       0.56400848473527276       0.70167838004099858     
   1.4062500000000000E-002   1.8750000000000003E-002  0.82647920881950354       0.56819772603401997       0.70044412388536648     
   1.4843750000000001E-002   1.8750000000000003E-002  0.82284754513039393       0.57237248777978145       0.69914162753498532     
   1.5625000000000000E-002   1.8750000000000003E-002  0.81894629372920735       0.57653202745072385       0.69777144880239561     
   1.6406250000000001E-002   1.8750000000000003E-002  0.81477883701452614       0.58067561525814648       0.69633417414653198     
   1.7187500000000001E-002   1.8750000000000003E-002  0.81034871244406859       0.58480253320683717       0.69483041736177986     
   1.7968750000000002E-002   1.8750000000000003E-002  0.80565961045368117       0.58891207425388159       0.69326081843774456     
   1.8750000000000003E-002   1.8750000000000003E-002  0.80071537231375323       0.59300354157434876       0.69162604256300786     
   1.9531250000000000E-002   1.8750000000000003E-002  0.79551998790225753       0.59707624793089131       0.68992677924854107     
   2.0312500000000001E-002   1.8750000000000003E-002  0.79007759339807893       0.60112951514094382       0.68816374154926585     
   2.1093750000000001E-002   1.8750000000000003E-002  0.78439246889885650       0.60516267363445486       0.68633766536528018     
   2.1875000000000002E-002   1.8750000000000003E-002  0.77846903596366401       0.60917506209464056       0.68444930880735888     
   2.2656250000000003E-002   1.8750000000000003E-002  0.77231185507903788       0.61316602717374213       0.68249945161441139     
   2.3437500000000000E-002   1.8750000000000003E-002  0.76592562304707379       0.61713492327535924       0.68048889461360318     
   2.4218750000000001E-002   1.8750000000000003E-002  0.75931517029525175       0.62108111239473507       0.67841845921681043     
   2.5000000000000001E-002   1.8750000000000003E-002  0.75248545810851286       0.62500396400834357       0.67628898695002282     
   2.5781250000000002E-002   1.8750000000000003E-002  0.74544157578474524       0.62890285500419740       0.67410133901527047     
   2.6562500000000003E-002   1.8750000000000003E-002  0.73818873771527116       0.63277716964438413       0.67185639588771506     
   2.7343750000000000E-002   1.8750000000000003E-002  0.73073228039227833       0.63662629955136862       0.66955505695377626     
   2.8125000000000001E-002   1.8750000000000003E-002  0.72307765934540835       0.64044964370956148       0.66719824019967777     
   2.8906250000000001E-002   1.8750000000000003E-002  0.71523044600994379       0.64424660847348980       0.66478688196368163     
   2.9687500000000002E-002   1.8750000000000003E-002  0.70719632452923309       0.64801660757363111       0.66232193676967777     
   3.0468750000000003E-002   1.8750000000000003E-002  0.69898108849415075       0.65175906211055068       0.65980437726481989     
   3.1250000000000000E-002   1.8750000000000003E-002  0.69059063762250628       0.65547340052744196       0.65723519428971777     
   3.2031250000000004E-002   1.8750000000000003E-002  0.68203097438137872       0.65915905855051105       0.65461539711645589     
   3.2812500000000001E-002   1.8750000000000003E-002  0.67330820055535989       0.66281547908589733       0.65194601389759999     
   3.3593749999999999E-002   1.8750000000000003E-002  0.66442851376360879       0.66644211206103343       0.64922809237855106     
   3.4375000000000003E-002   1.8750000000000003E-002  0.65539820392861203       0.67003841419759014       0.64646270093632707     
   3.5156250000000000E-002   1.8750000000000003E-002  0.64622364969991364       0.67360384870257828       0.64365093002028251     
   3.5937500000000004E-002   1.8750000000000003E-002  0.63691131483704766       0.67713788486402904       0.64079389408463949     
   3.6718750000000001E-002   1.8750000000000003E-002  0.62746774455668086       0.68063999753818150       0.63789273411917291     
   3.7500000000000006E-002   1.8750000000000003E-002  0.61789956184567363       0.68410966651620764       0.63494862090311455     
   3.8281250000000003E-002   1.8750000000000003E-002  0.60821346372694396       0.68754637575917754       0.63196275912836153     
   3.9062500000000000E-002   1.8750000000000003E-002  0.59841621743522433       0.69094961248822828       0.62893639256127232     
   3.9843750000000004E-002   1.8750000000000003E-002  0.58851465644147549       0.69431886611237659       0.62587081043745874     
   4.0625000000000001E-002   1.8750000000000003E-002  0.57851567635380907       0.69765362697879152       0.62276735531089977     
   4.1406250000000006E-002   1.8750000000000003E-002  0.56842623107698098       0.70095338497131909       0.61962743260791009     
   4.2187500000000003E-002   1.8750000000000003E-002  0.55825333023394519       0.70421762811131527       0.61645252216961166     
   4.2968750000000000E-002   1.8750000000000003E-002  0.54800403897494776       0.70744584152168233       0.61324419210499670     
   4.3750000000000004E-002   1.8750000000000003E-002  0.53768547860579807       0.71063750713577756       0.61000411531611232     
   4.4531250000000001E-002   1.8750000000000003E-002  0.52730481772475724       0.71379210361146250       0.60673408907638382     
   4.5312500000000006E-002   1.8750000000000003E-002  0.51686923030683651       0.71690910305731648       0.60343605799797306     
   4.6093750000000003E-002   1.8750000000000003E-002  0.50638579976046150       0.71998795708967633       0.60011214057252760     
   4.6875000000000000E-002   1.8750000000000003E-002  0.49586142030128610       0.72302806633792993       0.59676465928190447     
   4.7656250000000004E-002   1.8750000000000003E-002  0.48530295325478356       0.72602875235399911       0.59339617444092452     
   4.8437500000000001E-002   1.8750000000000003E-002  0.47471816973453879       0.72898931852240656       0.59000952330659040     
   4.9218750000000006E-002   1.8750000000000003E-002  0.46411784244696092       0.73190937130830880       0.58660786943323695     
   5.0000000000000003E-002   1.8750000000000003E-002  0.45351751515938304       0.73478950264899423       0.58319477169728351     
   0.0000000000000000        1.9531250000000000E-002  0.84691897566447771       0.49066120807083879       0.71145576571722513     
   7.8125000000000004E-004   1.9531250000000000E-002  0.84829649776493077       0.49505389016305845       0.71142554653075030     
   1.5625000000000001E-003   1.9531250000000000E-002  0.84967401986538382       0.49942316020442740       0.71132434504771780     
   2.3437500000000003E-003   1.9531250000000000E-002  0.85081103200580410       0.50379546359402649       0.71115182362329321     
   3.1250000000000002E-003   1.9531250000000000E-002  0.85162282185938298       0.50817298752447904       0.71090770658515123     
   3.9062500000000000E-003   1.9531250000000000E-002  0.85210933167042946       0.51255122409400433       0.71059178752164420     
   4.6875000000000007E-003   1.9531250000000000E-002  0.85228724632792507       0.51692663311415488       0.71020393312819141     
   5.4687500000000005E-003   1.9531250000000000E-002  0.85216642885953919       0.52129749460760511       0.70974408115268328     
   6.2500000000000003E-003   1.9531250000000000E-002  0.85174990406643092       0.52566291782375429       0.70921223612431128     
   7.0312500000000002E-003   1.9531250000000000E-002  0.85103833897894887       0.53002213283405919       0.70860846527971288     
   7.8125000000000000E-003   1.9531250000000000E-002  0.85003252183529565       0.53437428910944007       0.70793289501537260     
   8.5937500000000007E-003   1.9531250000000000E-002  0.84873387703997183       0.53871848032303515       0.70718570752342758     
   9.3750000000000014E-003   1.9531250000000000E-002  0.84714427311657570       0.54305379722693159       0.70636713741936608     
   1.0156250000000000E-002   1.9531250000000000E-002  0.84526581406470469       0.54737935233076795       0.70547746839197045     
   1.0937500000000001E-002   1.9531250000000000E-002  0.84310075794480754       0.55169428314639957       0.70451702997670607     
   1.1718750000000000E-002   1.9531250000000000E-002  0.84065151029776430       0.55599774871147167       0.70348619453087791     
   1.2500000000000001E-002   1.9531250000000000E-002  0.83792063511744319       0.56028892640975558       0.70238537445006366     
   1.3281250000000001E-002   1.9531250000000000E-002  0.83491086117045354       0.56456701022922595       0.70121501963922162     
   1.4062500000000000E-002   1.9531250000000000E-002  0.83162508221443388       0.56883120976324986       0.69997561523759466     
   1.4843750000000001E-002   1.9531250000000000E-002  0.82806635462652600       0.57308074935764886       0.69866767958794673     
   1.5625000000000000E-002   1.9531250000000000E-002  0.82423789473122056       0.57731486721606962       0.69729176243463353     
   1.6406250000000001E-002   1.9531250000000000E-002  0.82014307644602868       0.58153281448704397       0.69584844333084395     
   1.7187500000000001E-002   1.9531250000000000E-002  0.81578542914393692       0.58573385439259895       0.69433833023298841     
   1.7968750000000002E-002   1.9531250000000000E-002  0.81116863554653484       0.58991726143412249       0.69276205825945425     
   1.8750000000000003E-002   1.9531250000000000E-002  0.80629652955556641       0.59408232068709499       0.69112028859143404     
   1.9531250000000000E-002   1.9531250000000000E-002  0.80117309400289893       0.59822832718484287       0.68941370749487785     
   2.0312500000000001E-002   1.9531250000000000E-002  0.79580245832304641       0.60235458538789866       0.68764302544454969     
   2.1093750000000001E-002   1.9531250000000000E-002  0.79018889615273979       0.60646040873450802       0.68580897633346172     
   2.1875000000000002E-002   1.9531250000000000E-002  0.78433682285798201       0.61054511926704658       0.68391231675346464     
   2.2656250000000003E-002   1.9531250000000000E-002  0.77825079298706579       0.61460804732826924       0.68195382533540905     
   2.3437500000000000E-002   1.9531250000000000E-002  0.77193549764816083       0.61864853132058495       0.67993430213999284     
   2.4218750000000001E-002   1.9531250000000000E-002  0.76539576181093283       0.62266591752106448       0.67785456809316269     
   2.5000000000000001E-002   1.9531250000000000E-002  0.75863654153248561       0.62665955994461120       0.67571546446275532     
   2.5781250000000002E-002   1.9531250000000000E-002  0.75166292110851862       0.63062882024758682       0.67351785237597483     
   2.6562500000000003E-002   1.9531250000000000E-002  0.74448011015101445       0.63457306766410482       0.67126261238036677     
   2.7343750000000000E-002   1.9531250000000000E-002  0.73709344059410187       0.63849167896711745       0.66895064405423466     
   2.8125000000000001E-002   1.9531250000000000E-002  0.72950836363000404       0.64238403844630754       0.66658286567603620     
   2.8906250000000001E-002   1.9531250000000000E-002  0.72173044657720931       0.64624953789460293       0.66416021396629132     
   2.9687500000000002E-002   1.9531250000000000E-002  0.71376536968317472       0.65008757659486482       0.66168364392004764     
   3.0468750000000003E-002   1.9531250000000000E-002  0.70561892286402950       0.65389756129794241       0.65915412875310164     
   3.1250000000000000E-002   1.9531250000000000E-002  0.69729700238382786       0.65767890618284797       0.65657265999110226     
   3.2031250000000004E-002   1.9531250000000000E-002  0.68880560747595587       0.66143103278929594       0.65394024773752268     
   3.2812500000000001E-002   1.9531250000000000E-002  0.68015083690924072       0.66515336991230767       0.65125792116442427     
   3.3593749999999999E-002   1.9531250000000000E-002  0.67133888550121412       0.66884535344803997       0.64852672927914001     
   3.4375000000000003E-002   1.9531250000000000E-002  0.66237604058091892       0.67250642617954592       0.64574774203062746     
   3.5156250000000000E-002   1.9531250000000000E-002  0.65326867840399505       0.67613603749095297       0.64292205183148021     
   3.5937500000000004E-002   1.9531250000000000E-002  0.64402326052372749       0.67973364299879080       0.64005077558559698     
   3.6718750000000001E-002   1.9531250000000000E-002  0.63464633012241078       0.68329870409013160       0.63713505732744913     
   3.7500000000000006E-002   1.9531250000000000E-002  0.62514450830373403       0.68683068735869768       0.63417607159686373     
   3.8281250000000003E-002   1.9531250000000000E-002  0.61552449033133350       0.69032906393103366       0.63117502769325273     
   3.9062500000000000E-002   1.9531250000000000E-002  0.60579304176810422       0.69379330867314870       0.62813317497512999     
   3.9843750000000004E-002   1.9531250000000000E-002  0.59595699445354899       0.69722289926338976       0.62505180939429705     
   4.0625000000000001E-002   1.9531250000000000E-002  0.58602324235178260       0.70061731511987901       0.62193228147914359     
   4.1406250000000006E-002   1.9531250000000000E-002  0.57599873767086851       0.70397603621339977       0.61877600600875682     
   4.2187500000000003E-002   1.9531250000000000E-002  0.56589048828822863       0.70729854192849773       0.61558447365092195     
   4.2968750000000000E-002   1.9531250000000000E-002  0.55570555761443408       0.71058431034526581       0.61235926487452674     
   4.3750000000000004E-002   1.9531250000000000E-002  0.54545106520580244       0.71383281832550349       0.60910206648618581     
   4.4531250000000001E-002   1.9531250000000000E-002  0.53513417742509117       0.71704354182174468       0.60581469115971842     
   4.5312500000000006E-002   1.9531250000000000E-002  0.52476206397016256       0.72021595288298512       0.60249910027630937     
   4.6093750000000003E-002   1.9531250000000000E-002  0.51434179918379375       0.72334950566045020       0.59915743022476831     
   4.6875000000000000E-002   1.9531250000000000E-002  0.50388026189117441       0.72644360547087095       0.59579202209831594     
   4.7656250000000004E-002   1.9531250000000000E-002  0.49338429906837827       0.72949758063962500       0.59240545489510088     
   4.8437500000000001E-002   1.9531250000000000E-002  0.48286169738386797       0.73251074629138457       0.58900058384371001     
   4.9218750000000006E-002   1.9531250000000000E-002  0.47232332963029483       0.73548273582342716       0.58558058933891732     
   5.0000000000000003E-002   1.9531250000000000E-002  0.46178496187672169       0.73841420284500392       0.58214904704065473     
   0.0000000000000000        2.0312500000000001E-002  0.85073271238983372       0.48990563611860732       0.71103216040255968     
   7.8125000000000004E-004   2.0312500000000001E-002  0.85218392202506099       0.49437400473615356       0.71099960232345771     
   1.5625000000000001E-003   2.0312500000000001E-002  0.85363513166028826       0.49881897816527082       0.71089597535614557     
   2.3437500000000003E-003   2.0312500000000001E-002  0.85484579834682961       0.50326699496625404       0.71072093935601621     
   3.1250000000000002E-003   2.0312500000000001E-002  0.85573125659337379       0.50772023424536772       0.71047421259804533     
   3.9062500000000000E-003   2.0312500000000001E-002  0.85629147388408178       0.51217418521600588       0.71015557948382579     
   4.6875000000000007E-003   2.0312500000000001E-002  0.85654312354796580       0.51662530594695966       0.70976489509568186     
   5.4687500000000005E-003   2.0312500000000001E-002  0.85649604571679550       0.52107187204433059       0.70930208370274073     
   6.2500000000000003E-003   2.0312500000000001E-002  0.85615324644326474       0.52551298500999799       0.70876713494060806     
   7.0312500000000002E-003   2.0312500000000001E-002  0.85551537917607134       0.52994786459209797       0.70816010017641740     
   7.8125000000000000E-003   2.0312500000000001E-002  0.85458322044969570       0.53437564804428561       0.70748108940605492     
   8.5937500000000007E-003   2.0312500000000001E-002  0.85335818287618792       0.53879541524867580       0.70673026831164409     
   9.3750000000000014E-003   2.0312500000000001E-002  0.85184212282813965       0.54320624175134569       0.70590785525900379     
   1.0156250000000000E-002   2.0312500000000001E-002  0.85003713213004539       0.54760722360264635       0.70501411825216376     
   1.0937500000000001E-002   2.0312500000000001E-002  0.84794545692612577       0.55199748080280242       0.70404937194459039     
   1.1718750000000000E-002   2.0312500000000001E-002  0.84556949121806602       0.55637615404366103       0.70301397478924399     
   1.2500000000000001E-002   2.0312500000000001E-002  0.84291178786740328       0.56074240174014434       0.70190832637281331     
   1.3281250000000001E-002   2.0312500000000001E-002  0.83997506492104523       0.56509539848021795       0.70073286495434428     
   1.4062500000000000E-002   2.0312500000000001E-002  0.83676220583144156       0.56943433419476275       0.69948806521486862     
   1.4843750000000001E-002   2.0312500000000001E-002  0.83327625708304764       0.57375841344920953       0.69817443621631770     
   1.5625000000000000E-002   2.0312500000000001E-002  0.82952042551227212       0.57806685466950924       0.69679251956179844     
   1.6406250000000001E-002   2.0312500000000001E-002  0.82549807593995139       0.58235888932666258       0.69534288774455788     
   1.7187500000000001E-002   2.0312500000000001E-002  0.82121272901720987       0.58663376114122334       0.69382614266979248     
   1.7968750000000002E-002   2.0312500000000001E-002  0.81666805910042961       0.59089072534558951       0.69224291433177210     
   1.8750000000000003E-002   2.0312500000000001E-002  0.81186789206437115       0.59512904801810151       0.69059385962830178     
   1.9531250000000000E-002   2.0312500000000001E-002  0.80681620303429025       0.59934800549160516       0.68887966129502187     
   2.0312500000000001E-002   2.0312500000000001E-002  0.80151711404177328       0.60354688383549471       0.68710102694319786     
   2.1093750000000001E-002   2.0312500000000001E-002  0.79597489160916768       0.60772497840904571       0.68525868818627556     
   2.1875000000000002E-002   2.0312500000000001E-002  0.79019394426327538       0.61188159348285598       0.68335339984243970     
   2.2656250000000003E-002   2.0312500000000001E-002  0.78417881997688199       0.61601604192412962       0.68138593920260737     
   2.3437500000000000E-002   2.0312500000000001E-002  0.77793420353672171       0.62012764494056938       0.67935710535565896     
   2.4218750000000001E-002   2.0312500000000001E-002  0.77146491383724702       0.62421573187692214       0.67726771856522527     
   2.5000000000000001E-002   2.0312500000000001E-002  0.76477590110035099       0.62827964005774217       0.67511861969500242     
   2.5781250000000002E-002   2.0312500000000001E-002  0.75787224402173858       0.63231871466961587       0.67291066968239044     
   2.6562500000000003E-002   2.0312500000000001E-002  0.75075914684503653       0.63633230867587254       0.67064474906327665     
   2.7343750000000000E-002   2.0312500000000001E-002  0.74344193636503975       0.64031978275661294       0.66832175755407608     
   2.8125000000000001E-002   2.0312500000000001E-002  0.73592605886172946       0.64428050526670355       0.66594261370077568     
   2.8906250000000001E-002   2.0312500000000001E-002  0.72821707696690563       0.64821385220416294       0.66350825460878449     
   2.9687500000000002E-002   2.0312500000000001E-002  0.72032066646543658       0.65211920718111260       0.66101963577198319     
   3.0468750000000003E-002   2.0312500000000001E-002  0.71224261303324354       0.65599596138915428       0.65847773102459561     
   3.1250000000000000E-002   2.0312500000000001E-002  0.70398880891421900       0.65984351355069149       0.65588353264550214     
   3.2031250000000004E-002   2.0312500000000001E-002  0.69556524953828047       0.66366126984733809       0.65323805165151749     
   3.2812500000000001E-002   2.0312500000000001E-002  0.68697803008267733       0.66744864381618818       0.65054231832410081     
   3.3593749999999999E-002   2.0312500000000001E-002  0.67823334197853169       0.67120505620439608       0.64779738302311185     
   3.4375000000000003E-002   2.0312500000000001E-002  0.66933746936450411       0.67492993477231988       0.64500431735171893     
   3.5156250000000000E-002   2.0312500000000001E-002  0.66029678548980819       0.67862271403555385       0.64216421574856175     
   3.5937500000000004E-002   2.0312500000000001E-002  0.65111774906974895       0.68228283493673825       0.63927819759690552     
   3.6718750000000001E-002   2.0312500000000001E-002  0.64180690059755874       0.68590974443929664       0.63634740995593153     
   3.7500000000000006E-002   2.0312500000000001E-002  0.63237085861233233       0.68950289503702200       0.63337303103655862     
   3.8281250000000003E-002   2.0312500000000001E-002  0.62281631590655362       0.69306174417452415       0.63035627456326293     
   3.9062500000000000E-002   2.0312500000000001E-002  0.61315003562540860       0.69658575357176500       0.62729839518410446     
   3.9843750000000004E-002   2.0312500000000001E-002  0.60337884719385926       0.70007438844102443       0.62420069511329757     
   4.0625000000000001E-002   2.0312500000000001E-002  0.59350964210960222       0.70352711658736899       0.62106453221411995     
   4.1406250000000006E-002   2.0312500000000001E-002  0.58354937002320462       0.70694340742799089       0.61789132975554617     
   4.2187500000000003E-002   2.0312500000000001E-002  0.57350503617505322       0.71032273110183330       0.61468258810597909     
   4.2968750000000000E-002   2.0312500000000001E-002  0.56338370133085591       0.71366455805424744       0.61143989866418913     
   4.3750000000000004E-002   2.0312500000000001E-002  0.55319248239687713       0.71696835948315951       0.60816496036694734     
   4.4531250000000001E-002   2.0312500000000001E-002  0.54293854258823582       0.72023360802119429       0.60485959913095078     
   4.5312500000000006E-002   2.0312500000000001E-002  0.53262904628122565       0.72345977498363889       0.60152579052978616     
   4.6093750000000003E-002   2.0312500000000001E-002  0.52227105730847967       0.72664631624932952       0.59816568582054130     
   4.6875000000000000E-002   2.0312500000000001E-002  0.51187143704744364       0.72979264076223394       0.59478164119526644     
   4.7656250000000004E-002   2.0312500000000001E-002  0.50143701610390889       0.73289808221726316       0.59137625030744179     
   4.8437500000000001E-002   2.0312500000000001E-002  0.49097559770745208       0.73596196594856356       0.58795238177865738     
   4.9218750000000006E-002   2.0312500000000001E-002  0.48049816498987818       0.73898395165836461       0.58451322766969971     
   5.0000000000000003E-002   2.0312500000000001E-002  0.47002073227230429       0.74196475706051190       0.58106237457335774     
   0.0000000000000000        2.1093750000000001E-002  0.85453935233648359       0.48912146507610427       0.71059219917629879     
   7.8125000000000004E-004   2.1093750000000001E-002  0.85606416358248227       0.49366555416810332       0.71055733296458179     
   1.5625000000000001E-003   2.1093750000000001E-002  0.85758897482848095       0.49818625406242462       0.71045128197753549     
   2.3437500000000003E-003   2.1093750000000001E-002  0.85887320343553231       0.50270999551752182       0.71027370503476883     
   3.1250000000000002E-003   2.1093750000000001E-002  0.85983223137877474       0.50723894817266146       0.71002431599433369     
   3.9062500000000000E-003   2.1093750000000001E-002  0.86046605334552639       0.51176859729940616       0.70970289187025626     
   4.6875000000000007E-003   2.1093750000000001E-002  0.86079133178160483       0.51629539852682083       0.70930927804299937     
   5.4687500000000005E-003   2.1093750000000001E-002  0.86081788380016744       0.52081762254628894       0.70884338726022345     
   6.2500000000000003E-003   2.1093750000000001E-002  0.86054869656969080       0.52533436273350542       0.70830519620328691     
   7.0312500000000002E-003   2.1093750000000001E-002  0.85998441001668946       0.52984482824655699       0.70769474223441298     
   7.8125000000000000E-003   2.1093750000000001E-002  0.85912578910854653       0.53434814396523145       0.70701212069090069     
   8.5937500000000007E-003   2.1093750000000001E-002  0.85797423474717893       0.53884337591245957       0.70625748232679042     
   9.3750000000000014E-003   2.1093750000000001E-002  0.85653159113040145       0.54332958441287160       0.70543103065395052     
   1.0156250000000000E-002   2.1093750000000001E-002  0.85479993777807506       0.54780584905667606       0.70453301918651756     
   1.0937500000000001E-002   2.1093750000000001E-002  0.85278150869669367       0.55227127231221651       0.70356374868590266     
   1.1718750000000000E-002   2.1093750000000001E-002  0.85047868604649479       0.55672497645802599       0.70252356449070696     
   1.2500000000000001E-002   2.1093750000000001E-002  0.84789401118159291       0.56116610080366125       0.70141285398077025     
   1.3281250000000001E-002   2.1093750000000001E-002  0.84503019098872523       0.56559380031564566       0.70023204420039764     
   1.4062500000000000E-002   2.1093750000000001E-002  0.84189009811772186       0.57000724494555344       0.69898159965297380     
   1.4843750000000001E-002   2.1093750000000001E-002  0.83847676861513543       0.57440561906071341       0.69766202027137914     
   1.5625000000000000E-002   2.1093750000000001E-002  0.83479339924550677       0.57878812078956698       0.69627383956253230     
   1.6406250000000001E-002   2.1093750000000001E-002  0.83084334511930225       0.58315396130596275       0.69481762291937543     
   1.7187500000000001E-002   2.1093750000000001E-002  0.82663011752998650       0.58750236411453671       0.69329396608992810     
   1.7968750000000002E-002   2.1093750000000001E-002  0.82215738181765063       0.59183256437632470       0.69170349379068219     
   1.8750000000000003E-002   2.1093750000000001E-002  0.81742895516951219       0.59614380829036040       0.69004685845044711     
   1.9531250000000000E-002   2.1093750000000001E-002  0.81244880433901479       0.60043535253584224       0.68832473907052938     
   2.0312500000000001E-002   2.1093750000000001E-002  0.80722104328888555       0.60470646377586545       0.68653784018762076     
   2.1093750000000001E-002   2.1093750000000001E-002  0.80174993076349110       0.60895641822244961       0.68468689092681490     
   2.1875000000000002E-002   2.1093750000000001E-002  0.79603986779147207       0.61318450126148938       0.68277264413362504     
   2.2656250000000003E-002   2.1093750000000001E-002  0.79009539511742410       0.61739000713501091       0.68079587557566590     
   2.3437500000000000E-002   2.1093750000000001E-002  0.78392119056130005       0.62157223867698264       0.67875738320669676     
   2.4218750000000001E-002   2.1093750000000001E-002  0.77752206630489884       0.62573050709802802       0.67665798648799147     
   2.5000000000000001E-002   2.1093750000000001E-002  0.77090296610551645       0.62986413181374845       0.67449852576447467     
   2.5781250000000002E-002   2.1093750000000001E-002  0.76406896243732403       0.63397244031090028       0.67227986169576548     
   2.6562500000000003E-002   2.1093750000000001E-002  0.75702525356139294       0.63805476804533023       0.67000287474522791     
   2.7343750000000000E-002   2.1093750000000001E-002  0.74977716052555410       0.64211045836529679       0.66766846473339059     
   2.8125000000000001E-002   2.1093750000000001E-002  0.74233012409548516       0.64613886245355867       0.66527755046573456     
   2.8906250000000001E-002   2.1093750000000001E-002  0.73468970161859759       0.65013933928137368       0.66283106944892944     
   2.9687500000000002E-002   2.1093750000000001E-002  0.72686156382242151       0.65411125556729999       0.66032997771422486     
   3.0468750000000003E-002   2.1093750000000001E-002  0.71885149154927797       0.65805398573343876       0.65777524977197177     
   3.1250000000000000E-002   2.1093750000000001E-002  0.71066537242907413       0.66196691185148449       0.65516787872727167     
   3.2031250000000004E-002   2.1093750000000001E-002  0.70230919749201826       0.66584942357070154       0.65250887659365664     
   3.2812500000000001E-002   2.1093750000000001E-002  0.69378905772294597       0.66970091801972143       0.64979927484961453     
   3.3593749999999999E-002   2.1093750000000001E-002  0.68511114055876277       0.67352079967391998       0.64704012529182386     
   3.4375000000000003E-002   2.1093750000000001E-002  0.67628172633040229       0.67730848018014611       0.64423250124929077     
   3.5156250000000000E-002   2.1093750000000001E-002  0.66730718465103578       0.68106337813088369       0.64137749923430565     
   3.5937500000000004E-002   2.1093750000000001E-002  0.65819397075324892       0.68478491878074732       0.63847624111938917     
   3.6718750000000001E-002   2.1093750000000001E-002  0.64894862177844836       0.68847253369972050       0.63552987694427332     
   3.7500000000000006E-002   2.1093750000000001E-002  0.63957775301747277       0.69212566035951395       0.63253958847352088     
   3.8281250000000003E-002   2.1093750000000001E-002  0.63008805408433233       0.69574374165055508       0.62950659364358819     
   3.9062500000000000E-002   2.1093750000000001E-002  0.62048628497291036       0.69932622532515187       0.62643215205780978     
   3.9843750000000004E-002   2.1093750000000001E-002  0.61077927193145309       0.70287256335715320       0.62331757170865343     
   4.0625000000000001E-002   2.1093750000000001E-002  0.60097390319913024       0.70638221121132427       0.62016421712863612     
   4.1406250000000006E-002   2.1093750000000001E-002  0.59107712504850229       0.70985462706189173       0.61697351919543619     
   4.2187500000000003E-002   2.1093750000000001E-002  0.58109593924191350       0.71328927114047103       0.61374698684555551     
   4.2968750000000000E-002   2.1093750000000001E-002  0.57103740305537476       0.71668560561129890       0.61048622098710048     
   4.3750000000000004E-002   2.1093750000000001E-002  0.56090862991348267       0.72004309536386080       0.60719293094176674     
   4.4531250000000001E-002   2.1093750000000001E-002  0.55071677904654526       0.72336120905095236       0.60386895376338268     
   4.5312500000000006E-002   2.1093750000000001E-002  0.54046900854155666       0.72663941654699105       0.60051627671700814     
   4.6093750000000003E-002   2.1093750000000001E-002  0.53017237034817077       0.72987717463579593       0.59713706299790670     
   4.6875000000000000E-002   2.1093750000000001E-002  0.51983370639714210       0.73307389483496466       0.59373368050274655     
   4.7656250000000004E-002   2.1093750000000001E-002  0.50945982896950026       0.73622891483482811       0.59030873364330716     
   4.8437500000000001E-002   2.1093750000000001E-002  0.49905855913245417       0.73934156870507828       0.58686509998850778     
   4.9218750000000006E-002   2.1093750000000001E-002  0.48864100146533884       0.74241154194413839       0.58340597821836648     
   5.0000000000000003E-002   2.1093750000000001E-002  0.47822344379822351       0.74543961898826616       0.57993496016732360     
   0.0000000000000000        2.1875000000000002E-002  0.85833838918339733       0.48830881303660417       0.71013591148600008     
   7.8125000000000004E-004   2.1875000000000002E-002  0.85993671642287295       0.49292865986099410       0.71009877793508724     
   1.5625000000000001E-003   2.1875000000000002E-002  0.86153504366234857       0.49752511279716677       0.70999031448096095     
   2.3437500000000003E-003   2.1875000000000002E-002  0.86289274239694780       0.50212459377355356       0.70981018027324072     
   3.1250000000000002E-003   2.1875000000000002E-002  0.86392524282419159       0.50672926156212561       0.70955808626022854     
   3.9062500000000000E-003   2.1875000000000002E-002  0.86463256867096205       0.51133459641128798       0.70923380371957190     
   4.6875000000000007E-003   2.1875000000000002E-002  0.86503137199587832       0.51593705076052510       0.70883717008374958     
   5.4687500000000005E-003   2.1875000000000002E-002  0.86513144660918428       0.52053488980465334       0.70836808838108756     
   6.2500000000000003E-003   2.1875000000000002E-002  0.86493576052206167       0.52512719830586740       0.70782652413593494     
   7.0312500000000002E-003   2.1875000000000002E-002  0.86444494007616357       0.52971317443895249       0.70721250245005385     
   7.8125000000000000E-003   2.1875000000000002E-002  0.86365973869803236       0.53429193041562428       0.70652610565233165     
   8.5937500000000007E-003   2.1875000000000002E-002  0.86258154556468314       0.53886251818940434       0.70576747109074567     
   9.3750000000000014E-003   2.1875000000000002E-002  0.86121219259352366       0.54342398270784176       0.70493678879191468     
   1.0156250000000000E-002   2.1875000000000002E-002  0.85955374680400543       0.54797538696739434       0.70403429897948167     
   1.0937500000000001E-002   2.1875000000000002E-002  0.85760842979173868       0.55251581576337649       0.70306028954573918     
   1.1718750000000000E-002   2.1875000000000002E-002  0.85537861153438444       0.55704437278747776       0.70201509356204350     
   1.2500000000000001E-002   2.1875000000000002E-002  0.85286682147534887       0.56156017801791125       0.70089908687975278     
   1.3281250000000001E-002   2.1875000000000002E-002  0.85007575488106923       0.56606236650586117       0.69971268585003210     
   1.4062500000000000E-002   2.1875000000000002E-002  0.84700827308813520       0.57055008785077854       0.69845634517884925     
   1.4843750000000001E-002   2.1875000000000002E-002  0.84366740115135996       0.57502250576337854       0.69713055592633921     
   1.5625000000000000E-002   2.1875000000000002E-002  0.84005632517391726       0.57947879752742082       0.69573584365394503     
   1.6406250000000001E-002   2.1875000000000002E-002  0.83617838993800264       0.58391815338404451       0.69427276671770422     
   1.7187500000000001E-002   2.1875000000000002E-002  0.83203709673978388       0.58833977590090625       0.69274191470206470     
   1.7968750000000002E-002   2.1875000000000002E-002  0.82763610124762221       0.59274287936596681       0.69114390698581218     
   1.8750000000000003E-002   2.1875000000000002E-002  0.82297921129510976       0.59712668922283030       0.68947939142999470     
   1.9531250000000000E-002   2.1875000000000002E-002  0.81807038459152848       0.60149044155364373       0.68774904317694863     
   2.0312500000000001E-002   2.1875000000000002E-002  0.81291372635574632       0.60583338261210162       0.68595356354948323     
   2.1093750000000001E-002   2.1875000000000002E-002  0.80751348687940705       0.61015476840787886       0.68409367903982687     
   2.1875000000000002E-002   2.1875000000000002E-002  0.80187405902076225       0.61445386434266225       0.68217014037894541     
   2.2656250000000003E-002   2.1875000000000002E-002  0.79599997562817282       0.61872994489663802       0.68018372167825547     
   2.3437500000000000E-002   2.1875000000000002E-002  0.78989590689210565       0.62298229336303945       0.67813521963747292     
   2.4218750000000001E-002   2.1875000000000002E-002  0.78356665762505961       0.62721020162734609       0.67602545281435766     
   2.5000000000000001E-002   2.1875000000000002E-002  0.77701716446947189       0.63141296998696350       0.67385526095439607     
   2.5781250000000002E-002   2.1875000000000002E-002  0.77025249303411070       0.63558990700664020       0.67162550438102886     
   2.6562500000000003E-002   2.1875000000000002E-002  0.76327783495974444       0.63974032940445158       0.66933706344989286     
   2.7343750000000000E-002   2.1875000000000002E-002  0.75609850491510322       0.64386356196282835       0.66699083807375636     
   2.8125000000000001E-002   2.1875000000000002E-002  0.74871993752431765       0.64795893745882516       0.66458774732843218     
   2.8906250000000001E-002   2.1875000000000002E-002  0.74114768422715727       0.65202579660756210       0.66212872915402976     
   2.9687500000000002E-002   2.1875000000000002E-002  0.73338741007348240       0.65606348801254677       0.65961474017053168     
   3.0468750000000003E-002   2.1875000000000002E-002  0.72544489045337779       0.66007136811636014       0.65704675563195347     
   3.1250000000000000E-002   2.1875000000000002E-002  0.71732600776443967       0.66404880114500753       0.65442576954935949     
   3.2031250000000004E-002   2.1875000000000002E-002  0.70903674801762551       0.66799515903907758       0.65175279501987882     
   3.2812500000000001E-002   2.1875000000000002E-002  0.70058319738292141       0.67190982136476740       0.64902886480670996     
   3.3593749999999999E-002   2.1875000000000002E-002  0.69197153867586203       0.67579217519784684       0.64625503222403036     
   3.4375000000000003E-002   2.1875000000000002E-002  0.68320804778582600       0.67964161497382469       0.64343237239086071     
   3.5156250000000000E-002   2.1875000000000002E-002  0.67429909004737654       0.68345754229807698       0.64056198392938146     
   3.5937500000000004E-002   2.1875000000000002E-002  0.66525111655694091       0.68723936571071531       0.63764499119606000     
   3.6718750000000001E-002   2.1875000000000002E-002  0.65607066043763762       0.69098650040266840       0.63468254714831107     
   3.7500000000000006E-002   2.1875000000000002E-002  0.64676433305047432       0.69469836788154249       0.63167583696531571     
   3.8281250000000003E-002   2.1875000000000002E-002  0.63733882013230025       0.69837439558693515       0.62862608255901886     
   3.9062500000000000E-002   2.1875000000000002E-002  0.62780087780800320       0.70201401645263939       0.62553454813002585     
   3.9843750000000004E-002   2.1875000000000002E-002  0.61815732841071880       0.70561666840757553       0.62240254694285013     
   4.0625000000000001E-002   2.1875000000000002E-002  0.60841505616109215       0.70918179381035262       0.61923144951573095     
   4.1406250000000006E-002   2.1875000000000002E-002  0.59858100317382246       0.71270883886076764       0.61602269344309823     
   4.2187500000000003E-002   2.1875000000000002E-002  0.58866216694128870       0.71619725317754623       0.61277779509653296     
   4.2968750000000000E-002   2.1875000000000002E-002  0.57866560046185589       0.71964648995441782       0.60949836348586572     
   4.3750000000000004E-002   2.1875000000000002E-002  0.56859841291006408       0.72305600708906770       0.60618611660167265     
   4.4531250000000001E-002   2.1875000000000002E-002  0.55846775876105503       0.72642526856405421       0.60284290057665402     
   4.5312500000000006E-002   2.1875000000000002E-002  0.54828078891102694       0.72975374208793142       0.59947071193302737     
   4.6093750000000003E-002   2.1875000000000002E-002  0.53804454211555086       0.73304088452576710       0.59607172295905797     
   4.6875000000000000E-002   2.1875000000000002E-002  0.52776583891760465       0.73628610893437907       0.59264830996236784     
   4.7656250000000004E-002   2.1875000000000002E-002  0.51745147136949443       0.73948875566884908       0.58920308432790791     
   4.8437500000000001E-002   2.1875000000000002E-002  0.50710927961483665       0.74264816613188367       0.58573892824490037     
   4.9218750000000006E-002   2.1875000000000002E-002  0.49675050049902009       0.74576405120050315       0.58225904208420365     
   5.0000000000000003E-002   2.1875000000000002E-002  0.48639172138320352       0.74883726478325718       0.57876701731794944     
   0.0000000000000000        2.2656250000000003E-002  0.86212931332791209       0.48746780238251497       0.70966332787198649     
   7.8125000000000004E-004   2.2656250000000003E-002  0.86380107126519101       0.49216344725758909       0.70962397748330719     
   1.5625000000000001E-003   2.2656250000000003E-002  0.86547282920246993       0.49683568303842973       0.70951312283636803     
   2.3437500000000003E-003   2.2656250000000003E-002  0.86690390702658271       0.50151092172598077       0.70933042468484431     
   3.1250000000000002E-003   2.2656250000000003E-002  0.86800978406380824       0.50619130979991056       0.70907559246492025     
   3.9062500000000000E-003   2.2656250000000003E-002  0.86879051481856351       0.51087232138004990       0.70874839324347427     
   4.6875000000000007E-003   2.2656250000000003E-002  0.86926274129990055       0.51555040491929927       0.70834865812530290     
   5.4687500000000005E-003   2.2656250000000003E-002  0.86943623358870670       0.52022381946115259       0.70787628208916342     
   6.2500000000000003E-003   2.2656250000000003E-002  0.86931394014459307       0.52489164057295867       0.70733122117708880     
   7.0312500000000002E-003   2.2656250000000003E-002  0.86889647355214972       0.52955305494322946       0.70671348986935856     
   7.8125000000000000E-003   2.2656250000000003E-002  0.86818457562205387       0.53420716170109284       0.70602315905367707     
   8.5937500000000007E-003   2.2656250000000003E-002  0.86717962370013557       0.53885299839462686       0.70526035413696708     
   9.3750000000000014E-003   2.2656250000000003E-002  0.86588343723814887       0.54348959431243815       0.70442525299959347     
   1.0156250000000000E-002   2.2656250000000003E-002  0.86429807049246821       0.54811599560169599       0.70351808377122016     
   1.0937500000000001E-002   2.2656250000000003E-002  0.86242573232004460       0.55273126912984849       0.70253912251988415     
   1.1718750000000000E-002   2.2656250000000003E-002  0.86026878013130703       0.55733449972571103       0.70148869094044619     
   1.2500000000000001E-002   2.2656250000000003E-002  0.85782973102173776       0.56192478772074606       0.70036715409570871     
   1.3281250000000001E-002   2.2656250000000003E-002  0.85511126815138971       0.56650124788144185       0.69917491824071154     
   1.4062500000000000E-002   2.2656250000000003E-002  0.85211624101337913       0.57106300902085960       0.69791242874946757     
   1.4843750000000001E-002   2.2656250000000003E-002  0.84884766310212545       0.57560921368651463       0.69658016815696244     
   1.5625000000000000E-002   2.2656250000000003E-002  0.84530870925848678       0.58013901773448673       0.69517865432390102     
   1.6406250000000001E-002   2.2656250000000003E-002  0.84150271330916948       0.58465158981262744       0.69370843872677679     
   1.7187500000000001E-002   2.2656250000000003E-002  0.83743316590517125       0.58914611081472779       0.69217010487173003     
   1.7968750000000002E-002   2.2656250000000003E-002  0.83310371237968561       0.59362177334568966       0.69056426682757699     
   1.8750000000000003E-002   2.2656250000000003E-002  0.82851815053816846       0.59807778121526756       0.68889156787131434     
   1.9531250000000000E-002   2.2656250000000003E-002  0.82368042836403665       0.60251334896736919       0.68715267923820578     
   2.0312500000000001E-002   2.2656250000000003E-002  0.81859464164667950       0.60692770144863495       0.68534829896807381     
   2.1093750000000001E-002   2.2656250000000003E-002  0.81326503153816154       0.61132007341888472       0.68347915083954802     
   2.1875000000000002E-002   2.2656250000000003E-002  0.80769598204038928       0.61568970920490407       0.68154598338465378     
   2.2656250000000003E-002   2.2656250000000003E-002  0.80189201742207072       0.62003586239770159       0.67954956897718422     
   2.3437500000000000E-002   2.2656250000000003E-002  0.79585779956449942       0.62435779559206850       0.67749070298973590     
   2.4218750000000001E-002   2.2656250000000003E-002  0.78959812523571760       0.62865478016618526       0.67537020301606077     
   2.5000000000000001E-002   2.2656250000000003E-002  0.78311792329314878       0.63292609609818284       0.67318890815747789     
   2.5781250000000002E-002   2.2656250000000003E-002  0.77642225181518398       0.63717103181591705       0.67094767837450220     
   2.6562500000000003E-002   2.2656250000000003E-002  0.76951629516242692       0.64138888407572514       0.66864739390760286     
   2.7343750000000000E-002   2.2656250000000003E-002  0.76240536096948763       0.64557895786553254       0.66628895477412953     
   2.8125000000000001E-002   2.2656250000000003E-002  0.75509487706832334       0.64974056632736665       0.66387328035200399     
   2.8906250000000001E-002   2.2656250000000003E-002  0.74759038834422831       0.65387303069406844       0.66140130906480721     
   2.9687500000000002E-002   2.2656250000000003E-002  0.73989755352561637       0.65797568023477992       0.65887399818749703     
   3.0468750000000003E-002   2.2656250000000003E-002  0.73202214190875736       0.66204785220361140       0.65629232379723124     
   3.1250000000000000E-002   2.2656250000000003E-002  0.72397003001859295       0.66608889178577357       0.65365728089974839     
   3.2031250000000004E-002   2.2656250000000003E-002  0.71574719820664701       0.67009815203539358       0.65096988376856957     
   3.2812500000000001E-002   2.2656250000000003E-002  0.70735972718685836       0.67407499379926517       0.64823116654203450     
   3.3593749999999999E-002   2.2656250000000003E-002  0.69881379450990688       0.67801878562092299       0.64544218413196619     
   3.4375000000000003E-002   2.2656250000000003E-002  0.69011567097648996       0.68192890361976644       0.64260401350769014     
   3.5156250000000000E-002   2.2656250000000003E-002  0.68127171699036548       0.68580473134060693       0.63971775543028686     
   3.5937500000000004E-002   2.2656250000000003E-002  0.67228837885306736       0.68964565957018042       0.63678453672444391     
   3.6718750000000001E-002   2.2656250000000003E-002  0.66317218500269404       0.69345108611900252       0.63380551318913991     
   3.7500000000000006E-002   2.2656250000000003E-002  0.65392974219426991       0.69722041556910264       0.63078187326368340     
   3.8281250000000003E-002   2.2656250000000003E-002  0.64456773160054925       0.70095305898920413       0.62771484258227728     
   3.9062500000000000E-002   2.2656250000000003E-002  0.63509290477835767       0.70464843361635110       0.62460568956808427     
   3.9843750000000004E-002   2.2656250000000003E-002  0.62551207943323395       0.70830596249695987       0.62145573223646122     
   4.0625000000000001E-002   2.2656250000000003E-002  0.61583213504070478       0.71192507408354089       0.61826634639662281     
   4.1406250000000006E-002   2.2656250000000003E-002  0.60606000881862543       0.71550520183411825       0.61503897546266317     
   4.2187500000000003E-002   2.2656250000000003E-002  0.59620269324547681       0.71904578401313668       0.61177514211167183     
   4.2968750000000000E-002   2.2656250000000003E-002  0.58626723630833422       0.72254626412115275       0.60847646206205519     
   4.3750000000000004E-002   2.2656250000000003E-002  0.57626074222238188       0.72600609235310454       0.60514466028482361     
   4.4531250000000001E-002   2.2656250000000003E-002  0.56619035999846135       0.72942472731255759       0.60178158997552667     
   4.5312500000000006E-002   2.2656250000000003E-002  0.55606323249968281       0.73280163381169394       0.59838925453669545     
   4.6093750000000003E-002   2.2656250000000003E-002  0.54588638402819312       0.73613626798348009       0.59496983257657543     
   4.6875000000000000E-002   2.2656250000000003E-002  0.53566661183834907       0.73942804341777046       0.59152570560504747     
   4.7656250000000004E-002   2.2656250000000003E-002  0.52541068589166640       0.74267630185053912       0.58805948828958665     
   4.8437500000000001E-002   2.2656250000000003E-002  0.51512646677722063       0.74588039068325696       0.58457406321191152     
   4.9218750000000006E-002   2.2656250000000003E-002  0.50482533480952285       0.74904004586159911       0.58107262760591127     
   5.0000000000000003E-002   2.2656250000000003E-002  0.49452420284182508       0.75215619367793085       0.57755876709285259     
   0.0000000000000000        2.3437500000000000E-002  0.86591161212761392       0.48659855976694777       0.70917447996530270     
   7.8125000000000004E-004   2.3437500000000000E-002  0.86765671570738767       0.49137004582241250       0.70913297263281783     
   1.5625000000000001E-003   2.3437500000000000E-002  0.86940181928716143       0.49611809720406164       0.70901975743870704     
   2.3437500000000003E-003   2.3437500000000000E-002  0.87090618588167767       0.50086911482007590       0.70883449793273001     
   3.1250000000000002E-003   2.3437500000000000E-002  0.87208534492463952       0.50562523140680871       0.70857690334029400     
   3.9062500000000000E-003   2.3437500000000000E-002  0.87293938333699861       0.51038191382483766       0.70824673793472825     
   4.6875000000000007E-003   2.3437500000000000E-002  0.87348493327535659       0.51513560570000316       0.70784382799891277     
   5.4687500000000005E-003   2.3437500000000000E-002  0.87373174053849356       0.51988455920500853       0.70736806201819957     
   6.2500000000000003E-003   2.3437500000000000E-002  0.87368273353159032       0.52462784004845153       0.70681938812111555     
   7.0312500000000002E-003   2.3437500000000000E-002  0.87333851081045144       0.52936462283331931       0.70619781171312757     
   7.8125000000000000E-003   2.3437500000000000E-002  0.87269980240104850       0.53409399308546035       0.70550339373382398     
   8.5937500000000007E-003   2.3437500000000000E-002  0.87176797362507963       0.53881497349928675       0.70473624906113996     
   9.3750000000000014E-003   2.3437500000000000E-002  0.87054483120610671       0.54352657730846154       0.70389654473796437     
   1.0156250000000000E-002   2.3437500000000000E-002  0.86903241630792594       0.54822783344317927       0.70298449798902640     
   1.0937500000000001E-002   2.3437500000000000E-002  0.86723292466462187       0.55291779048150569       0.70200037411700988     
   1.1718750000000000E-002   2.3437500000000000E-002  0.86514870068798355       0.55759551401490393       0.70094448436436607     
   1.2500000000000001E-002   2.3437500000000000E-002  0.86278224865021746       0.56226008432442443       0.69981718379503099     
   1.3281250000000001E-002   2.3437500000000000E-002  0.86013623908818493       0.56691059544560607       0.69861886922790206     
   1.4062500000000000E-002   2.3437500000000000E-002  0.85721350909670868       0.57154615490575889       0.69734997724336434     
   1.4843750000000001E-002   2.3437500000000000E-002  0.85401706002143640       0.57616588352916209       0.69601098227842484     
   1.5625000000000000E-002   2.3437500000000000E-002  0.85055005482390045       0.58076891511878004       0.69460239482116626     
   1.6406250000000001E-002   2.3437500000000000E-002  0.84681581573460130       0.58535439603620487       0.69312475971055187     
   1.7187500000000001E-002   2.3437500000000000E-002  0.84281782209961620       0.58992148474095130       0.69157865454350287     
   1.7968750000000002E-002   2.3437500000000000E-002  0.83855970824246751       0.59446935132894319       0.68996468818792944     
   1.8750000000000003E-002   2.3437500000000000E-002  0.83404526125506284       0.59899717708802691       0.68828349939807254     
   1.9531250000000000E-002   2.3437500000000000E-002  0.82927841870200492       0.60350415407810909       0.68653575552699575     
   2.0312500000000001E-002   2.3437500000000000E-002  0.82426326624560431       0.60798948474047543       0.68472215133025649     
   2.1093750000000001E-002   2.3437500000000000E-002  0.81900403519851528       0.61245238153985937       0.68284340785457165     
   2.1875000000000002E-002   2.3437500000000000E-002  0.81350510000619813       0.61689206664179286       0.68090027140559661     
   2.2656250000000003E-002   2.3437500000000000E-002  0.80777097565888756       0.62130777162645745       0.67889351258970765     
   2.3437500000000000E-002   2.3437500000000000E-002  0.80180631503234234       0.62569873723895142       0.67682392542584169     
   2.4218750000000001E-002   2.3437500000000000E-002  0.79561590615708810       0.63006421317477379       0.67469232652499844     
   2.5000000000000001E-002   2.3437500000000000E-002  0.78920466941633793       0.63440345789844554       0.67249955433691033     
   2.5781250000000002E-002   2.3437500000000000E-002  0.78257765467308638       0.63871573849250374       0.67024646846564429     
   2.6562500000000003E-002   2.3437500000000000E-002  0.77574003832704708       0.64300033053356642       0.66793394905853476     
   2.7343750000000000E-002   2.3437500000000000E-002  0.76869712030221615       0.64725651799175066       0.66556289627587928     
   2.8125000000000001E-002   2.3437500000000000E-002  0.76145432096592058       0.65148359314938831       0.66313422985230852     
   2.8906250000000001E-002   2.3437500000000000E-002  0.75401717798024281       0.65568085653473407       0.66064888876472450     
   2.9687500000000002E-002   2.3437500000000000E-002  0.74639134308672750       0.65984761686616278       0.65810783102624593     
   3.0468750000000003E-002   2.3437500000000000E-002  0.73858257882523493       0.66398319100223169       0.65551203363079102     
   3.1250000000000000E-002   2.3437500000000000E-002  0.73059675518772660       0.66808690389291947       0.65286249267884255     
   3.2031250000000004E-002   2.3437500000000000E-002  0.72243984620762092       0.67215808852738257       0.65016022372166526     
   3.2812500000000001E-002   2.3437500000000000E-002  0.71411792648511718       0.67619608587368640       0.64740626236888010     
   3.3593749999999999E-002   2.3437500000000000E-002  0.70563716764860629       0.68020024480623142       0.64460166521292750     
   3.4375000000000003E-002   2.3437500000000000E-002  0.69700383475215255       0.68416992201703697       0.64174751113365769     
   3.5156250000000000E-002   2.3437500000000000E-002  0.68822428260943158       0.68810448190782025       0.63884490305716424     
   3.5937500000000004E-002   2.3437500000000000E-002  0.67930495206565078       0.69200329646109082       0.63589497025508301     
   3.6718750000000001E-002   2.3437500000000000E-002  0.67025236620946871       0.69586574509041610       0.63289887128398525     
   3.7500000000000006E-002   2.3437500000000000E-002  0.66107312652171002       0.69969121447220128       0.62985779767920702     
   3.8281250000000003E-002   2.3437500000000000E-002  0.65177390893819065       0.70347909836223266       0.62677297853340996     
   3.9062500000000000E-002   2.3437500000000000E-002  0.64236145976928805       0.70722879739729394       0.62364568610715021     
   3.9843750000000004E-002   2.3437500000000000E-002  0.63284259140799315       0.71093971887568563       0.62047724263645265     
   4.0625000000000001E-002   2.3437500000000000E-002  0.62322417789257600       0.71461127651397338       0.61726902852088661     
   4.1406250000000006E-002   2.3437500000000000E-002  0.61351315084624836       0.71824289023066656       0.61402249209617410     
   4.2187500000000003E-002   2.3437500000000000E-002  0.60371649703706998       0.72183398616553562       0.61073916122123273     
   4.2968750000000000E-002   2.3437500000000000E-002  0.59384125875990612       0.72538399737812820       0.60742065694448832     
   4.3750000000000004E-002   2.3437500000000000E-002  0.58389453461776120       0.72889236563123561       0.60406870955384606     
   4.4531250000000001E-002   2.3437500000000000E-002  0.57388346750562258       0.73235854343208540       0.60068517732807203     
   4.5312500000000006E-002   2.3437500000000000E-002  0.56381519146591996       0.73578199197025984       0.59727206822157575     
   4.6093750000000003E-002   2.3437500000000000E-002  0.55369671513543850       0.73916216585280337       0.59383156444975593     
   4.6875000000000000E-002   2.3437500000000000E-002  0.54353481061802889       0.74249847823269610       0.59036604958701200     
   4.7656250000000004E-002   2.3437500000000000E-002  0.53333622395761582       0.74579027099730677       0.58687813797279020     
   4.8437500000000001E-002   2.3437500000000000E-002  0.52310883758366689       0.74903689628780767       0.58337070844104000     
   4.9218750000000006E-002   2.3437500000000000E-002  0.51286418648214838       0.75223811490812487       0.57984695035346134     
   5.0000000000000003E-002   2.3437500000000000E-002  0.50261953538062987       0.75539492858951418       0.57631043807881865     
   0.0000000000000000        2.4218750000000001E-002  0.86968476952247564       0.48570121609464312       0.70866940048559734     
   7.8125000000000004E-004   2.4218750000000001E-002  0.87150313407633873       0.49054858901040388       0.70862580518465834     
   1.5625000000000001E-003   2.4218750000000001E-002  0.87332149863020181       0.49537249143052992       0.70851026912319692     
   2.3437500000000003E-003   2.4218750000000001E-002  0.87489906442860521       0.50019931193288392       0.70832245976438635     
   3.1250000000000002E-003   2.4218750000000001E-002  0.87615141213011194       0.50503116802931625       0.70806208733793952     
   3.9062500000000000E-003   2.4218750000000001E-002  0.87707866263429890       0.50986351816556730       0.70772891464579901     
   4.6875000000000007E-003   2.4218750000000001E-002  0.87769743831407843       0.51469280025987529       0.70732276455543597     
   5.4687500000000005E-003   2.4218750000000001E-002  0.87801746001811976       0.51951725883647282       0.70684352051687060     
   6.2500000000000003E-003   2.4218750000000001E-002  0.87804163549526637       0.52433594900781777       0.70629112422227291     
   7.0312500000000002E-003   2.4218750000000001E-002  0.87777054890906014       0.52914803260662313       0.70566557346839853     
   7.8125000000000000E-003   2.4218750000000001E-002  0.87720491824403435       0.53395258094010911       0.70496692067407152     
   8.5937500000000007E-003   2.4218750000000001E-002  0.87634609652216322       0.53874860129993285       0.70419527155210282     
   9.3750000000000014E-003   2.4218750000000001E-002  0.87519587740110971       0.54353509036496839       0.70335078358745629     
   1.0156250000000000E-002   2.4218750000000001E-002  0.87375628855615972       0.54831105937721769       0.70243366427902665     
   1.0937500000000001E-002   2.4218750000000001E-002  0.87202951215683111       0.55307553816366262       0.70144416923166009     
   1.1718750000000000E-002   2.4218750000000001E-002  0.87001787913589657       0.55782757260964444       0.70038260018509269     
   1.2500000000000001E-002   2.4218750000000001E-002  0.86772388042576842       0.56256622245568455       0.69924930303452615     
   1.3281250000000001E-002   2.4218750000000001E-002  0.86515017338904077       0.56729056048281457       0.69804466587544445     
   1.4062500000000000E-002   2.4218750000000001E-002  0.86229958213905078       0.57199967236579774       0.69676911709529166     
   1.4843750000000001E-002   2.4218750000000001E-002  0.85917509526077696       0.57669265658826607       0.69542312352957802     
   1.5625000000000000E-002   2.4218750000000001E-002  0.85577986319972599       0.58136862422707247       0.69400718869563949     
   1.6406250000000001E-002   2.4218750000000001E-002  0.85211719593265878       0.58602669862625234       0.69252185111288722     
   1.7187500000000001E-002   2.4218750000000001E-002  0.84819056082617061       0.59066601502072458       0.69096768271435360     
   1.7968750000000002E-002   2.4218750000000001E-002  0.84400358050605695       0.59528572014906789       0.68934528735104672     
   1.8750000000000003E-002   2.4218750000000001E-002  0.83956003065233942       0.59988497187315337       0.68765529938814052     
   1.9531250000000000E-002   2.4218750000000001E-002  0.83486383770504557       0.60446293881253144       0.68589838239030188     
   2.0312500000000001E-002   2.4218750000000001E-002  0.82991907648871144       0.60901879999867947       0.68407522789238662     
   2.1093750000000001E-002   2.4218750000000001E-002  0.82472996776306262       0.61355174455340300       0.68218655425125385     
   2.1875000000000002E-002   2.4218750000000001E-002  0.81930087570253274       0.61806097139476146       0.68023310557449013     
   2.2656250000000003E-002   2.4218750000000001E-002  0.81363630530466069       0.62254568897264650       0.67821565072234136     
   2.3437500000000000E-002   2.4218750000000001E-002  0.80774089972692042       0.62700511503486822       0.67613498238008996     
   2.4218750000000001E-002   2.4218750000000001E-002  0.80161943755189413       0.63143847642350193       0.67399191619944931     
   2.5000000000000001E-002   2.4218750000000001E-002  0.79527682998109472       0.63584500890035600       0.67178729000927240     
   2.5781250000000002E-002   2.4218750000000001E-002  0.78871811795798985       0.64022395699972690       0.66952196309797574     
   2.6562500000000003E-002   2.4218750000000001E-002  0.78194846922088934       0.64457457390605488       0.66719681557258581     
   2.7343750000000000E-002   2.4218750000000001E-002  0.77497317528641141       0.64889612135366848       0.66481274780224064     
   2.8125000000000001E-002   2.4218750000000001E-002  0.76779764836426889       0.65318786954547448       0.66237067995737420     
   2.8906250000000001E-002   2.4218750000000001E-002  0.76042741820409010       0.65744909708721300       0.65987155165971068     
   2.9687500000000002E-002   2.4218750000000001E-002  0.75286812887495558       0.66167909093373378       0.65731632176267263     
   3.0468750000000003E-002   2.4218750000000001E-002  0.74512553547823857       0.66587714634367323       0.65470596828692484     
   3.1250000000000000E-002   2.4218750000000001E-002  0.73720550079421177       0.67004256683891616       0.65204148854160193     
   3.2031250000000004E-002   2.4218750000000001E-002  0.72911399186268122       0.67417466416532768       0.64932389946840019     
   3.2812500000000001E-002   2.4218750000000001E-002  0.72085707649762987       0.67827275825145206       0.64655423825320923     
   3.3593749999999999E-002   2.4218750000000001E-002  0.71244091973552948       0.68233617716223061       0.64373356325842390     
   3.4375000000000003E-002   2.4218750000000001E-002  0.70387178021683405       0.68636425704533344       0.64086295533855964     
   3.5156250000000000E-002   2.4218750000000001E-002  0.69515600650061060       0.69035634206857255       0.63794351961239582     
   3.5937500000000004E-002   2.4218750000000001E-002  0.68630003331345157       0.69431178434823826       0.63497638777661702     
   3.6718750000000001E-002   2.4218750000000001E-002  0.67731037773430658       0.69822994387020554       0.63196272105889273     
   3.7500000000000006E-002   2.4218750000000001E-002  0.66819363531130471       0.70211018840784789       0.62890371392251299     
   3.8281250000000003E-002   2.4218750000000001E-002  0.65895647608626329       0.70595189344153408       0.62580059865000515     
   3.9062500000000000E-002   2.4218750000000001E-002  0.64960564046693359       0.70975444208114435       0.62265465094936923     
   3.9843750000000004E-002   2.4218750000000001E-002  0.64014793487763855       0.71351722498605896       0.61946719674338402     
   4.0625000000000001E-002   2.4218750000000001E-002  0.63059022726267977       0.71723964028083853       0.61623962031988644     
   4.1406250000000006E-002   2.4218750000000001E-002  0.62093944299455728       0.72092109352096168       0.61297337404036589     
   4.2187500000000003E-002   2.4218750000000001E-002  0.61120256248183902       0.72456099792772510       0.60966998982914522     
   4.2968750000000000E-002   2.4218750000000001E-002  0.60138662169845314       0.72815877535315154       0.60633109269985741     
   4.3750000000000004E-002   2.4218750000000001E-002  0.59149871303775181       0.73171385838724601       0.60295841661524430     
   4.4531250000000001E-002   2.4218750000000001E-002  0.58154597268327834       0.73522569272259619       0.59955382298784521     
   4.5312500000000006E-002   2.4218750000000001E-002  0.57153552512187900       0.73869373521190440       0.59611932203500428     
   4.6093750000000003E-002   2.4218750000000001E-002  0.56147436215765101       0.74211743816923370       0.59265709691541557     
   4.6875000000000000E-002   2.4218750000000001E-002  0.55136922891578533       0.74549621338320127       0.58916953018847928     
   4.7656250000000004E-002   2.4218750000000001E-002  0.54122684572799584       0.74882940172133061       0.58565923232195871     
   4.8437500000000001E-002   2.4218750000000001E-002  0.53105511833582408       0.75211635888174699       0.58212907433642813     
   4.9218750000000006E-002   2.4218750000000001E-002  0.52086574780707162       0.75535687042191679       0.57858223306824785     
   5.0000000000000003E-002   2.4218750000000001E-002  0.51067637727831916       0.75855201671921202       0.57502226632695375     
   0.0000000000000000        2.5000000000000001E-002  0.87344826644794238       0.48477590650225733       0.70814812323893372     
   7.8125000000000004E-004   2.5000000000000001E-002  0.87533980771169972       0.48969921424496254       0.70810251771577748     
   1.5625000000000001E-003   2.5000000000000001E-002  0.87723134897545707       0.49459900554702030       0.70798470917356748     
   2.3437500000000003E-003   2.5000000000000001E-002  0.87888202522158310       0.49950165534724200       0.70779437003416568     
   3.1250000000000002E-003   2.5000000000000001E-002  0.88020746953078477       0.50440926442104139       0.70753121266811247     
   3.9062500000000000E-003   2.5000000000000001E-002  0.88120783826490290       0.50931728161819634       0.70719499964370303     
   4.6875000000000007E-003   2.5000000000000001E-002  0.88189974396344750       0.51422213823111451       0.70678555173265400     
   5.4687500000000005E-003   2.5000000000000001E-002  0.88229288175034548       0.51912207030482127       0.70630274872255994     
   6.2500000000000003E-003   2.5000000000000001E-002  0.88239013802414590       0.52401612155201960       0.70574652726693832     
   7.0312500000000002E-003   2.5000000000000001E-002  0.88219208210662625       0.52890344027356373       0.70511687894985309     
   7.8125000000000000E-003   2.5000000000000001E-002  0.88169941960072951       0.53378308285738663       0.70441384903900861     
   8.5937500000000007E-003   2.5000000000000001E-002  0.88091349087358717       0.53865404055175092       0.70363753540283824     
   9.3750000000000014E-003   2.5000000000000001E-002  0.87983607610585968       0.54351529288567735       0.70278808722072994     
   1.0156250000000000E-002   2.5000000000000001E-002  0.87846918902245696       0.54836583284562312       0.70186570343398180     
   1.0937500000000001E-002   2.5000000000000001E-002  0.87681499772854110       0.55320467095137960       0.70087063102219338     
   1.1718750000000000E-002   2.5000000000000001E-002  0.87487581914704338       0.55803083282304600       0.69980316319200486     
   1.2500000000000001E-002   2.5000000000000001E-002  0.87265413031076355       0.56284335708607969       0.69866363753316807     
   1.3281250000000001E-002   2.5000000000000001E-002  0.87015257482011643       0.56764129466634783       0.69745243417488501     
   1.4062500000000000E-002   2.5000000000000001E-002  0.86737396319259508       0.57242370875038839       0.69616997396583868     
   1.4843750000000001E-002   2.5000000000000001E-002  0.86432127061425001       0.57718967480355021       0.69481671669690159     
   1.5625000000000000E-002   2.5000000000000001E-002  0.86099763435542320       0.58193828045206086       0.69339315938167700     
   1.6406250000000001E-002   2.5000000000000001E-002  0.85740635146223865       0.58666862524801722       0.69189983460594695     
   1.7187500000000001E-002   2.5000000000000001E-002  0.85355087663017215       0.59137982037625769       0.69033730895321144     
   1.7968750000000002E-002   2.5000000000000001E-002  0.84943482008375149       0.59607098834171768       0.68870618151022100     
   1.8750000000000003E-002   2.5000000000000001E-002  0.84506194537827373       0.60074126265474648       0.68700708245384179     
   1.9531250000000000E-002   2.5000000000000001E-002  0.84043616710940638       0.60538978752233152       0.68524067171872383     
   2.0312500000000001E-002   2.5000000000000001E-002  0.83556154853925713       0.61001571755064199       0.68340763774399316     
   2.1093750000000001E-002   2.5000000000000001E-002  0.83044229914689527       0.61461821746368916       0.68150869629649913     
   2.1875000000000002E-002   2.5000000000000001E-002  0.82508277210644809       0.61919646184211508       0.67954458936797335     
   2.2656250000000003E-002   2.5000000000000001E-002  0.81948746169318631       0.62374963488497992       0.67751608414374898     
   2.3437500000000000E-002   2.5000000000000001E-002  0.81366100061745983       0.62827693019620989       0.67542397204142457     
   2.4218750000000001E-002   2.5000000000000001E-002  0.80760815728661450       0.63277755059629659       0.67326906781900431     
   2.5000000000000001E-002   2.5000000000000001E-002  0.80133383299535743       0.63725070795897720       0.67105220875360050     
   2.5781250000000002E-002   2.5000000000000001E-002  0.79484305904520136       0.64169562307193206       0.66877425389373979     
   2.6562500000000003E-002   2.5000000000000001E-002  0.78814099379367963       0.64611152552000206       0.66643608339068972     
   2.7343750000000000E-002   2.5000000000000001E-002  0.78123291963401320       0.65049765358900324       0.66403859791703512     
   2.8125000000000001E-002   2.5000000000000001E-002  0.77412423990587009       0.65485325418791340       0.66158271818402514     
   2.8906250000000001E-002   2.5000000000000001E-002  0.76682047573779877       0.65917758278698646       0.65906938457302056     
   2.9687500000000002E-002   2.5000000000000001E-002  0.75932726282179486       0.66346990336923606       0.65649955690076112     
   3.0468750000000003E-002   2.5000000000000001E-002  0.75165034812035014       0.66772948839269863       0.65387421434319670     
   3.1250000000000000E-002   2.5000000000000001E-002  0.74379558650612343       0.67195561876096244       0.65119435554835481     
   3.2031250000000004E-002   2.5000000000000001E-002  0.73576893733413562       0.67614758379962214       0.64846099897523246     
   3.2812500000000001E-002   2.5000000000000001E-002  0.72757646094605100       0.68030468123662036       0.64567518350305375     
   3.3593749999999999E-002   2.5000000000000001E-002  0.71922431510574769       0.68442621718487306       0.64283796936352544     
   3.4375000000000003E-002   2.5000000000000001E-002  0.71071875136521323       0.68851150612621548       0.63995043945798669     
   3.5156250000000000E-002   2.5000000000000001E-002  0.70206611136027131       0.69255987089664983       0.63701370113167521     
   3.5937500000000004E-002   2.5000000000000001E-002  0.69327282303689519       0.69657064267433588       0.63402888848874495     
   3.6718750000000001E-002   2.5000000000000001E-002  0.68434539680933970       0.70054316097381497       0.63099716534422734     
   3.7500000000000006E-002   2.5000000000000001E-002  0.67529042164539199       0.70447677365213068       0.62791972892280556     
   3.8281250000000003E-002   2.5000000000000001E-002  0.66611456105271027       0.70837083693305891       0.62479781442898485     
   3.9062500000000000E-002   2.5000000000000001E-002  0.65682454890354436       0.71222471545187294       0.62163270062873588     
   3.9843750000000004E-002   2.5000000000000001E-002  0.64742718502731189       0.71603778231556636       0.61842571659863965     
   4.0625000000000001E-002   2.5000000000000001E-002  0.63792933065403679       0.71980941917749608       0.61517824981501301     
   4.1406250000000006E-002   2.5000000000000001E-002  0.62833790429204417       0.72353901638451401       0.61189175577384536     
   4.2187500000000003E-002   2.5000000000000001E-002  0.61865987938950762       0.72722597342656170       0.60856776935635659     
   4.2968750000000000E-002   2.5000000000000001E-002  0.60890228502340460       0.73086970016785724       0.60520791818884279     
   4.3750000000000004E-002   2.5000000000000001E-002  0.59907220683564055       0.73446961927912813       0.60181393828442675     
   4.4531250000000001E-002   2.5000000000000001E-002  0.58917677375885602       0.73802516892474368       0.59838769226377941     
   4.5312500000000006E-002   2.5000000000000001E-002  0.57922310004224853       0.74153580092392302       0.59493119034896047     
   4.6093750000000003E-002   2.5000000000000001E-002  0.56921815953498300       0.74500096456297937       0.59144661401635212     
   4.6875000000000000E-002   2.5000000000000001E-002  0.55916866859060055       0.74842006938624539       0.58793634177718601     
   4.7656250000000004E-002   2.5000000000000001E-002  0.54908132006515153       0.75179245413325746       0.58440297673901476     
   4.8437500000000001E-002   2.5000000000000001E-002  0.53896404452833147       0.75511747695687703       0.58084937810829051     
   4.9218750000000006E-002   2.5000000000000001E-002  0.52882872062854047       0.75839494816788400       0.57727870561826955     
   5.0000000000000003E-002   2.5000000000000001E-002  0.51869339672874948       0.76162603014304153       0.57369449529605809     
   0.0000000000000000        2.5781250000000002E-002  0.87720158071343468       0.48382277033801158       0.70761068311552666     
   7.8125000000000004E-004   2.5781250000000002E-002  0.87916621499091741       0.48882206288682345       0.70756315357818911     
   1.5625000000000001E-003   2.5781250000000002E-002  0.88113084926840013       0.49379778304167959       0.70744312932605014     
   2.3437500000000003E-003   2.5781250000000002E-002  0.88285454811846387       0.49877629072011004       0.70725028871649309     
   3.1250000000000002E-003   2.5781250000000002E-002  0.88425299835940308       0.50375966841654662       0.70698434732419435     
   3.9062500000000000E-003   2.5781250000000002E-002  0.88532639323166529       0.50874335417890126       0.70664506864531684     
   4.6875000000000007E-003   2.5781250000000002E-002  0.88609133527896111       0.51372377172035766       0.70623227259876875     
   5.4687500000000005E-003   2.5781250000000002E-002  0.88655749302454878       0.51869914772726555       0.70574583660837220     
   6.2500000000000003E-003   2.5781250000000002E-002  0.88672773073537403       0.52366851364860156       0.70518569361787342     
   7.0312500000000002E-003   2.5781250000000002E-002  0.88660260235985977       0.52863100342190072       0.70455183033401647     
   7.8125000000000000E-003   2.5781250000000002E-002  0.88618280069889499       0.53358565773736621       0.70384428619289063     
   8.5937500000000007E-003   2.5781250000000002E-002  0.88546965303235026       0.53853145107522882       0.70306315250143459     
   9.3750000000000014E-003   2.5781250000000002E-002  0.88446492558068868       0.54346734513144779       0.70220857136133619     
   1.0156250000000000E-002   2.5781250000000002E-002  0.88317061759109217       0.54839231397961641       0.70128073431388904     
   1.0937500000000001E-002   2.5781250000000002E-002  0.88158888254617052       0.55330534818676336       0.70027988078901893     
   1.1718750000000000E-002   2.5781250000000002E-002  0.87972202277679590       0.55820545246177855       0.69920629644573273     
   1.2500000000000001E-002   2.5781250000000002E-002  0.87757250081159677       0.56309164365808906       0.69806031145911418     
   1.3281250000000001E-002   2.5781250000000002E-002  0.87514294586229513       0.56796295016913534       0.69684229878683801     
   1.4062500000000000E-002   2.5781250000000002E-002  0.87243615420305942       0.57281841198777994       0.69555267243902807     
   1.4843750000000001E-002   2.5781250000000002E-002  0.86945508695437135       0.57765708082113787       0.69419188577140134     
   1.5625000000000000E-002   2.5781250000000002E-002  0.86620286752785935       0.58247802006570648       0.69276042981828767     
   1.6406250000000001E-002   2.5781250000000002E-002  0.86268277934090909       0.58728030466036329       0.69125883167835378     
   1.7187500000000001E-002   2.5781250000000002E-002  0.85889826370752431       0.59206302087490092       0.68968765296214329     
   1.7968750000000002E-002   2.5781250000000002E-002  0.85485291773053662       0.59682526607179676       0.68804748830732188     
   1.8750000000000003E-002   2.5781250000000002E-002  0.85055049211204314       0.60156614845820422       0.68633896396493488     
   1.9531250000000000E-002   2.5781250000000002E-002  0.84599488886868468       0.60628478683595266       0.68456273645803323     
   2.0312500000000001E-002   2.5781250000000002E-002  0.84119015896094407       0.61098031035507927       0.68271949131265264     
   2.1093750000000001E-002   2.5781250000000002E-002  0.83614049984497518       0.61565185827600155       0.68080994186028942     
   2.1875000000000002E-002   2.5781250000000002E-002  0.83085025295054049       0.62029857974481495       0.67883482811066631     
   2.2656250000000003E-002   2.5781250000000002E-002  0.82532390108586173       0.62491963358517433       0.67679491569370331     
   2.3437500000000000E-002   2.5781250000000002E-002  0.81956606576956381       0.62951418810909754       0.67469099487016626     
   2.4218750000000001E-002   2.5781250000000002E-002  0.81358150449009359       0.63408142094802367       0.67252387961144600     
   2.5000000000000001E-002   2.5781250000000002E-002  0.80737510789325428       0.63862051890463412       0.67029440675032037     
   2.5781250000000002E-002   2.5781250000000002E-002  0.80095189689860646       0.64313067782529232       0.66800343520636263     
   2.6562500000000003E-002   2.5781250000000002E-002  0.79431701974547952       0.64761110249244414       0.66565184529190435     
   2.7343750000000000E-002   2.5781250000000002E-002  0.78747574896926575       0.65206100653593257       0.66324053810715577     
   2.8125000000000001E-002   2.5781250000000002E-002  0.78043347830858412       0.65647961236190278       0.66077043503626509     
   2.8906250000000001E-002   2.5781250000000002E-002  0.77319571954375654       0.66086615109780023       0.65824247735980768     
   2.9687500000000002E-002   2.5781250000000002E-002  0.76576809926689615       0.66521986255189502       0.65565762600348132     
   3.0468750000000003E-002   2.5781250000000002E-002  0.75815635558370609       0.66953999518580054       0.65301686144770088     
   3.1250000000000000E-002   2.5781250000000002E-002  0.75036633474684455       0.67382580609859488       0.65032118382840787     
   3.2031250000000004E-002   2.5781250000000002E-002  0.74240398772039717       0.67807656102140990       0.64757161326578916     
   3.2812500000000001E-002   2.5781250000000002E-002  0.73427536667460747       0.68229153432173828       0.64476919046481074     
   3.3593749999999999E-002   2.5781250000000002E-002  0.72598662140960579       0.68647000901722921       0.64191497763957861     
   3.4375000000000003E-002   2.5781250000000002E-002  0.71754399570668403       0.69061127679946366       0.63901005982259307     
   3.5156250000000000E-002   2.5781250000000002E-002  0.70895382360614501       0.69471463806922817       0.63605554663002073     
   3.5937500000000004E-002   2.5781250000000002E-002  0.70022252561206777       0.69877940198632438       0.63305257456521169     
   3.6718750000000001E-002   2.5781250000000002E-002  0.69135660482476291       0.70280488653904782       0.63000230995485818     
   3.7500000000000006E-002   2.5781250000000002E-002  0.68236264299537175       0.70679041864060665       0.62690595262541360     
   3.8281250000000003E-002   2.5781250000000002E-002  0.67324729647469883       0.71073533426008895       0.62376474044155217     
   3.9062500000000000E-002   2.5781250000000002E-002  0.66401729199060677       0.71463897859132530       0.62057995484327211     
   3.9843750000000004E-002   2.5781250000000002E-002  0.65467942218208464       0.71850070625492646       0.61735292753338689     
   4.0625000000000001E-002   2.5781250000000002E-002  0.64524054098199179       0.72231988153310456       0.61408504848262457     
   4.1406250000000006E-002   2.5781250000000002E-002  0.63570755946482982       0.72609587869910841       0.61077777543683742     
   4.2187500000000003E-002   2.5781250000000002E-002  0.62608744356704760       0.72982808268258947       0.60743264513382000     
   4.2968750000000000E-002   2.5781250000000002E-002  0.61638721494695103       0.73351589056926647       0.60405128647044559     
   4.3750000000000004E-002   2.5781250000000002E-002  0.60661395201062152       0.73715871436186831       0.60063543589925339     
   4.4531250000000001E-002   2.5781250000000002E-002  0.59677477595843353       0.74075598399151144       0.59718695534074295     
   4.5312500000000006E-002   2.5781250000000002E-002  0.58687679017500216       0.74430714556894717       0.59370785278555338     
   4.6093750000000003E-002   2.5781250000000002E-002  0.57692694947996759       0.74781164465424033       0.59020030543003554     
   4.6875000000000000E-002   2.5781250000000002E-002  0.56693193969947497       0.75126888771899514       0.58666668473912154     
   4.7656250000000004E-002   2.5781250000000002E-002  0.55689842448307181       0.75467821033322258       0.58310958301552951     
   4.8437500000000001E-002   2.5781250000000002E-002  0.54683436079998882       0.75803897208547333       0.57953184370559940     
   4.9218750000000006E-002   2.5781250000000002E-002  0.53675181650893944       0.76135100814691392       0.57593660492960264     
   5.0000000000000003E-002   2.5781250000000002E-002  0.52666927221789006       0.76461556639407013       0.57232737579423432     
   0.0000000000000000        2.6562500000000003E-002  0.88094418735103264       0.48284195114070616       0.70705711608740718     
   7.8125000000000004E-004   2.6562500000000003E-002  0.88298183161114685       0.48791728020799524       0.70700775689514084     
   1.5625000000000001E-003   2.6562500000000003E-002  0.88501947587126106       0.49296897103010950       0.70688558176921157     
   2.3437500000000003E-003   2.6562500000000003E-002  0.88681611051547615       0.49802336704844807       0.70669027591157496     
   3.1250000000000002E-003   2.6562500000000003E-002  0.88828747750263892       0.50308253089978905       0.70642155909523585     
   3.9062500000000000E-003   2.6562500000000003E-002  0.88943380829953711       0.50814188860017018       0.70607919683621556     
   4.6875000000000007E-003   2.6562500000000003E-002  0.89027169518274385       0.51319785529726958       0.70566300937537241     
   5.4687500000000005E-003   2.6562500000000003E-002  0.89081077910080253       0.51824864739425636       0.70517287300657905     
   6.2500000000000003E-003   2.6562500000000003E-002  0.89105390132302642       0.52329328315684775       0.70460871823327997     
   7.0312500000000002E-003   2.6562500000000003E-002  0.89100159981306504       0.52833088126348760       0.70397052816823547     
   7.8125000000000000E-003   2.6562500000000003E-002  0.89065455407080607       0.53336046585638708       0.70325833769246904     
   8.5937500000000007E-003   2.6562500000000003E-002  0.89001407778046837       0.53838099384508864       0.70247223280176174     
   9.3750000000000014E-003   2.6562500000000003E-002  0.88908192264784824       0.54339140832676380       0.70161234972671249     
   1.0156250000000000E-002   2.6562500000000003E-002  0.88786007284987256       0.54839066371980050       0.70067887375660332     
   1.0937500000000001E-002   2.6562500000000003E-002  0.88635066662984052       0.55337772990743617       0.69967203784922460     
   1.1718750000000000E-002   2.6562500000000003E-002  0.88455599109239857       0.55835158995744616       0.69859212111441249     
   1.2500000000000001E-002   2.6562500000000003E-002  0.88247849361184605       0.56331123821355045       0.69743944722650264     
   1.3281250000000001E-002   2.6562500000000003E-002  0.88012078834500040       0.56825567978342650       0.69621438279850167     
   1.4062500000000000E-002   2.6562500000000003E-002  0.87748565664086831       0.57318393069045304       0.69491733574189307     
   1.4843750000000001E-002   2.6562500000000003E-002  0.87457604485805207       0.57809501807965769       0.69354875363259882     
   1.5625000000000000E-002   2.6562500000000003E-002  0.87139506184023507       0.58298798028168863       0.69210912210070930     
   1.6406250000000001E-002   2.6562500000000003E-002  0.86794597665556983       0.58786186675094831       0.69059896325814851     
   1.7187500000000001E-002   2.6562500000000003E-002  0.86423221650645510       0.59271573793419918       0.68901883417491405     
   1.7968750000000002E-002   2.6562500000000003E-002  0.86025736463581504       0.59754866510631743       0.68736932541140139     
   1.8750000000000003E-002   2.6562500000000003E-002  0.85602515814772806       0.60235973018954370       0.68565105961176398     
   1.9531250000000000E-002   2.6562500000000003E-002  0.85153948572975013       0.60714802556370517       0.68386469016128104     
   2.0312500000000001E-002   2.6562500000000003E-002  0.84680438528669744       0.61191265387288007       0.68201089990925345     
   2.1093750000000001E-002   2.6562500000000003E-002  0.84182404149490986       0.61665272783377001       0.68009039995800358     
   2.1875000000000002E-002   2.6562500000000003E-002  0.83660278328102555       0.62136737005058862       0.67810392851807222     
   2.2656250000000003E-002   2.6562500000000003E-002  0.83114508122647091       0.62605571284038042       0.67605224982968937     
   2.3437500000000000E-002   2.6562500000000003E-002  0.82545554489817541       0.63071689807166909       0.67393615315100008     
   2.4218750000000001E-002   2.6562500000000003E-002  0.81953892010615814       0.63535007701840662       0.67175645181436627     
   2.5000000000000001E-002   2.6562500000000003E-002  0.81340008608882830       0.63995441023043431       0.66951398235331616     
   2.5781250000000002E-002   2.6562500000000003E-002  0.80704405262689238       0.64452906742106320       0.66720960370439319     
   2.6562500000000003E-002   2.6562500000000003E-002  0.80047595708668895       0.64907322737191597       0.66484419649026805     
   2.7343750000000000E-002   2.6562500000000003E-002  0.79370106139365237       0.65358607785482115       0.66241866239305225     
   2.8125000000000001E-002   2.6562500000000003E-002  0.78672474893645039       0.65806681557032709       0.65993392362981396     
   2.8906250000000001E-002   2.6562500000000003E-002  0.77955252140215270       0.66251464610227506       0.65739092254588982     
   2.9687500000000002E-002   2.6562500000000003E-002  0.77218999554257350       0.66692878388786436       0.65479062134576216     
   3.0468750000000003E-002   2.6562500000000003E-002  0.76464289987167744       0.67130845220274549       0.65213400198606741     
   3.1250000000000000E-002   2.6562500000000003E-002  0.75691707129362984       0.67565288316089611       0.64942206626080135     
   3.2031250000000004E-002   2.6562500000000003E-002  0.74901845166068604       0.67996131772937474       0.64665583611502375     
   3.2812500000000001E-002   2.6562500000000003E-002  0.74095308425967188       0.68423300575852108       0.64383635423042529     
   3.3593749999999999E-002   2.6562500000000003E-002  0.73272711022531800       0.68846720602878397       0.64096468493404168     
   3.4375000000000003E-002   2.6562500000000003E-002  0.72434676487848793       0.69266318631616108       0.63804191549024369     
   3.5156250000000000E-002   2.6562500000000003E-002  0.71581837398783144       0.69682022347933881       0.63506915784594309     
   3.5937500000000004E-002   2.6562500000000003E-002  0.70714834995473186       0.70093760357321211       0.63204755090976006     
   3.6718750000000001E-002   2.6562500000000003E-002  0.69834318792179984       0.70501462199559373       0.62897826345771635     
   3.7500000000000006E-002   2.6562500000000003E-002  0.68940946179840157       0.70905058367602403       0.62586249777082403     
   3.8281250000000003E-002   2.6562500000000003E-002  0.68035382017325940       0.71304480331570319       0.62270149412359455     
   3.9062500000000000E-002   2.6562500000000003E-002  0.67118298204519367       0.71699660568279822       0.61949653625669965     
   3.9843750000000004E-002   2.6562500000000003E-002  0.66190373229854849       0.72090532595870849       0.61624895798139068     
   4.0625000000000001E-002   2.6562500000000003E-002  0.65252291702457488       0.72477031013548621       0.61296015107782498     
   4.1406250000000006E-002   2.6562500000000003E-002  0.64304743933964337       0.72859091553008937       0.60963157466566964     
   4.2187500000000003E-002   2.6562500000000003E-002  0.63348425716878587       0.73236651166859223       0.60626476624735182     
   4.2968750000000000E-002   2.6562500000000003E-002  0.62384038428682120       0.73609648205886635       0.60286135465681179     
   4.3750000000000004E-002   2.6562500000000003E-002  0.61412289144020327       0.73978022728654880       0.59942307518438054     
   4.4531250000000001E-002   2.6562500000000003E-002  0.60433889167750043       0.74341716835500071       0.59595178715296981     
   4.5312500000000006E-002   2.6562500000000003E-002  0.59449547695135996       0.74700674501531672       0.59244949409918113     
   4.6093750000000003E-002   2.6562500000000003E-002  0.58459958203012630       0.75054839844155941       0.58891836635928851     
   4.6875000000000000E-002   2.6562500000000003E-002  0.57465786049951051       0.75404153125852091       0.58536076537774462     
   4.7656250000000004E-002   2.6562500000000003E-002  0.56467694510789945       0.75748547489504481       0.58177926924089296     
   4.8437500000000001E-002   2.6562500000000003E-002  0.55466482084615576       0.76087958944271805       0.57817670173471580     
   4.9218750000000006E-002   2.6562500000000003E-002  0.54463375652254231       0.76422373514903708       0.57455617491843569     
   5.0000000000000003E-002   2.6562500000000003E-002  0.53460269219892886       0.76751924903583046       0.57092116591874553     
   0.0000000000000000        2.7343750000000000E-002  0.88467555866411052       0.48183359661810449       0.70648745920601508     
   7.8125000000000004E-004   2.7343750000000000E-002  0.88678613072549151       0.48698501536054495       0.70643637255754854     
   1.5625000000000001E-003   2.7343750000000000E-002  0.88889670278687249       0.49211272021948443       0.70631211914121828     
   2.3437500000000003E-003   2.7343750000000000E-002  0.89076618760078330       0.49724303663195429       0.70611439184498970     
   3.1250000000000002E-003   2.7343750000000000E-002  0.89231038378516503       0.50237800576856162       0.70584291556830492     
   3.9062500000000000E-003   2.7343750000000000E-002  0.89352956231708669       0.50751304036131561       0.70549745887505333     
   4.6875000000000007E-003   2.7343750000000000E-002  0.89444030482613712       0.51264454597586617       0.70507784344201330     
   5.4687500000000005E-003   2.7343750000000000E-002  0.89505222361447201       0.51777072776599031       0.70458394561050119     
   6.2500000000000003E-003   2.7343750000000000E-002  0.89536813600370291       0.52289058984299064       0.70401569466229275     
   7.0312500000000002E-003   2.7343750000000000E-002  0.89538856328213745       0.52800323467051080       0.70337307135549132     
   7.8125000000000000E-003   2.7343750000000000E-002  0.89511417107184366       0.53310766892527084       0.70265610725654726     
   8.5937500000000007E-003   2.7343750000000000E-002  0.89454625887750316       0.53820283106998912       0.70186488427322180     
   9.3750000000000014E-003   2.7343750000000000E-002  0.89368656326481544       0.54328764475904689       0.70099953395391090     
   1.0156250000000000E-002   2.7343750000000000E-002  0.89253705268288430       0.54836104393198715       0.70006023647591131     
   1.0937500000000001E-002   2.7343750000000000E-002  0.89109984946033960       0.55342197697479600       0.69904721940416037     
   1.1718750000000000E-002   2.7343750000000000E-002  0.88937722478926828       0.55846940450248439       0.69796075630886845     
   1.2500000000000001E-002   2.7343750000000000E-002  0.88737161019350386       0.56350229753197201       0.69680116529731428     
   1.3281250000000001E-002   2.7343750000000000E-002  0.88508560406855175       0.56851963705614539       0.69556880749227523     
   1.4062500000000000E-002   2.7343750000000000E-002  0.88252197212147487       0.57352041428223621       0.69426408548085883     
   1.4843750000000001E-002   2.7343750000000000E-002  0.87968364522238673       0.57850363092414425       0.69288744175451944     
   1.5625000000000000E-002   2.7343750000000000E-002  0.87657371691148178       0.58346829935157085       0.69143935715854810     
   1.6406250000000001E-002   2.7343750000000000E-002  0.87319544116419712       0.58841344261070472       0.68992034936617741     
   1.7187500000000001E-002   2.7343750000000000E-002  0.86955223032089579       0.59333809437137053       0.68833097138911292     
   1.7968750000000002E-002   2.7343750000000000E-002  0.86564765300818081       0.59824129883621779       0.68667181013328982     
   1.8750000000000003E-002   2.7343750000000000E-002  0.86148543197064964       0.60312211062755439       0.68494348500615487     
   1.9531250000000000E-002   2.7343750000000000E-002  0.85706944180116151       0.60797959465887086       0.68314664657979673     
   2.0312500000000001E-002   2.7343750000000000E-002  0.85240370657995479       0.61281282599635045       0.68128197531276369     
   2.1093750000000001E-002   2.7343750000000000E-002  0.84749239743212978       0.61762088971565754       0.67935018033239614     
   2.1875000000000002E-002   2.7343750000000000E-002  0.84233983000798496       0.62240288075901273       0.67735199827891956     
   2.2656250000000003E-002   2.7343750000000000E-002  0.83695046188780320       0.62715790379681069       0.67528819221242131     
   2.3437500000000000E-002   2.7343750000000000E-002  0.83132888991193943       0.63188507309713304       0.67315955058411070     
   2.4218750000000001E-002   2.7343750000000000E-002  0.82547984743713576       0.63658351240567679       0.67096688627397838     
   2.5000000000000001E-002   2.7343750000000000E-002  0.81940820152012495       0.64125235483793253       0.66871103569809021     
   2.5781250000000002E-002   2.7343750000000000E-002  0.81311895002957713       0.64589074278490999       0.66639285799030179     
   2.6562500000000003E-002   2.7343750000000000E-002  0.80661721868732150       0.65049782783329835       0.66401323426516612     
   2.7343750000000000E-002   2.7343750000000000E-002  0.79990825803959209       0.65507277070065995       0.66157306697125751     
   2.8125000000000001E-002   2.7343750000000000E-002  0.79299744035884001       0.65961474118608221       0.65907327934707449     
   2.8906250000000001E-002   2.7343750000000000E-002  0.78589025647640776       0.66412291813665791       0.65651481499515763     
   2.9687500000000002E-002   2.7343750000000000E-002  0.77859231254608796       0.66859648943022065       0.65389863759410349     
   3.0468750000000003E-002   2.7343750000000000E-002  0.77110932673827126       0.67303465197494694       0.65122573077283430     
   3.1250000000000000E-002   2.7343750000000000E-002  0.76344712586401275       0.67743661172674186       0.64849709817683354     
   3.2031250000000004E-002   2.7343750000000000E-002  0.75561164192789565       0.68180158372575972       0.64571376376216028     
   3.2812500000000001E-002   2.7343750000000000E-002  0.74760890860803253       0.68612879215398426       0.64287677235994078     
   3.3593749999999999E-002   2.7343750000000000E-002  0.73944505766100377       0.69041747041650059       0.63998719056178599     
   3.4375000000000003E-002   2.7343750000000000E-002  0.73112631524924077       0.69466686124999033       0.63704610798521344     
   3.5156250000000000E-002   2.7343750000000000E-002  0.72265899818884594       0.69887621686317758       0.63405463898773284     
   3.5937500000000004E-002   2.7343750000000000E-002  0.71404951011719064       0.70304479911561124       0.63101392490878394     
   3.6718750000000001E-002   2.7343750000000000E-002  0.70530433757993305       0.70717187974335938       0.62792513693021645     
   3.7500000000000006E-002   2.7343750000000000E-002  0.69643004602983194       0.71125674064224653       0.62478947965843490     
   3.8281250000000003E-002   2.7343750000000000E-002  0.68743327570510782       0.71529867421914639       0.62160819554452662     
   3.9062500000000000E-002   2.7343750000000000E-002  0.67832073731483711       0.71929698381653484       0.61838257027234811     
   3.9843750000000004E-002   2.7343750000000000E-002  0.66909920745606377       0.72325098420619605       0.61511393925819924     
   4.0625000000000001E-002   2.7343750000000000E-002  0.65977552387337324       0.72716000215285992       0.61180369541938040     
   4.1406250000000006E-002   2.7343750000000000E-002  0.65035658124780138       0.73102337711740284       0.60845329838411533     
   4.2187500000000003E-002   2.7343750000000000E-002  0.64084932904758385       0.73484046236501677       0.60506428533631151     
   4.2968750000000000E-002   2.7343750000000000E-002  0.63126077275976455       0.73861062701785851       0.60163828372034733     
   4.3750000000000004E-002   2.7343750000000000E-002  0.62159797511251591       0.74233325949504658       0.59817702606805112     
   4.4531250000000001E-002   2.7343750000000000E-002  0.61186804065044620       0.74600777118831429       0.59468236721185141     
   4.5312500000000006E-002   2.7343750000000000E-002  0.60207804939304621       0.74963359486207781       0.59115630401667751     
   4.6093750000000003E-002   2.7343750000000000E-002  0.59223491509622039       0.75321016668431451       0.58760099738611282     
   4.6875000000000000E-002   2.7343750000000000E-002  0.58234525744343990       0.75673688471508349       0.58401879578273941     
   4.7656250000000004E-002   2.7343750000000000E-002  0.57241567662955295       0.76021307534318672       0.58041225968702237     
   4.8437500000000001E-002   2.7343750000000000E-002  0.56245418733073060       0.76363809832044316       0.57678418936018616     
   4.9218750000000006E-002   2.7343750000000000E-002  0.55247327110668076       0.76701183929672367       0.57313766640685126     
   5.0000000000000003E-002   2.7343750000000000E-002  0.54249235488263092       0.77033572822668162       0.56947613099413941     
   0.0000000000000000        2.8125000000000001E-002  0.88839516459656442       0.48079785862468866       0.70590175059971882     
   7.8125000000000004E-004   2.8125000000000001E-002  0.89057858324947858       0.48602542134862486       0.70584904622045663     
   1.5625000000000001E-003   2.8125000000000001E-002  0.89276200190239274       0.49122918487414918       0.70572279452485565     
   2.3437500000000003E-003   2.8125000000000001E-002  0.89470425261333775       0.49643545503450415       0.70552269686185420     
   3.1250000000000002E-003   2.8125000000000001E-002  0.89632119225930396       0.50164624989636919       0.70524848412152485     
   3.9062500000000000E-003   2.8125000000000001E-002  0.89761313254207475       0.50685696763561450       0.70489992888446362     
   4.6875000000000007E-003   2.8125000000000001E-002  0.89859664395430527       0.51206400319184386       0.70447685532331483     
   5.4687500000000005E-003   2.8125000000000001E-002  0.89928130898083403       0.51726554946456693       0.70397914095562930     
   6.2500000000000003E-003   2.8125000000000001E-002  0.89966991996019430       0.52246059539110523       0.70340671501740393     
   7.0312500000000002E-003   2.8125000000000001E-002  0.89976298073479710       0.52764822620796292       0.70275955711509019     
   7.8125000000000000E-003   2.8125000000000001E-002  0.89956114239364304       0.53282743014493583       0.70203769671173333     
   8.5937500000000007E-003   2.8125000000000001E-002  0.89906568960216793       0.53799712627147012       0.70124121282838714     
   9.3750000000000014E-003   2.8125000000000001E-002  0.89827834308943277       0.54315621787977475       0.70037023350616512     
   1.0156250000000000E-002   2.8125000000000001E-002  0.89720105485409951       0.54830361752810697       0.69942493494447600     
   1.0937500000000001E-002   2.8125000000000001E-002  0.89583593057622879       0.55343825121129531       0.69840554039675873     
   1.1718750000000000E-002   2.8125000000000001E-002  0.89418522479694651       0.55855905619958313       0.69731231891296963     
   1.2500000000000001E-002   2.8125000000000001E-002  0.89225135244759002       0.56366497928732939       0.69614558398414728     
   1.3281250000000001E-002   2.8125000000000001E-002  0.89003689541580389       0.56875497644799711       0.69490569212107456     
   1.4062500000000000E-002   2.8125000000000001E-002  0.88754460301500304       0.57382801315460441       0.69359304139043765     
   1.4843750000000001E-002   2.8125000000000001E-002  0.88477738986988819       0.57888306475455298       0.69220806992926320     
   1.5625000000000000E-002   2.8125000000000001E-002  0.88173833345527597       0.58391911670086472       0.69075125445629026     
   1.6406250000000001E-002   2.8125000000000001E-002  0.87843067188738810       0.58893516465321794       0.68922310879607196     
   1.7187500000000001E-002   2.8125000000000001E-002  0.87485780187381335       0.59393021450228167       0.68762418242847556     
   1.7968750000000002E-002   2.8125000000000001E-002  0.87102327665024892       0.59890328235177936       0.68595505907336818     
   1.8750000000000003E-002   2.8125000000000001E-002  0.86693080382379906       0.60385339447307840       0.68421635531785951     
   1.9531250000000000E-002   2.8125000000000001E-002  0.86258424311162696       0.60877958723883796       0.68240871929153524     
   2.0312500000000001E-002   2.8125000000000001E-002  0.85798760398585838       0.61368090704073774       0.68053282939362991     
   2.1093750000000001E-002   2.8125000000000001E-002  0.85314504323473761       0.61855641019651009       0.67858939307503408     
   2.1875000000000002E-002   2.8125000000000001E-002  0.84806086244496803       0.62340516285138248       0.67657914567739541     
   2.2656250000000003E-002   2.8125000000000001E-002  0.84273950540723208       0.62822624087842860       0.67450284933135329     
   2.3437500000000000E-002   2.8125000000000001E-002  0.83718555544607931       0.63301872978154272       0.67236129191613547     
   2.4218750000000001E-002   2.8125000000000001E-002  0.83140373267540313       0.63778172460402072       0.67015528608333885     
   2.5000000000000001E-002   2.8125000000000001E-002  0.82539889118080390       0.64251432984513368       0.66788566834872698     
   2.5781250000000002E-002   2.8125000000000001E-002  0.81917601613007052       0.64721565938661452       0.66555329825730203     
   2.6562500000000003E-002   2.8125000000000001E-002  0.81274022081285036       0.65188483643063988       0.66315905762877314     
   2.7343750000000000E-002   2.8125000000000001E-002  0.80609674361033612       0.65652099345066983       0.66070384989286624     
   2.8125000000000001E-002   2.8125000000000001E-002  0.79925094489553816       0.66112327215639966       0.65818859952673758     
   2.8906250000000001E-002   2.8125000000000001E-002  0.79220830386441732       0.66569082347409869       0.65561425161008768     
   2.9687500000000002E-002   2.8125000000000001E-002  0.78497441529780521       0.67022280754375196       0.65298177151749459     
   3.0468750000000003E-002   2.8125000000000001E-002  0.77755498625367814       0.67471839373468856       0.65029214477201214     
   3.1250000000000000E-002   2.8125000000000001E-002  0.76995583268888634       0.67917676068179011       0.64754637708929241     
   3.2031250000000004E-002   2.8125000000000001E-002  0.76218287600892576       0.68359709634491195       0.64474549464742825     
   3.2812500000000001E-002   2.8125000000000001E-002  0.75424213954370556       0.68797859809483219       0.64189054462443440     
   3.3593749999999999E-002   2.8125000000000001E-002  0.74613974494663826       0.69232047282986797       0.63898259605284347     
   3.4375000000000003E-002   2.8125000000000001E-002  0.73788190851402258       0.69662193712830933       0.63602274104932943     
   3.5156250000000000E-002   2.8125000000000001E-002  0.72947493742212011       0.70088221744311840       0.63301209648661971     
   3.5937500000000004E-002   2.8125000000000001E-002  0.72092522588068852       0.70510055034710262       0.62995180618523949     
   3.6718750000000001E-002   2.8125000000000001E-002  0.71223925120187725       0.70927618283902338       0.62684304371384936     
   3.7500000000000006E-002   2.8125000000000001E-002  0.70342356977559384       0.71340837272313384       0.62368701589903797     
   3.8281250000000003E-002   2.8125000000000001E-002  0.69448481291651853       0.71749638907428681       0.62048496715823709     
   3.9062500000000000E-002   2.8125000000000001E-002  0.68542968250629277       0.72153951279489181       0.61723818478258341     
   3.9843750000000004E-002   2.8125000000000001E-002  0.67626494635333267       0.72553703725999263       0.61394800530957960     
   4.0625000000000001E-002   2.8125000000000001E-002  0.66699743339059414       0.72948826905188313       0.61061582213824195     
   4.1406250000000006E-002   2.8125000000000001E-002  0.65763402943554727       0.73339252885799955       0.60724309455364467     
   4.2187500000000003E-002   2.8125000000000001E-002  0.64818167511174740       0.73724915281024739       0.60383135834776158     
   4.2968750000000000E-002   2.8125000000000001E-002  0.63864736727928972       0.74105749482710337       0.60038223825442671     
   4.3750000000000004E-002   2.8125000000000001E-002  0.62903816036058580       0.74481693040951846       0.59689746245233055     
   4.4531250000000001E-002   2.8125000000000001E-002  0.61936115011903725       0.74852686066243268       0.59337887938885114     
   4.5312500000000006E-002   2.8125000000000001E-002  0.60962340421510042       0.75218671075915433       0.58982847703602825     
   4.6093750000000003E-002   2.8125000000000001E-002  0.59983181450220446       0.75579591128041912       0.58624840428908875     
   4.6875000000000000E-002   2.8125000000000001E-002  0.58999296516127542       0.75935385506030850       0.58264099366854716     
   4.7656250000000004E-002   2.8125000000000001E-002  0.58011342223238327       0.76285986262319128       0.57900878467008432     
   4.8437500000000001E-002   2.8125000000000001E-002  0.57020123180513638       0.76631329263042858       0.57535455019217507     
   4.9218750000000006E-002   2.8125000000000001E-002  0.56026910012806419       0.76971405657467917       0.57168133703940627     
   5.0000000000000003E-002   2.8125000000000001E-002  0.55033696845099200       0.77306368127490033       0.56799254350865391     
   0.0000000000000000        2.8906250000000001E-002  0.89210247270037712       0.47973489313879075       0.70530002947126380     
   7.8125000000000004E-004   2.8906250000000001E-002  0.89435865796108871       0.48503865499435039       0.70524582429666116     
   1.5625000000000001E-003   2.8906250000000001E-002  0.89661484322180030       0.49031852277654525       0.70511766143977794     
   2.3437500000000003E-003   2.8906250000000001E-002  0.89862977710595415       0.49560078104347793       0.70491525141560107     
   3.1250000000000002E-003   2.8906250000000001E-002  0.90031937649552563       0.50088742309275058       0.70463833190782776     
   3.9062500000000000E-003   2.8906250000000001E-002  0.90168399496706775       0.50617383125610660       0.70428668042840226     
   4.6875000000000007E-003   2.8906250000000001E-002  0.90274019127066463       0.51145638877903932       0.70386012465841885     
   5.4687500000000005E-003   2.8906250000000001E-002  0.90349751679907264       0.51673327526613388       0.70335854437954115     
   6.2500000000000003E-003   2.8906250000000001E-002  0.90395873778383462       0.52200346341528070       0.70278186992310276     
   7.0312500000000002E-003   2.8906250000000001E-002  0.90412433976858397       0.52726602016914781       0.70213008091817586     
   7.8125000000000000E-003   2.8906250000000001E-002  0.90399495857392653       0.53251991426728340       0.70140320591293570     
   8.5937500000000007E-003   2.8906250000000001E-002  0.90357186328944983       0.53776404437090841       0.70060132222663296     
   9.3750000000000014E-003   2.8906250000000001E-002  0.90285675803938770       0.54299729241684180       0.69972455555795521     
   1.0156250000000000E-002   2.8906250000000001E-002  0.90185157758418288       0.54821854860205366       0.69877307925887011     
   1.0937500000000001E-002   2.8906250000000001E-002  0.90055841016311344       0.55342671555676226       0.69774711335541340     
   1.1718750000000000E-002   2.8906250000000001E-002  0.89897949287631440       0.55862070623461124       0.69664692340564793     
   1.2500000000000001E-002   2.8906250000000001E-002  0.89711722327527266       0.56379944223308520       0.69547281925014759     
   1.3281250000000001E-002   2.8906250000000001E-002  0.89497416595369406       0.56896185352568385       0.69422515368645177     
   1.4062500000000000E-002   2.8906250000000001E-002  0.89255305304532795       0.57410687886102263       0.69290432109032152     
   1.4843750000000001E-002   2.8906250000000001E-002  0.88985678214280539       0.57923346621719651       0.69151075600433509     
   1.5625000000000000E-002   2.8906250000000001E-002  0.88688841386787243       0.58434057311272636       0.69004493171256565     
   1.6406250000000001E-002   2.8906250000000001E-002  0.88365116968851631       0.58942716678618057       0.68850735881750857     
   1.7187500000000001E-002   2.8906250000000001E-002  0.88014842988897601       0.59449222429657855       0.68689858383249136     
   1.7968750000000002E-002   2.8906250000000001E-002  0.87638373152174454       0.59953473257783929       0.68521918780007329     
   1.8750000000000003E-002   2.8906250000000001E-002  0.87236076626232995       0.60455368846122937       0.68346978494462596     
   1.9531250000000000E-002   2.8906250000000001E-002  0.86808337815628900       0.60954809867177306       0.68165102136541356     
   2.0312500000000001E-002   2.8906250000000001E-002  0.86355556126998734       0.61451697980331232       0.67976357377503349     
   2.1093750000000001E-002   2.8906250000000001E-002  0.85878145725555355       0.61945935827729215       0.67780814828701130     
   2.1875000000000002E-002   2.8906250000000001E-002  0.85376535283539412       0.62437427029039694       0.67578547925567745     
   2.2656250000000003E-002   2.8906250000000001E-002  0.84851167720865162       0.62926076175569601       0.67369632817116332     
   2.3437500000000000E-002   2.8906250000000001E-002  0.84302499938114528       0.63411788824129567       0.67154148261246693     
   2.4218750000000001E-002   2.8906250000000001E-002  0.83731002542030175       0.63894471490986793       0.66932175526203497     
   2.5000000000000001E-002   2.8906250000000001E-002  0.83137159563662610       0.64374031646192187       0.66703798298621009     
   2.5781250000000002E-002   2.8906250000000001E-002  0.82521468169314982       0.64850377708529860       0.66469102598720475     
   2.6562500000000003E-002   2.8906250000000001E-002  0.81884438364408141       0.65323419041311526       0.66228176703400443     
   2.7343750000000000E-002   2.8906250000000001E-002  0.81226592690359989       0.65793065949222995       0.65981111078179822     
   2.8125000000000001E-002   2.8906250000000001E-002  0.80548465914542278       0.66259229676428266       0.65727998319222036     
   2.8906250000000001E-002   2.8906250000000001E-002  0.79850604713343787       0.66721822406145892       0.65468933106988247     
   2.9687500000000002E-002   2.8906250000000001E-002  0.79133567348328004       0.67180757261936286       0.65204012173445258     
   3.0468750000000003E-002   2.8906250000000001E-002  0.78397923335431507       0.67635948310975347       0.64933334285191313     
   3.1250000000000000E-002   2.8906250000000001E-002  0.77644253107095307       0.68087310569641546       0.64657000245368268     
   3.2031250000000004E-002   2.8906250000000001E-002  0.76873147667161457       0.68534760011810292       0.64375112917805144     
   3.2812500000000001E-002   2.8906250000000001E-002  0.76085208238295177       0.68978213580329828       0.64087777277492863     
   3.3593749999999999E-002   2.8906250000000001E-002  0.75281045901618759       0.69417589202249486       0.63795100492226109     
   3.4375000000000003E-002   2.8906250000000001E-002  0.74461281228199350       0.69852805808485108       0.63497192041072159     
   3.5156250000000000E-002   2.8906250000000001E-002  0.73626543902069896       0.70283783358750196       0.63194163876239562     
   3.5937500000000004E-002   2.8906250000000001E-002  0.72777472334592452       0.70710442872769685       0.62886130635925042     
   3.6718750000000001E-002   2.8906250000000001E-002  0.71914713269971564       0.71132706469028295       0.62573209916813455     
   3.7500000000000006E-002   2.8906250000000001E-002  0.71038921380880238       0.71550497412509362       0.62255522616087977     
   3.8281250000000003E-002   2.8906250000000001E-002  0.70150758850428763       0.71963740172822177       0.61933193354055183     
   3.9062500000000000E-002   2.8906250000000001E-002  0.69250894932387552       0.72372360493472687       0.61606350989764525     
   3.9843750000000004E-002   2.8906250000000001E-002  0.68340005481640109       0.72776285471959468       0.61275129243249871     
   4.0625000000000001E-002   2.8906250000000001E-002  0.67418772467857335       0.73175443650913263       0.60939667439232514     
   4.1406250000000006E-002   2.8906250000000001E-002  0.66487883548679561       0.73569765128087061       0.60600111388458233     
   4.2187500000000003E-002   2.8906250000000001E-002  0.65548031869308865       0.73959181714338051       0.60256614424747201     
   4.2968750000000000E-002   2.8906250000000001E-002  0.64599916226200893       0.74343627197999251       0.59909338618849139     
   4.3750000000000004E-002   2.8906250000000001E-002  0.63644241210140173       0.74723037761563194       0.59558456193711751     
   4.4531250000000001E-002   2.8906250000000001E-002  0.62681715500070578       0.75097352419782348       0.59204151165352770     
   4.5312500000000006E-002   2.8906250000000001E-002  0.61713044592259370       0.75466512872315283       0.58846621218344586     
   4.6093750000000003E-002   2.8906250000000001E-002  0.60738915401354565       0.75830461564021001       0.58486079782412137     
   4.6875000000000000E-002   2.8906250000000001E-002  0.59759982643048504       0.76189137195186707       0.58122758218265191     
   4.7656250000000004E-002   2.8906250000000001E-002  0.58776899352053502       0.76542471157052783       0.57756908038888244     
   4.8437500000000001E-002   2.8906250000000001E-002  0.57790473453134983       0.76890399141344201       0.57388803415454026     
   4.9218750000000006E-002   2.8906250000000001E-002  0.56801999226466371       0.77232914936875552       0.57018745117681413     
   5.0000000000000003E-002   2.8906250000000001E-002  0.55813524999797759       0.77570181318427700       0.56647068304892190     
   0.0000000000000000        2.9687500000000002E-002  0.89579694878067040       0.47864486023910308       0.70468233609514774     
   7.8125000000000004E-004   2.9687500000000002E-002  0.89812582194581303       0.48402487691176921       0.70462675395565810     
   1.5625000000000001E-003   2.9687500000000002E-002  0.90045469511095566       0.48938089519307976       0.70449677383353437     
   2.3437500000000003E-003   2.9687500000000002E-002  0.90254223119492016       0.49473917662937905       0.70429211605093722     
   3.1250000000000002E-003   2.9687500000000002E-002  0.90430440886644781       0.50010168806332467       0.70401252582852591     
   3.9062500000000000E-003   2.9687500000000002E-002  0.90574162464143260       0.50546379468208502       0.70365778647472099     
   4.6875000000000007E-003   2.9687500000000002E-002  0.90687042479916835       0.51082186694821241       0.70322773015124185     
   5.4687500000000005E-003   2.9687500000000002E-002  0.90770032825516278       0.51617407009751903       0.70272223995883198     
   6.2500000000000003E-003   2.9687500000000002E-002  0.90823407391623268       0.52151935947892802       0.70214124843869397     
   7.0312500000000002E-003   2.9687500000000002E-002  0.90847212808818101       0.52685678262139646       0.70148473639579134     
   7.8125000000000000E-003   2.9687500000000002E-002  0.90841511050511836       0.53218528766973983       0.70075273263610782     
   8.5937500000000007E-003   2.9687500000000002E-002  0.90806427386560007       0.53750375179388954       0.69994531395105752     
   9.3750000000000014E-003   2.9687500000000002E-002  0.90742130484837480       0.54281103450835966       0.69906260485565441     
   1.0156250000000000E-002   2.9687500000000002E-002  0.90648812012265889       0.54810600259121223       0.69810477698359164     
   1.0937500000000001E-002   2.9687500000000002E-002  0.90526678963691221       0.55338753425482401       0.69707204822114410     
   1.1718750000000000E-002   2.9687500000000002E-002  0.90375953220949401       0.55865451708417568       0.69596468167118375     
   1.2500000000000001E-002   2.9687500000000002E-002  0.90196872718046028       0.56390584642643882       0.69478298450262854     
   1.3281250000000001E-002   2.9687500000000002E-002  0.89989692102517826       0.56914042519794383       0.69352730671604301     
   1.4062500000000000E-002   2.9687500000000002E-002  0.89754682787861828       0.57435716435963824       0.69219803984745820     
   1.4843750000000001E-002   2.9687500000000002E-002  0.89492132748612563       0.57955498344891976       0.69079561563045555     
   1.5625000000000000E-002   2.9687500000000002E-002  0.89202346280397216       0.58473281096856922       0.68932050463509686     
   1.6406250000000001E-002   2.9687500000000002E-002  0.88885643784138058       0.58988958464366115       0.68777321489996379     
   1.7187500000000001E-002   2.9687500000000002E-002  0.88542361564974914       0.59502425159719297       0.68615429057085187     
   1.7968750000000002E-002   2.9687500000000002E-002  0.88172851628920734       0.60013576847654659       0.68446431055709467     
   1.8750000000000003E-002   2.9687500000000002E-002  0.87777481469427099       0.60522310154387648       0.68270388721430442     
   1.9531250000000000E-002   2.9687500000000002E-002  0.87356633842883935       0.61028522673579877       0.68087366506052660     
   2.0312500000000001E-002   2.9687500000000002E-002  0.86910706534250981       0.61532112969668984       0.67897431953139809     
   2.1093750000000001E-002   2.9687500000000002E-002  0.86440112113914402       0.62032980579047237       0.67700655577884894     
   2.1875000000000002E-002   2.9687500000000002E-002  0.85945277686345900       0.62531026009597090       0.67497110751719669     
   2.2656250000000003E-002   2.9687500000000002E-002  0.85426644630840998       0.63026150739058762       0.67286873592016161     
   2.3437500000000000E-002   2.9687500000000002E-002  0.84884668334523872       0.63518257212651097       0.67070022857236433     
   2.4218750000000001E-002   2.9687500000000002E-002  0.84319817917800044       0.64007248840314424       0.66846639847929434     
   2.5000000000000001E-002   2.9687500000000002E-002  0.83732575952437238       0.64493029993903328       0.66616808314053144     
   2.5781250000000002E-002   2.9687500000000002E-002  0.83123438172440511       0.64975506004627681       0.66380614369220936     
   2.6562500000000003E-002   2.9687500000000002E-002  0.82492913177862159       0.65454583161022240       0.66138146412633414     
   2.7343750000000000E-002   2.9687500000000002E-002  0.81841522131655153       0.65930168707719106       0.65889495059663072     
   2.8125000000000001E-002   2.9687500000000002E-002  0.81169798449643382       0.66402170845302977       0.65634753082313879     
   2.8906250000000001E-002   2.9687500000000002E-002  0.80478287483643163       0.66870498731548411       0.65374015361083415     
   2.9687500000000002E-002   2.9687500000000002E-002  0.79767546197725092       0.67335062484371788       0.65107378850116093     
   3.0468750000000003E-002   2.9687500000000002E-002  0.79038142837556846       0.67795773186878716       0.64834942557958153     
   3.1250000000000000E-002   2.9687500000000002E-002  0.78290656592706587       0.68252542894952206       0.64556807546711847     
   3.2031250000000004E-002   2.9687500000000002E-002  0.77525677251718672       0.68705284647906584       0.64273076952945263     
   3.2812500000000001E-002   2.9687500000000002E-002  0.76743804849690300       0.69153912482828650       0.63983856034348718     
   3.3593749999999999E-002   2.9687500000000002E-002  0.75945649307992624       0.69598341453339252       0.63689252246845585     
   3.4375000000000003E-002   2.9687500000000002E-002  0.75131830065724270       0.70038487653639736       0.63389375357668232     
   3.5156250000000000E-002   2.9687500000000002E-002  0.74302975702513741       0.70474268248868122       0.63084337600801710     
   3.5937500000000004E-002   2.9687500000000002E-002  0.73459723552407574       0.70905601512995620       0.62774253882182229     
   3.6718750000000001E-002   2.9687500000000002E-002  0.72602719308556352       0.71332406875743037       0.62459242043111862     
   3.7500000000000006E-002   2.9687500000000002E-002  0.71732616617492584       0.71754604980205838       0.62139423191510723     
   3.8281250000000003E-002   2.9687500000000002E-002  0.70850076658908179       0.72172117752798715       0.61814922111849746     
   3.9062500000000000E-002   2.9687500000000002E-002  0.69955767702350347       0.72584868486431464       0.61485867765850799     
   3.9843750000000004E-002   2.9687500000000002E-002  0.69050364632488626       0.72992781936679585       0.61152393897246848     
   4.0625000000000001E-002   2.9687500000000002E-002  0.68134548456888011       0.73395784431269073       0.60814639755047994     
   4.1406250000000006E-002   2.9687500000000002E-002  0.67209005876540506       0.73793804001146945       0.60472750951017384     
   4.2187500000000003E-002   2.9687500000000002E-002  0.66274429093275433       0.74186770563661875       0.60126880468886457     
   4.2968750000000000E-002   2.9687500000000002E-002  0.65331515994815303       0.74574616218598866       0.59777189845781065     
   4.3750000000000004E-002   2.9687500000000002E-002  0.64380970308373398       0.74957275703808746       0.59423850549753299     
   4.4531250000000001E-002   2.9687500000000002E-002  0.63423499805867845       0.75334686871022760       0.59067045576581800     
   4.5312500000000006E-002   2.9687500000000002E-002  0.62459808690134644       0.75706790544915292       0.58706971272773401     
   4.6093750000000003E-002   2.9687500000000002E-002  0.61490581534957256       0.76073528505773369       0.58343839346739590     
   4.6875000000000000E-002   2.9687500000000002E-002  0.60516469210887858       0.76434838815563000       0.57977878968241137     
   4.7656250000000004E-002   2.9687500000000002E-002  0.59538121037553560       0.76790652137140103       0.57609338873977700     
   4.8437500000000001E-002   2.9687500000000002E-002  0.58556348441507500       0.77140903932112503       0.57238489734355047     
   4.9218750000000006E-002   2.9687500000000002E-002  0.57572470571081413       0.77485590696465922       0.56865627980678168     
   5.0000000000000003E-002   2.9687500000000002E-002  0.56588592700655327       0.77824885719000436       0.56491083623298977     
   0.0000000000000000        3.0468750000000003E-002  0.89947805624086552       0.47752792408057076       0.70404871181492579     
   7.8125000000000004E-004   3.0468750000000003E-002  0.90187954036266715       0.48298425146268376       0.70399188311055749     
   1.5625000000000001E-003   3.0468750000000003E-002  0.90428102448446879       0.48841646682736428       0.70386018606668577     
   2.3437500000000003E-003   3.0468750000000003E-002  0.90644108380623389       0.49385080690237609       0.70365335137925622     
   3.1250000000000002E-003   3.0468750000000003E-002  0.90827576082156092       0.49928921037025981       0.70337113249471994     
   3.9062500000000000E-003   3.0468750000000003E-002  0.90978549598590397       0.50472702396840663       0.70301331934045741     
   4.6875000000000007E-003   3.0468750000000003E-002  0.91098682224270644       0.51016060427161458       0.70257974949859359     
   5.4687500000000005E-003   3.0468750000000003E-002  0.91188922452355659       0.51558810104228614       0.70207031041978052     
   6.2500000000000003E-003   3.0468750000000003E-002  0.91249541309148341       0.52100845112767902       0.70148493795180467     
   7.0312500000000002E-003   3.0468750000000003E-002  0.91280583398394022       0.52642068146992071       0.70082361521588643     
   7.8125000000000000E-003   3.0468750000000003E-002  0.91282108994406008       0.53182371845271825       0.70008637243959515     
   8.5937500000000007E-003   3.0468750000000003E-002  0.91254241638342948       0.53721641660239905       0.69927328705505198     
   9.3750000000000014E-003   3.0468750000000003E-002  0.91197148162129027       0.54259761186920741       0.69838448355016691     
   1.0156250000000000E-002   3.0468750000000003E-002  0.91111018331752736       0.54796614647562680       0.69742013297053795     
   1.0937500000000001E-002   3.0468750000000003E-002  0.90996057222283455       0.55332087308176903       0.69638045215460320     
   1.1718750000000000E-002   3.0468750000000003E-002  0.90852484798369415       0.55866065277030241       0.69526570279440636     
   1.2500000000000001E-002   3.0468750000000003E-002  0.90680537085466240       0.56398435350423004       0.69407619037713431     
   1.3281250000000001E-002   3.0468750000000003E-002  0.90480466833190543       0.56929085000760138       0.69281226303722965     
   1.4062500000000000E-002   3.0468750000000003E-002  0.90252543570126531       0.57457902431614283       0.69147431034014972     
   1.4843750000000001E-002   3.0468750000000003E-002  0.89997053401879823       0.57984776638536806       0.69006276201708427     
   1.5625000000000000E-002   3.0468750000000003E-002  0.89714298773982948       0.58509597455643358       0.68857808666879561     
   1.6406250000000001E-002   3.0468750000000003E-002  0.89404598258426593       0.59032255588949567       0.68702079045469744     
   1.7187500000000001E-002   3.0468750000000003E-002  0.89068286354360371       0.59552642641400588       0.68539141578078722     
   1.7968750000000002E-002   3.0468750000000003E-002  0.88705713286079901       0.60070651132694086       0.68369053999765717     
   1.8750000000000003E-002   3.0468750000000003E-002  0.88317244790579852       0.60586174515122326       0.68191877411775947     
   1.9531250000000000E-002   3.0468750000000003E-002  0.87903261893767504       0.61099107185911616       0.68007676155942010     
   2.0312500000000001E-002   3.0468750000000003E-002  0.87464160676586300       0.61609344496450325       0.67816517692375655     
   2.1093750000000001E-002   3.0468750000000003E-002  0.87000352032185302       0.62116782758870270       0.67618472480963776     
   2.1875000000000002E-002   3.0468750000000003E-002  0.86512261414751068       0.62621319250480978       0.67413613867114008     
   2.2656250000000003E-002   3.0468750000000003E-002  0.86000328580314800       0.63122852216535752       0.67202017972159367     
   2.3437500000000000E-002   3.0468750000000003E-002  0.85465007319755537       0.63621280871766195       0.66983763588830991     
   2.4218750000000001E-002   3.0468750000000003E-002  0.84906765184209776       0.64116505401079904       0.66758932082241862     
   2.5000000000000001E-002   3.0468750000000003E-002  0.84326083203095259       0.64608426959783982       0.66527607296895896     
   2.5781250000000002E-002   3.0468750000000003E-002  0.83723455594938034       0.65096947673676764       0.66289875470346282     
   2.6562500000000003E-002   3.0468750000000003E-002  0.83099389471164398       0.65581970639340481       0.66045825154277171     
   2.7343750000000000E-002   3.0468750000000003E-002  0.82454404532984327       0.66063399924969934       0.65795547143976019     
   2.8125000000000001E-002   3.0468750000000003E-002  0.81789032761454106       0.66541140572087298       0.65539134417403888     
   2.8906250000000001E-002   3.0468750000000003E-002  0.81103818100763114       0.67015098598521827       0.65276682085360704     
   2.9687500000000002E-002   3.0468750000000003E-002  0.80399316134741261       0.67485181003077777       0.65008287354586569     
   3.0468750000000003E-002   3.0468750000000003E-002  0.79676093756527144       0.67951295772374076       0.64734049506044067     
   3.1250000000000000E-002   3.0468750000000003E-002  0.78934728831272871       0.68413351890417518       0.64454069891094057     
   3.2031250000000004E-002   3.0468750000000003E-002  0.78175809851681954       0.68871259351566838       0.64168451948815874     
   3.2812500000000001E-002   3.0468750000000003E-002  0.77399935586084589       0.69324929177658512       0.63877301248336149     
   3.3593749999999999E-002   3.0468750000000003E-002  0.76607714718656661       0.69774273440195977       0.63580725560725937     
   3.4375000000000003E-002   3.0468750000000003E-002  0.75799765481320203       0.70219205288655917       0.63278834965806319     
   3.5156250000000000E-002   3.0468750000000003E-002  0.74976715276879080       0.70659638986147244       0.62971742000073672     
   3.5937500000000004E-002   3.0468750000000003E-002  0.74139200293051410       0.71095489953886826       0.62659561852919465     
   3.6718750000000001E-002   3.0468750000000003E-002  0.73287865107004790       0.71526674826225811       0.62342412619375154     
   3.7500000000000006E-002   3.0468750000000003E-002  0.72423362278998926       0.71953111518180224       0.62020415618754521     
   3.8281250000000003E-002   3.0468750000000003E-002  0.71546351930683971       0.72374719307328361       0.61693695789770808     
   3.9062500000000000E-002   3.0468750000000003E-002  0.70657501298925074       0.72791418931184471       0.61362382173929708     
   3.9843750000000004E-002   3.0468750000000003E-002  0.69757484256417845       0.73203132699933782       0.61026608500178126     
   4.0625000000000001E-002   3.0468750000000003E-002  0.68846980813942971       0.73609784624989738       0.60686513884901849     
   4.1406250000000006E-002   3.0468750000000003E-002  0.67926676688561360       0.74011300572155092       0.60342243662568595     
   4.2187500000000003E-002   3.0468750000000003E-002  0.66997263119313211       0.74407608471363917       0.59993950364077908     
   4.2968750000000000E-002   3.0468750000000003E-002  0.66059437074359362       0.74798638646183624       0.59641794862765507     
   4.3750000000000004E-002   3.0468750000000003E-002  0.65113901415034225       0.75184324310635131       0.59285947711351772     
   4.4531250000000001E-002   3.0468750000000003E-002  0.64161363007680472       0.75564602084960386       0.58926590692077752     
   4.5312500000000006E-002   3.0468750000000003E-002  0.63202524750135325       0.75939411861844563       0.58563918584986097     
   4.6093750000000003E-002   3.0468750000000003E-002  0.62238068817887438       0.76308694708000957       0.58198141111867430     
   4.6875000000000000E-002   3.0468750000000003E-002  0.61268642106392202       0.76672387996789226       0.57829484947940246     
   4.7656250000000004E-002   3.0468750000000003E-002  0.60294890084385266       0.77030421603340626       0.57458195710622406     
   4.8437500000000001E-002   3.0468750000000003E-002  0.59317627860286182       0.77382730714026593       0.57084540185838728     
   4.9218750000000006E-002   3.0468750000000003E-002  0.58338200620635561       0.77729314610651223       0.56708810040107882     
   5.0000000000000003E-002   3.0468750000000003E-002  0.57358773380984940       0.78070357528464562       0.56331329664167085     
   0.0000000000000000        3.1250000000000000E-002  0.90314525776615961       0.47638425286967101       0.70339919904044312     
   7.8125000000000004E-004   3.1250000000000000E-002  0.90561927740224135       0.48191694674282343       0.70334126042422096     
   1.5625000000000001E-003   3.1250000000000000E-002  0.90809329703832309       0.48742540579342880       0.70320795289789462     
   2.3437500000000003E-003   3.1250000000000000E-002  0.91032580287652309       0.49293584007305147       0.70299901804481135     
   3.1250000000000002E-003   3.1250000000000000E-002  0.91223290314164118       0.49845015839510542       0.70271421817331214     
   3.9062500000000000E-003   3.1250000000000000E-002  0.91381508309721315       0.50396368774014766       0.70235335061583315     
   4.6875000000000007E-003   3.1250000000000000E-002  0.91508886133690803       0.50947276967736654       0.70191625929156065     
   5.4687500000000005E-003   3.1250000000000000E-002  0.91606368716837028       0.51497553736191848       0.70140283701778749     
   6.2500000000000003E-003   3.1250000000000000E-002  0.91674224078065192       0.52047090794330508       0.70081302403746648     
   7.0312500000000002E-003   3.1250000000000000E-002  0.91712494681407541       0.52595788654887987       0.70014680692418774     
   7.8125000000000000E-003   3.1250000000000000E-002  0.91721239002555865       0.53143537657055673       0.69940421848917622     
   8.5937500000000007E-003   3.1250000000000000E-002  0.91700578756064233       0.53690220866664118       0.69858533797388456     
   9.3750000000000014E-003   3.1250000000000000E-002  0.91650678839094324       0.54235719400311522       0.69769029099724222     
   1.0156250000000000E-002   3.1250000000000000E-002  0.91571727018441140       0.54779914902828764       0.69671924914996219     
   1.0937500000000001E-002   3.1250000000000000E-002  0.91463926353168201       0.55322689963175276       0.69567242931928586     
   1.1718750000000000E-002   3.1250000000000000E-002  0.91327494797012543       0.55863927917630718       0.69455009283748603     
   1.2500000000000001E-002   3.1250000000000000E-002  0.91162666375475121       0.56403512702451253       0.69335254450892025     
   1.3281250000000001E-002   3.1250000000000000E-002  0.90969691850780798       0.56941328849341322       0.69208013154425607     
   1.4062500000000000E-002   3.1250000000000000E-002  0.90748838778697505       0.57477261548021430       0.69073324242168088     
   1.4843750000000001E-002   3.1250000000000000E-002  0.90500391309261907       0.58011196714629631       0.68931230569341462     
   1.5625000000000000E-002   3.1250000000000000E-002  0.90224649952275426       0.58543021045953481       0.68781778875501931     
   1.6406250000000001E-002   3.1250000000000000E-002  0.89921931365934749       0.59072622060367697       0.68625019659323949     
   1.7187500000000001E-002   3.1250000000000000E-002  0.89592568159108710       0.59599888130299605       0.68461007052584311     
   1.7968750000000002E-002   3.1250000000000000E-002  0.89236908690483308       0.60124708509216607       0.68289798694473902     
   1.8750000000000003E-002   3.1250000000000000E-002  0.88855316856957267       0.60646973354281697       0.68111455607175830     
   1.9531250000000000E-002   3.1250000000000000E-002  0.88448171870451853       0.61166573745098407       0.67926042073493154     
   2.0312500000000001E-002   3.1250000000000000E-002  0.88015868024432053       0.61683401698897222       0.67733625517184137     
   2.1093750000000001E-002   3.1250000000000000E-002  0.87558814451314160       0.62197350182603639       0.67534276386566117     
   2.1875000000000002E-002   3.1250000000000000E-002  0.87077434871412529       0.62708313122275405       0.67328068041882094     
   2.2656250000000003E-002   3.1250000000000000E-002  0.86572167333771832       0.63216185410388082       0.67115076646887040     
   2.3437500000000000E-002   3.1250000000000000E-002  0.86043463949137311       0.63720862911415566       0.66895381065105641     
   2.4218750000000001E-002   3.1250000000000000E-002  0.85491790615302454       0.64222242466120638       0.66669062761241138     
   2.5000000000000001E-002   3.1250000000000000E-002  0.84917626735068608       0.64720221894947272       0.66436205708277296     
   2.5781250000000002E-002   3.1250000000000000E-002  0.84321464927031353       0.65214700000894943       0.66196896300915065     
   2.6562500000000003E-002   3.1250000000000000E-002  0.83703810729378225       0.65705576572253788       0.65951223276123161     
   2.7343750000000000E-002   3.1250000000000000E-002  0.83065182296845808       0.66192752385590903       0.65699277641761622     
   2.8125000000000001E-002   3.1250000000000000E-002  0.82406110090942997       0.66676129209401813       0.65441152614461928     
   2.8906250000000001E-002   3.1250000000000000E-002  0.81727136563502090       0.67155609808880434       0.65176943568219958     
   2.9687500000000002E-002   3.1250000000000000E-002  0.81028815833567347       0.67631097952316521       0.64906747995484071     
   3.0468750000000003E-002   3.1250000000000000E-002  0.80311713357570302       0.68102498419702862       0.64630665482903848     
   3.1250000000000000E-002   3.1250000000000000E-002  0.79576405592670563       0.68569717014227771       0.64348797704351390     
   3.2031250000000004E-002   3.1250000000000000E-002  0.78823479653053785       0.69032660577441474       0.64061248434342444     
   3.2812500000000001E-002   3.1250000000000000E-002  0.78053532958876137       0.69491237009017881       0.63768123585574488     
   3.3593749999999999E-002   3.1250000000000000E-002  0.77267172877433210       0.69945355292186917       0.63469531274969260     
   3.4375000000000003E-002   3.1250000000000000E-002  0.76465016356048099       0.70394925526088958       0.63165581923364478     
   3.5156250000000000E-002   3.1250000000000000E-002  0.75647689546175345       0.70839858966512759       0.62856388394847185     
   3.5937500000000004E-002   3.1250000000000000E-002  0.74815827418306879       0.71280068076736058       0.62542066182664302     
   3.6718750000000001E-002   3.1250000000000000E-002  0.73970073367173172       0.71715466590487043       0.62222733649684447     
   3.7500000000000006E-002   3.1250000000000000E-002  0.73111078805636853       0.72145969589284442       0.61898512332513922     
   3.8281250000000003E-002   3.1250000000000000E-002  0.72239502742430062       0.72571493596318193       0.61569527319565953     
   3.9062500000000000E-002   3.1250000000000000E-002  0.71356011333998892       0.72991956688231541       0.61235907714599447     
   3.9843750000000004E-002   3.1250000000000000E-002  0.70461277401257494       0.73407278624869621       0.60897787198413855     
   4.0625000000000001E-002   3.1250000000000000E-002  0.69555979926964895       0.73817380997655058       0.60555304702484058     
   4.1406250000000006E-002   3.1250000000000000E-002  0.68640803622130364       0.74222187405950157       0.60208605209496890     
   4.2187500000000003E-002   3.1250000000000000E-002  0.67716438750644858       0.74621623694923600       0.59857840697484921     
   4.2968750000000000E-002   3.1250000000000000E-002  0.66783581359309308       0.75015618320640576       0.59503171247113995     
   4.3750000000000004E-002   3.1250000000000000E-002  0.65842933452251062       0.75404102890758395       0.59144766334963128     
   4.4531250000000001E-002   3.1250000000000000E-002  0.64895201004502723       0.75787012723049230       0.58782806334291948     
   4.5312500000000006E-002   3.1250000000000000E-002  0.63941085611751536       0.76164286720199126       0.58417484226450789     
   4.6093750000000003E-002   3.1250000000000000E-002  0.62981267009094810       0.76535865187579055       0.58049007476156411     
   4.6875000000000000E-002   3.1250000000000000E-002  0.62016388001465972       0.76901684763731204       0.57677599954759939     
   4.7656250000000004E-002   3.1250000000000000E-002  0.61047090084268618       0.77261674483743548       0.57303503812262846     
   4.8437500000000001E-002   3.1250000000000000E-002  0.60074192255491266       0.77615769223331366       0.56926981563498413     
   4.9218750000000006E-002   3.1250000000000000E-002  0.59099066982688975       0.77963971143018229       0.56548319684297865     
   5.0000000000000003E-002   3.1250000000000000E-002  0.58123941709886684       0.78306475873397374       0.56167836474824717     
   0.0000000000000000        3.2031250000000004E-002  0.90679801260324344       0.47521401883908132       0.70273384124499583     
   7.8125000000000004E-004   3.2031250000000004E-002  0.90934449495293490       0.48082313450762187       0.70267493527696634     
   1.5625000000000001E-003   3.2031250000000004E-002  0.91189097730262636       0.48640788354773967       0.70254012945368594     
   2.3437500000000003E-003   3.2031250000000004E-002  0.91419585556313931       0.49199444740462905       0.70232917667690120     
   3.1250000000000002E-003   3.2031250000000004E-002  0.91617530617826592       0.49758470330406407       0.70204184871277353     
   3.9062500000000000E-003   3.2031250000000004E-002  0.91782986003962663       0.50317395717551772       0.70167795106108599     
   4.6875000000000007E-003   3.2031250000000004E-002  0.91917602019901989       0.50875853445847530       0.70123733488358497     
   5.4687500000000005E-003   3.2031250000000004E-002  0.92022319854581569       0.51433655053896798       0.70071989937866386     
   6.2500000000000003E-003   3.2031250000000004E-002  0.92097404364136159       0.51990690162748143       0.70012559027581789     
   7.0312500000000002E-003   3.2031250000000004E-002  0.92142895749384424       0.52546856975033984       0.69945439874222171     
   7.8125000000000000E-003   3.2031250000000004E-002  0.92158850578316198       0.53102043400823518       0.69870636134053554     
   8.5937500000000007E-003   3.2031250000000004E-002  0.92145388632433090       0.53656129989012080       0.69788156029560877     
   9.3750000000000014E-003   3.2031250000000004E-002  0.92102672767894866       0.54208995247493719       0.69698012352041072     
   1.0156250000000000E-002   3.2031250000000004E-002  0.92030888647734543       0.54760518113188794       0.69600222428850023     
   1.0937500000000001E-002   3.2031250000000004E-002  0.91930237213497434       0.55310578367409080       0.69494808063713420     
   1.1718750000000000E-002   3.2031250000000004E-002  0.91800934309889748       0.55859056443973043       0.69381795459505935     
   1.2500000000000001E-002   3.2031250000000004E-002  0.91643211867400753       0.56405833288957130       0.69261215128907128     
   1.3281250000000001E-002   3.2031250000000004E-002  0.91457318568353729       0.56950790363720494       0.69133101795644392     
   1.4062500000000000E-002   3.2031250000000004E-002  0.91243519905257908       0.57493809715062383       0.68997494288146932     
   1.4843750000000001E-002   3.2031250000000004E-002  0.91002097983803443       0.58034774051249760       0.68854435427314220     
   1.5625000000000000E-002   3.2031250000000004E-002  0.90733351290604636       0.58573566803901289       0.68703971910056660     
   1.6406250000000001E-002   3.2031250000000004E-002  0.90437594483631278       0.59110072176518214       0.68546154190121744     
   1.7187500000000001E-002   3.2031250000000004E-002  0.90115158195802691       0.59644175184374615       0.68381036357518510     
   1.7968750000000002E-002   3.2031250000000004E-002  0.89766388835071187       0.60175761688664875       0.68208676017656278     
   1.8750000000000003E-002   3.2031250000000004E-002  0.89391648373478183       0.60704718425981774       0.68029134171142869     
   1.9531250000000000E-002   3.2031250000000004E-002  0.88991314124411169       0.61230933033493840       0.67842475095045751     
   2.0312500000000001E-002   3.2031250000000004E-002  0.88565778509402382       0.61754294070137083       0.67648766226304824     
   2.1093750000000001E-002   3.2031250000000004E-002  0.88115448815677622       0.62274691034236485       0.67448078047894500     
   2.1875000000000002E-002   3.2031250000000004E-002  0.87640746945139747       0.62792014378031202       0.67240483978268506     
   2.2656250000000003E-002   3.2031250000000004E-002  0.87142109155164105       0.63306155519579066       0.67026060264582688     
   2.3437500000000000E-002   3.2031250000000004E-002  0.86619985791486787       0.63817006852493230       0.66804885880182674     
   2.4218750000000001E-002   3.2031250000000004E-002  0.86074841013454295       0.64324461753940942       0.66577042426864674     
   2.5000000000000001E-002   3.2031250000000004E-002  0.85507152511895235       0.64828414591319727       0.66342614042472259     
   2.5781250000000002E-002   3.2031250000000004E-002  0.84917411219856065       0.65328760728022639       0.66101687314480573     
   2.6562500000000003E-002   3.2031250000000004E-002  0.84306121016411062       0.65825396528711888       0.65854351200345285     
   2.7343750000000000E-002   3.2031250000000004E-002  0.83673798423719226       0.66318219364538966       0.65600696955558890     
   2.8125000000000001E-002   3.2031250000000004E-002  0.83020972297459927       0.66807127618783446       0.65340818070565310     
   2.8906250000000001E-002   3.2031250000000004E-002  0.82348183510730810       0.67292020693431609       0.65074810217938384     
   2.9687500000000002E-002   3.2031250000000004E-002  0.81655984631439893       0.67772799017283114       0.64802771211535626     
   3.0468750000000003E-002   3.2031250000000004E-002  0.80944939593158227       0.68249364056261486       0.64524800979699615     
   3.1250000000000000E-002   3.2031250000000004E-002  0.80215623359326238       0.68721618326712874       0.64241001555001598     
   3.2031250000000004E-002   3.2031250000000004E-002  0.79468621580612508       0.69189465412609463       0.63951477083511232     
   3.2812500000000001E-002   3.2031250000000004E-002  0.78704530245111870       0.69652809987729236       0.63656333857139158     
   3.3593749999999999E-002   3.2031250000000004E-002  0.77923955320945770       0.70111557844062977       0.63355680373241119     
   3.4375000000000003E-002   3.2031250000000004E-002  0.77127512390729425       0.70565615927905223       0.63049627426402444     
   3.5156250000000000E-002   3.2031250000000004E-002  0.76315826277355936       0.71014892385330386       0.62738288238142903     
   3.5937500000000004E-002   3.2031250000000004E-002  0.75489530660615323       0.71459296619050283       0.62421778631202884     
   3.6718750000000001E-002   3.2031250000000004E-002  0.74649267684027965       0.71898739358988351       0.62100217256093238     
   3.7500000000000006E-002   3.2031250000000004E-002  0.73795687550069489       0.72333132749177276       0.61773725878710029     
   3.8281250000000003E-002   3.2031250000000004E-002  0.72929448098509098       0.72762390453498427       0.61442429739011106     
   3.9062500000000000E-002   3.2031250000000004E-002  0.72051214357456195       0.73186427781944907       0.61106457991976093     
   3.9843750000000004E-002   3.2031250000000004E-002  0.71161658057374511       0.73605161837730293       0.60765944243255066     
   4.0625000000000001E-002   3.2031250000000004E-002  0.70261457124577198       0.74018511686188493       0.60421027193023435     
   4.1406250000000006E-002   3.2031250000000004E-002  0.69351295246733935       0.74426398555498519       0.60071851402750198     
   4.2187500000000003E-002   3.2031250000000004E-002  0.68431861707371089       0.74828746104411237       0.59718568201335742     
   4.2968750000000000E-002   3.2031250000000004E-002  0.67503851639784240       0.75225480825368118       0.59361336749955651     
   4.3750000000000004E-002   3.2031250000000004E-002  0.66567966211802632       0.75616532632245537       0.59000325288213440     
   4.4531250000000001E-002   3.2031250000000004E-002  0.65624910536197767       0.76001835465103584       0.58635712582599975     
   4.5312500000000006E-002   3.2031250000000004E-002  0.64675384926569268       0.76381327175820601       0.58267689578889248     
   4.6093750000000003E-002   3.2031250000000004E-002  0.63720066655088847       0.76754947260299289       0.57896461207667793     
   4.6875000000000000E-002   3.2031250000000004E-002  0.62759594342200586       0.77122631579201428       0.57522248219357819     
   4.7656250000000004E-002   3.2031250000000004E-002  0.61794605403673997       0.77484308282930447       0.57145288940731498     
   4.8437500000000001E-002   3.2031250000000004E-002  0.60825922906170826       0.77839911913016391       0.56765841222548918     
   4.9218750000000006E-002   3.2031250000000004E-002  0.59854947703625472       0.78189447611067042       0.56384185921059260     
   5.0000000000000003E-002   3.2031250000000004E-002  0.58883972501080117       0.78533122858247695       0.56000634784654135     
   0.0000000000000000        3.2812500000000001E-002  0.91043578149800974       0.47401739822174227       0.70205268296242185     
   7.8125000000000004E-004   3.2812500000000001E-002  0.91305465519466034       0.47970299020026935       0.70199295779195126     
   1.5625000000000001E-003   3.2812500000000001E-002  0.91567352889131093       0.48536407488979072       0.70185677120228007     
   2.3437500000000003E-003   3.2812500000000001E-002  0.91805070834150493       0.49102680318090469       0.70164388782500686     
   3.1250000000000002E-003   3.2812500000000001E-002  0.92010244005488140       0.49669301902013929       0.70135408944190147     
   3.9062500000000000E-003   3.2812500000000001E-002  0.92182930112420125       0.50235800600106439       0.70098719046806868     
   4.6875000000000007E-003   3.2812500000000001E-002  0.92324777767433164       0.50801807230265594       0.70054305021634899     
   5.4687500000000005E-003   3.2812500000000001E-002  0.92436724221127498       0.51367131435066582       0.70002157529257714     
   6.2500000000000003E-003   3.2812500000000001E-002  0.92519030997668517       0.51931660612616481       0.69942271801940614     
   7.0312500000000002E-003   3.2812500000000001E-002  0.92571735899615326       0.52495290520394988       0.69874647531400635     
   7.8125000000000000E-003   3.2812500000000001E-002  0.92594893468133399       0.53057906501844199       0.69799288867148046     
   8.5937500000000007E-003   3.2812500000000001E-002  0.92588621436524099       0.53619386450393414       0.69716204448455232     
   9.3750000000000014E-003   3.2812500000000001E-002  0.92553080506366925       0.54179606126004953       0.69625407413079521     
   1.0156250000000000E-002   3.2812500000000001E-002  0.92488454126325825       0.54738441617961597       0.69526915370948905     
   1.0937500000000001E-002   3.2812500000000001E-002  0.92394941014018450       0.55295769760050451       0.69420750351265448     
   1.1718750000000000E-002   3.2812500000000001E-002  0.92272754803049306       0.55851467944021893       0.69306938732459078     
   1.2500000000000001E-002   3.2812500000000001E-002  0.92122125230647123       0.56405413986806363       0.69185511160282476     
   1.3281250000000001E-002   3.2812500000000001E-002  0.91943298804130025       0.56957486141360036       0.69056502456561342     
   1.4062500000000000E-002   3.2812500000000001E-002  0.91736538860177619       0.57507563174581255       0.68919951520229095     
   1.4843750000000001E-002   3.2812500000000001E-002  0.91502125369583875       0.58055524451058493       0.68775901222191227     
   1.5625000000000000E-002   3.2812500000000001E-002  0.91240354706818794       0.58601250002650507       0.68624398295560440     
   1.6406250000000001E-002   3.2812500000000001E-002  0.90951539441894580       0.59144620584624552       0.68465493222695506     
   1.7187500000000001E-002   3.2812500000000001E-002  0.90636008144967006       0.59685517722970916       0.68299240120306759     
   1.7968750000000002E-002   3.2812500000000001E-002  0.90294105187098450       0.60223823755707528       0.68125696623718868     
   1.8750000000000003E-002   3.2812500000000001E-002  0.89926190529761796       0.60759421869184538       0.67944923771230736     
   1.9531250000000000E-002   3.2812500000000001E-002  0.89532639502372258       0.61292196129710963       0.67756985889386800     
   2.0312500000000001E-002   3.2812500000000001E-002  0.89113842569223256       0.61822031510785103       0.67561950479869404     
   2.1093750000000001E-002   3.2812500000000001E-002  0.88670205087062459       0.62348813916320178       0.67359888108638732     
   2.1875000000000002E-002   3.2812500000000001E-002  0.88202147054017976       0.62872430200324769       0.67150872297884778     
   2.2656250000000003E-002   3.2812500000000001E-002  0.87710102850278959       0.63392768183507442       0.66934979421317997     
   2.3437500000000000E-002   3.2812500000000001E-002  0.87194520970837242       0.63909716667260763       0.66712288603313119     
   2.4218750000000001E-002   3.2812500000000001E-002  0.86655863750585416       0.64423165445464758       0.66482881622436851     
   2.5000000000000001E-002   3.2812500000000001E-002  0.86094607082058927       0.64933005314543135       0.66246842819935781     
   2.5781250000000002E-002   3.2812500000000001E-002  0.85511240126091559       0.65439128082209452       0.66004259013839672     
   2.6562500000000003E-002   3.2812500000000001E-002  0.84906265015622673       0.65941426575355855       0.65755219419448152     
   2.7343750000000000E-002   3.2812500000000001E-002  0.84280196552858033       0.66439794647563988       0.65499815577119413     
   2.8125000000000001E-002   3.2812500000000001E-002  0.83633561899944997       0.66934127186760750       0.65238141288470863     
   2.8906250000000001E-002   3.2812500000000001E-002  0.82966900263275978       0.67424320123599990       0.64970292562336596     
   2.9687500000000002E-002   3.2812500000000001E-002  0.82280762571481325       0.67910270441230669       0.64696367572110514     
   3.0468750000000003E-002   3.2812500000000001E-002  0.81575711147107166       0.68391876187212408       0.64416466626440150     
   3.1250000000000000E-002   3.2812500000000001E-002  0.80852319371897408       0.68869036488465007       0.64130692155631186     
   3.2031250000000004E-002   3.2812500000000001E-002  0.80111171345501053       0.69341651570290275       0.63839148716582617     
   3.2812500000000001E-002   3.2812500000000001E-002  0.79352861537305774       0.69809622780683767       0.63541943019602876     
   3.3593749999999999E-002   3.2812500000000001E-002  0.78577994430964015       0.70272852621362025       0.63239183981067382     
   3.4375000000000003E-002   3.2812500000000001E-002  0.77787184161065359       0.70731244787171776       0.62930982806574076     
   3.5156250000000000E-002   3.2812500000000001E-002  0.76981054141377259       0.71184704215832406       0.62617453110044330     
   3.5937500000000004E-002   3.2812500000000001E-002  0.76160236684119464       0.71633137150306281       0.62298711075110036     
   3.6718750000000001E-002   3.2812500000000001E-002  0.75325372609548835       0.72076451216482018       0.61974875666130025     
   3.7500000000000006E-002   3.2812500000000001E-002  0.74477110843806693       0.72514555519175439       0.61646068897288553     
   3.8281250000000003E-002   3.2812500000000001E-002  0.73616107999297886       0.72947360759389490       0.61312416169430151     
   3.9062500000000000E-002   3.2812500000000001E-002  0.72743027926473025       0.73374779374920340       0.60974046685530936     
   3.9843750000000004E-002   3.2812500000000001E-002  0.71858541226644723       0.73796725704989774       0.60631093956928617     
   4.0625000000000001E-002   3.2812500000000001E-002  0.70963324743069278       0.74213116180251482       0.60283696413596122     
   4.1406250000000006E-002   3.2812500000000001E-002  0.70058061126939375       0.74623869549014177       0.59931998132996656     
   4.2187500000000003E-002   3.2812500000000001E-002  0.69143438683146419       0.75028907176680792       0.59576149703882642     
   4.2968750000000000E-002   3.2812500000000001E-002  0.68220151649444249       0.75428153489639282       0.59216309244370990     
   4.3750000000000004E-002   3.2812500000000001E-002  0.67288900391805495       0.75821536613759111       0.58852643596949172     
   4.4531250000000001E-002   3.2812500000000001E-002  0.66350389206913418       0.76208989029628349       0.58485329721269275     
   4.5312500000000006E-002   3.2812500000000001E-002  0.65405317167027155       0.76590447472352685       0.58114556285246077     
   4.6093750000000003E-002   3.2812500000000001E-002  0.64454359082028434       0.76965850577722428       0.57740525400060561     
   4.6875000000000000E-002   3.2812500000000001E-002  0.63498149316172414       0.77335133386678123       0.57363454368012023     
   4.7656250000000004E-002   3.2812500000000001E-002  0.62537321122652745       0.77698223125359334       0.56983577326545287     
   4.8437500000000001E-002   3.2812500000000001E-002  0.61572701888741344       0.78055053986198675       0.56601147061690060     
   4.9218750000000006E-002   3.2812500000000001E-002  0.60605722169051057       0.78405634212881592       0.56216438377538036     
   5.0000000000000003E-002   3.2812500000000001E-002  0.59638742449360771       0.78750183614832947       0.55829755997737607     
   0.0000000000000000        3.3593749999999999E-002  0.91405801810748211       0.47279457122431734       0.70135576978411995     
   7.8125000000000004E-004   3.3593749999999999E-002  0.91674921617689065       0.47855669279422586       0.70129537875294368     
   1.5625000000000001E-003   3.3593749999999999E-002  0.91944041424629919       0.48429415783669078       0.70115793388878600     
   2.3437500000000003E-003   3.3593749999999999E-002  0.92188982718224566       0.49003308464839712       0.70094321186620145     
   3.1250000000000002E-003   3.3593749999999999E-002  0.92401377486105263       0.49577528220023043       0.70065100503212896     
   3.9062500000000000E-003   3.3593749999999999E-002  0.92581288117397254       0.50151601050394623       0.70028113747564547     
   4.6875000000000007E-003   3.3593749999999999E-002  0.92730361368266279       0.50725155935074984       0.69983347759170855     
   5.4687500000000005E-003   3.3593749999999999E-002  0.92849530333645747       0.51298000498366081       0.69930794044880684     
   6.2500000000000003E-003   3.3593749999999999E-002  0.92939053020946705       0.51870019780789600       0.69870448609873637     
   7.0312500000000002E-003   3.3593749999999999E-002  0.92998964686948915       0.52441106952292349       0.69802311839101971     
   7.8125000000000000E-003   3.3593749999999999E-002  0.93029317716420734       0.53011144643639696       0.69726388495476344     
   8.5937500000000007E-003   3.3593749999999999E-002  0.93030227670595633       0.53580007944902408       0.69642687754965027     
   9.3750000000000014E-003   3.3593749999999999E-002  0.93001852975822119       0.54147569719051680       0.69551223219747205     
   1.0156250000000000E-002   3.3593749999999999E-002  0.92944374750207459       0.54713703058009699       0.69452012897058979     
   1.0937500000000001E-002   3.3593749999999999E-002  0.92857989376702088       0.55278281698255127       0.69345079152174582     
   1.1718750000000000E-002   3.3593749999999999E-002  0.92742908172393868       0.55841179840242472       0.69230448644918141     
   1.2500000000000001E-002   3.3593749999999999E-002  0.92599358580407432       0.56402272023597610       0.69108152254814204     
   1.3281250000000001E-002   3.3593749999999999E-002  0.92427584835913124       0.56961433146151430       0.68978224997140902     
   1.4062500000000000E-002   3.3593749999999999E-002  0.92227848025554804       0.57518538549848863       0.68840705931277524     
   1.4843750000000001E-002   3.3593749999999999E-002  0.92000425893335158       0.58073464112350504       0.68695638062701503     
   1.5625000000000000E-002   3.3593749999999999E-002  0.91745612611481608       0.58626086324373816       0.68543068240036642     
   1.6406250000000001E-002   3.3593749999999999E-002  0.91463718573321273       0.59176282353460308       0.68383047048488288     
   1.7187500000000001E-002   3.3593749999999999E-002  0.91155070198536781       0.59723930098712807       0.68215628700866637     
   1.7968750000000002E-002   3.3593749999999999E-002  0.90820009734321039       0.60268908239247521       0.68040870927253794     
   1.8750000000000003E-002   3.3593749999999999E-002  0.90458895045096210       0.60811096277318089       0.67858834864242301     
   1.9531250000000000E-002   3.3593749999999999E-002  0.90072099390132954       0.61350374576395317       0.67669584944562766     
   2.0312500000000001E-002   3.3593749999999999E-002  0.89660011190471833       0.61886624394454626       0.67473188787826266     
   2.1093750000000001E-002   3.3593749999999999E-002  0.89223033786401207       0.62419727912841105       0.67269717093029935     
   2.1875000000000002E-002   3.3593749999999999E-002  0.88761585186221625       0.62949568261156430       0.67059243533416224     
   2.2656250000000003E-002   3.3593749999999999E-002  0.88276097806720899       0.63476029538628820       0.66841844654237337     
   2.3437500000000000E-002   3.3593749999999999E-002  0.87767018205690273       0.63998996832419996       0.66617599773961855     
   2.4218750000000001E-002   3.3593749999999999E-002  0.87234806806800957       0.64518356233314733       0.66386590889470076     
   2.5000000000000001E-002   3.3593749999999999E-002  0.86679937617155667       0.65033994849238896       0.66148902585822644     
   2.5781250000000002E-002   3.3593749999999999E-002  0.86102897937812106       0.65545800817062505       0.65904621951254971     
   2.6562500000000003E-002   3.3593749999999999E-002  0.85504188067547782       0.66053663313166933       0.65653838498149819     
   2.7343750000000000E-002   3.3593749999999999E-002  0.84884321000100293       0.66557472563290054       0.65396644090875888     
   2.8125000000000001E-002   3.3593749999999999E-002  0.84243822115078548       0.67057119852213953       0.65133132881553291     
   2.8906250000000001E-002   3.3593749999999999E-002  0.83583228862696235       0.67552497533928169       0.64863401255021047     
   2.9687500000000002E-002   3.3593749999999999E-002  0.82903090442427052       0.68043499042991340       0.64587547784541754     
   3.0468750000000003E-002   3.3593749999999999E-002  0.82203967475618345       0.68530018907928014       0.64305673200087266     
   3.1250000000000000E-002   3.3593749999999999E-002  0.81486431672023041       0.69011952767639284       0.64017880371414071     
   3.2031250000000004E-002   3.3593749999999999E-002  0.80751065490110840       0.69489197391978008       0.63724274308562301     
   3.2812500000000001E-002   3.3593749999999999E-002  0.79998461790894382       0.69961650707843936       0.63424962182906197     
   3.3593749999999999E-002   3.3593749999999999E-002  0.79229223484864908       0.70429211832393546       0.63120053372454310     
   3.4375000000000003E-002   3.3593749999999999E-002  0.78443963171506359       0.70891781115239227       0.62809659535753548     
   3.5156250000000000E-002   3.3593749999999999E-002  0.77643302770810940       0.71349260191845376       0.62493894719503429     
   3.5937500000000004E-002   3.3593749999999999E-002  0.76827873146237402       0.71801552050730255       0.62172875505845326     
   3.6718750000000001E-002   3.3593749999999999E-002  0.75998313718308563       0.72248561117539689       0.61846721206267985     
   3.7500000000000006E-002   3.3593749999999999E-002  0.75155272066590439       0.72690193359444810       0.61515554110168458     
   3.8281250000000003E-002   3.3593749999999999E-002  0.74299403513858875       0.73126356413301552       0.61179499797316872     
   3.9062500000000000E-002   3.3593749999999999E-002  0.73431370680559915       0.73556959740163519       0.60838687524752832     
   3.9843750000000004E-002   3.3593749999999999E-002  0.72551842998487914       0.73981914807314120       0.60493250699925649     
   4.0625000000000001E-002   3.3593749999999999E-002  0.71661496201536723       0.74401135299721921       0.60143327453147033     
   4.1406250000000006E-002   3.3593749999999999E-002  0.70761011894238879       0.74814537372758694       0.59789061323801596     
   4.2187500000000003E-002   3.3593749999999999E-002  0.69851077410866413       0.75222039985224842       0.59430602076743910     
   4.2968750000000000E-002   3.3593749999999999E-002  0.68932386121833922       0.75623565387007363       0.59068106668469933     
   4.3750000000000004E-002   3.3593749999999999E-002  0.68005637640397532       0.76019039812582967       0.58701740386141399     
   4.4531250000000001E-002   3.3593749999999999E-002  0.67071535512860503       0.76408394191920970       0.58331678180670221     
   4.5312500000000006E-002   3.3593749999999999E-002  0.66130777635606719       0.76791564069090168       0.57958106193868397     
   4.6093750000000003E-002   3.3593749999999999E-002  0.65184036387577049       0.77168487163628563       0.57581223422335148     
   4.6875000000000000E-002   3.3593749999999999E-002  0.64231941842367068       0.77539097654390532       0.57201243380146538     
   4.7656250000000004E-002   3.3593749999999999E-002  0.63275123033896996       0.77903321810682535       0.56818395634920982     
   4.8437500000000001E-002   3.3593749999999999E-002  0.62314411831375816       0.78261093475077514       0.56432927492848683     
   4.9218750000000006E-002   3.3593749999999999E-002  0.61351269427430666       0.78612424118602775       0.56045107262497751     
   5.0000000000000003E-002   3.3593749999999999E-002  0.60388127023485516       0.78957546350763241       0.55655232185343928     
   0.0000000000000000        3.4375000000000003E-002  0.91766418298644736       0.47154572200005440       0.70064314835599817     
   7.8125000000000004E-004   3.4375000000000003E-002  0.92042763901826419       0.47738442494155342       0.70058224967777616     
   1.5625000000000001E-003   3.4375000000000003E-002  0.92319109505008101       0.48319831370445593       0.70044367348769698     
   2.3437500000000003E-003   3.4375000000000003E-002  0.92571267745822927       0.48901347200651496       0.70022720888077383     
   3.1250000000000002E-003   3.4375000000000003E-002  0.92790878078063976       0.49483167222871277       0.69993265931097404     
   3.9062500000000000E-003   3.4375000000000003E-002  0.92978007578523880       0.50064814956873427       0.69955985932465736     
   4.6875000000000007E-003   3.4375000000000003E-002  0.93134300957519212       0.50645917429426701       0.69910868737464615     
   5.4687500000000005E-003   3.4375000000000003E-002  0.93260686914571733       0.51226280120364598       0.69857906809645520     
   6.2500000000000003E-003   3.4375000000000003E-002  0.93357419738092084       0.51805785571269625       0.69797097045220291     
   7.0312500000000002E-003   3.4375000000000003E-002  0.93424531978118752       0.52384324213539546       0.69728440644311684     
   7.8125000000000000E-003   3.4375000000000003E-002  0.93462073722753547       0.52961775809331224       0.69651943106103265     
   8.5937500000000007E-003   3.4375000000000003E-002  0.93470158228801592       0.53538012486848341       0.69567614264909083     
   9.3750000000000014E-003   3.4375000000000003E-002  0.93448941520193984       0.54112904052076971       0.69475468306174437     
   1.0156250000000000E-002   3.4375000000000003E-002  0.93398602263436170       0.54686320438942426       0.69375523749378976     
   1.0937500000000001E-002   3.4375000000000003E-002  0.93319334392545850       0.55258132126201742       0.69267803406179940     
   1.1718750000000000E-002   3.4375000000000003E-002  0.93211346800142558       0.55828209963626785       0.69152334323060438     
   1.2500000000000001E-002   3.4375000000000003E-002  0.93074864532564450       0.56396425055813604       0.69029147713325945     
   1.3281250000000001E-002   3.4375000000000003E-002  0.92910129454324997       0.56962648789842396       0.68898278880398167     
   1.4062500000000000E-002   3.4375000000000003E-002  0.92717400306768016       0.57526752929448843       0.68759767133514149     
   1.4843750000000001E-002   3.4375000000000003E-002  0.92496952514344222       0.58088609714625283       0.68613655696965059     
   1.5625000000000000E-002   3.4375000000000003E-002  0.92249077956190784       0.58648091946785197       0.68459991614117555     
   1.6406250000000001E-002   3.4375000000000003E-002  0.91974084759540753       0.59205073060170421       0.68298825647445527     
   1.7187500000000001E-002   3.4375000000000003E-002  0.91672297105252487       0.59759427183994496       0.68130212175704574     
   1.7968750000000002E-002   3.4375000000000003E-002  0.91344055029053706       0.60311029198015242       0.67954209089266493     
   1.8750000000000003E-002   3.4375000000000003E-002  0.90989714211235817       0.60859754782454156       0.67770877684526221     
   1.9531250000000000E-002   3.4375000000000003E-002  0.90609645754170720       0.61405480462515627       0.67580282558200355     
   2.0312500000000001E-002   3.4375000000000003E-002  0.90204235949063316       0.61948083647733720       0.67382491502255393     
   2.1093750000000001E-002   3.4375000000000003E-002  0.89773886033203609       0.62487442666496062       0.67177575400133427     
   2.1875000000000002E-002   3.4375000000000003E-002  0.89319011938458726       0.63023436796173893       0.66965608124887266     
   2.2656250000000003E-002   3.4375000000000003E-002  0.88840044031443788       0.63555946289308818       0.66746666439797686     
   2.3437500000000000E-002   3.4375000000000003E-002  0.88337426845721767       0.64084852396305680       0.66520829902026934     
   2.4218750000000001E-002   3.4375000000000003E-002  0.87811618806372904       0.64610037385078212       0.66288180769866578     
   2.5000000000000001E-002   3.4375000000000003E-002  0.87263091947274463       0.65131384558100436       0.66048803914167120     
   2.5781250000000002E-002   3.4375000000000003E-002  0.86692331621416863       0.65648778267333807       0.65802786734593821     
   2.6562500000000003E-002   3.4375000000000003E-002  0.86099836204557278       0.66162103927528626       0.65550219081440353     
   2.7343750000000000E-002   3.4375000000000003E-002  0.85486116792481515       0.66671248028439745       0.65291193183850915     
   2.8125000000000001E-002   3.4375000000000003E-002  0.84851696892109107       0.67176098146554930       0.65025803585455999     
   2.8906250000000001E-002   3.4375000000000003E-002  0.84197112106637761       0.67676542957010233       0.64754147088619207     
   2.9687500000000002E-002   3.4375000000000003E-002  0.83522909814873791       0.68172472246467208       0.64476322708726497     
   3.0468750000000003E-002   3.4375000000000003E-002  0.82829648844839887       0.68663776927852260       0.64192431640228287     
   3.1250000000000000E-002   3.4375000000000003E-002  0.82117899141675554       0.69150349058016014       0.63902577236475167     
   3.2031250000000004E-002   3.4375000000000003E-002  0.81388241429751562       0.69632081859562356       0.63606865005774549     
   3.2812500000000001E-002   3.4375000000000003E-002  0.80641266868794548       0.70108869748326519       0.63305402626545881     
   3.3593749999999999E-002   3.4375000000000003E-002  0.79877576703673048       0.70580608368254516       0.62998299984975548     
   3.4375000000000003E-002   3.4375000000000003E-002  0.79097781907366771       0.71047194635758115       0.62685669239178654     
   3.5156250000000000E-002   3.4375000000000003E-002  0.78302502816581776       0.71508526796006711       0.62367624914576836     
   3.5937500000000004E-002   3.4375000000000003E-002  0.77492368759473229       0.71964504494087700       0.62044284036013986     
   3.6718750000000001E-002   3.4375000000000003E-002  0.76668017674635891       0.72415028864506037       0.61715766303070230     
   3.7500000000000006E-002   3.4375000000000003E-002  0.75830095718929846       0.72860002642969013       0.61382194316111471     
   3.8281250000000003E-002   3.4375000000000003E-002  0.74979256857502363       0.73299330304465693       0.61043693861825277     
   3.9062500000000000E-002   3.4375000000000003E-002  0.74116162423329135       0.73732918230848898       0.60700394268312741     
   3.9843750000000004E-002   3.4375000000000003E-002  0.73241480634430367       0.74160674909723634       0.60352428841174943     
   4.0625000000000001E-002   3.4375000000000003E-002  0.72355886087149224       0.74582511167300936       0.59999935393426429     
   4.1406250000000006E-002   3.4375000000000003E-002  0.71460059330203174       0.74998340448302858       0.59643056883642054     
   4.2187500000000003E-002   3.4375000000000003E-002  0.70554686740176309       0.75408079184316190       0.59281942178989711     
   4.2968750000000000E-002   3.4375000000000003E-002  0.69640460858127007       0.75811647328353293       0.58916746963289013     
   4.3750000000000004E-002   3.4375000000000003E-002  0.68718080609326226       0.76208969108145774       0.58547634814062877     
   4.4531250000000001E-002   3.4375000000000003E-002  0.67788248877742197       0.76599973798931420       0.58174778470795752     
   4.5312500000000006E-002   3.4375000000000003E-002  0.66851662478997431       0.76984595667171851       0.57798361294743428     
   4.6093750000000003E-002   3.4375000000000003E-002  0.65908991427505514       0.77362771450560641       0.57418578861019520     
   4.6875000000000000E-002   3.4375000000000003E-002  0.64960861505380263       0.77734434418827614       0.57035640539087373     
   4.7656250000000004E-002   3.4375000000000003E-002  0.64007897513418710       0.78099509851856874       0.56649770928041199     
   4.8437500000000001E-002   3.4375000000000003E-002  0.63050936152115122       0.78457931246330759       0.56261211423867075     
   4.9218750000000006E-002   3.4375000000000003E-002  0.62091470749005118       0.78809713454590613       0.55870223385493012     
   5.0000000000000003E-002   3.4375000000000003E-002  0.61132005345895113       0.79155102396772803       0.55477096078257637     
   0.0000000000000000        3.5156250000000000E-002  0.92125371986261850       0.47027103862105302       0.69991486637535139     
   7.8125000000000004E-004   3.5156250000000000E-002  0.92408937557966486       0.47618637260208557       0.69985362261886785     
   1.5625000000000001E-003   3.5156250000000000E-002  0.92692503129671122       0.48207672683714331       0.69971404606394838     
   2.3437500000000003E-003   3.5156250000000000E-002  0.92951872415548498       0.48796814832515323       0.69949593847354608     
   3.1250000000000002E-003   3.5156250000000000E-002  0.93178692826089871       0.49386237121951071       0.69919911500987331     
   3.9062500000000000E-003   3.5156250000000000E-002  0.93373036158741518       0.49975460474727718       0.69882342153385302     
   4.6875000000000007E-003   3.5156250000000000E-002  0.93536544851094805       0.50564109852550609       0.69836874760824164     
   5.4687500000000005E-003   3.5156250000000000E-002  0.93670142938548451       0.51151988459740882       0.69783502861296409     
   6.2500000000000003E-003   3.5156250000000000E-002  0.93774080768693358       0.51738976189243668       0.69722224366400598     
   7.0312500000000002E-003   3.5156250000000000E-002  0.93848388009754502       0.52324960572451351       0.69653041418133455     
   7.8125000000000000E-003   3.5156250000000000E-002  0.93893112302301163       0.52909818335349090       0.69575960378044444     
   8.5937500000000007E-003   3.5156250000000000E-002  0.93908364458471028       0.53493418473580412       0.69490991862240759     
   9.3750000000000014E-003   3.5156250000000000E-002  0.93894297966983087       0.54075627563896156       0.69398150758886656     
   1.0156250000000000E-002   3.5156250000000000E-002  0.93851088917914971       0.54656312209623570       0.69297456214343256     
   1.0937500000000001E-002   3.5156250000000000E-002  0.93778928679665741       0.55235339459966715       0.69188931596046011     
   1.1718750000000000E-002   3.5156250000000000E-002  0.93678023610944527       0.55812576643917344       0.69072604441132823     
   1.2500000000000001E-002   3.5156250000000000E-002  0.93548596257714689       0.56387891263397782       0.68948506395300913     
   1.3281250000000001E-002   3.5156250000000000E-002  0.93390886014752106       0.56961151030017132       0.68816673143453788     
   1.4062500000000000E-002   3.5156250000000000E-002  0.93205149182429703       0.57532223967771901       0.68677144332915874     
   1.4843750000000001E-002   3.5156250000000000E-002  0.92991658772539632       0.58100978520770874       0.68529963490102808     
   1.5625000000000000E-002   3.5156250000000000E-002  0.92750704279937179       0.58667283646255308       0.68375177931719389     
   1.6406250000000001E-002   3.5156250000000000E-002  0.92482591475983000       0.59231008893624926       0.68212838671601872     
   1.7187500000000001E-002   3.5156250000000000E-002  0.92187642213959464       0.59792024473939631       0.68043000324269254     
   1.7968750000000002E-002   3.5156250000000000E-002  0.91866194230106168       0.60350201322558217       0.67865721006165636     
   1.8750000000000003E-002   3.5156250000000000E-002  0.91518600933061378       0.60905411155804534       0.67681062235493572     
   1.9531250000000000E-002   3.5156250000000000E-002  0.91145231181096853       0.61457526521891936       0.67489088831461075     
   2.0312500000000001E-002   3.5156250000000000E-002  0.90746469048557599       0.62006420846313448       0.67289868813693410     
   2.1093750000000001E-002   3.5156250000000000E-002  0.90322713582765746       0.62551968472028685       0.67083473302496022     
   2.1875000000000002E-002   3.5156250000000000E-002  0.89874378552130751       0.63094044694859963       0.66869976420599775     
   2.2656250000000003E-002   3.5156250000000000E-002  0.89401892185913667       0.63632525794535832       0.66649455196979590     
   2.3437500000000000E-002   3.5156250000000000E-002  0.88905696906010068       0.64167289061822885       0.66421989473314091     
   2.4218750000000001E-002   3.5156250000000000E-002  0.88386249051112131       0.64698212822189394       0.66187661813651544     
   2.5000000000000001E-002   3.5156250000000000E-002  0.87844018593615569       0.65225176456455736       0.65946557417868334     
   2.5781250000000002E-002   3.5156250000000000E-002  0.87279488849626330       0.65748060418908694       0.65698764039551971     
   2.6562500000000003E-002   3.5156250000000000E-002  0.86693156182402620       0.66266746253390885       0.65444371909014520     
   2.7343750000000000E-002   3.5156250000000000E-002  0.86085529699541696       0.66781116607923785       0.65183473662245406     
   2.8125000000000001E-002   3.5156250000000000E-002  0.85457130944191573       0.67291055248486720       0.64916164276747357     
   2.8906250000000001E-002   3.5156250000000000E-002  0.84808493580533151       0.67796447072657617       0.64642541015368982     
   2.9687500000000002E-002   3.5156250000000000E-002  0.84140163073738639       0.68297178123929358       0.64362703379453234     
   3.0468750000000003E-002   3.5156250000000000E-002  0.83452696364561252       0.68793135607651812       0.64076753072868575     
   3.1250000000000000E-002   3.5156250000000000E-002  0.82746661538646382       0.69284207909720064       0.63784793978781273     
   3.2031250000000004E-002   3.5156250000000000E-002  0.82022637490565964       0.69770284619339462       0.63486932151370390     
   3.2812500000000001E-002   3.5156250000000000E-002  0.81281213582461465       0.70251256557451658       0.63183275825086760     
   3.3593749999999999E-002   3.5156250000000000E-002  0.80522989297040182       0.70727015812711314       0.62873935444524298     
   3.4375000000000003E-002   3.5156250000000000E-002  0.79748573884542184       0.71197455787269148       0.62559023718516815     
   3.5156250000000000E-002   3.5156250000000000E-002  0.78958586003236197       0.71662471255062921       0.62238655702711043     
   3.5937500000000004E-002   3.5156250000000000E-002  0.78153653352987174       0.72121958435865996       0.61912948915616206     
   3.6718750000000001E-002   3.5156250000000000E-002  0.77334412301088429       0.72575815088979867       0.61582023494013405     
   3.7500000000000006E-002   3.5156250000000000E-002  0.76501507497818266       0.73023940631046458       0.61246002394646137     
   3.8281250000000003E-002   3.5156250000000000E-002  0.75655591474692285       0.73466236282631192       0.60905011650317520     
   3.9062500000000000E-002   3.5156250000000000E-002  0.74797324211976113       0.73902605247518061       0.60559180689873926     
   3.9843750000000004E-002   3.5156250000000000E-002  0.73927372662820856       0.74332952927332374       0.60208642733022089     
   4.0625000000000001E-002   3.5156250000000000E-002  0.73046410252870630       0.74757187175149220       0.59853535272498437     
   4.1406250000000006E-002   3.5156250000000000E-002  0.72155116463965840       0.75175218602742810       0.59494000657959323     
   4.2187500000000003E-002   3.5156250000000000E-002  0.71254176730434693       0.75586960985642393       0.59130186798597550     
   4.2968750000000000E-002   3.5156250000000000E-002  0.70344282810333969       0.75992331847673822       0.58762248005488449     
   4.3750000000000004E-002   3.5156250000000000E-002  0.69426133021414815       0.76391253279254834       0.58390345999075577     
   4.4531250000000001E-002   3.5156250000000000E-002  0.68500429697905907       0.76783652779391365       0.58014651105870618     
   4.5312500000000006E-002   3.5156250000000000E-002  0.67567868704832224       0.77169463232762570       0.57635343646241755     
   4.6093750000000003E-002   3.5156250000000000E-002  0.66629117807470906       0.77548620314754846       0.57252615453533751     
   4.6875000000000000E-002   3.5156250000000000E-002  0.65684798562202451       0.77921056331167804       0.56866671376080657     
   4.7656250000000004E-002   3.5156250000000000E-002  0.64735531565736371       0.78286695545283080       0.56477730620559286     
   4.8437500000000001E-002   3.5156250000000000E-002  0.63782158455282623       0.78645471130139066       0.56086028213517669     
   4.9218750000000006E-002   3.5156250000000000E-002  0.62826205248723921       0.78997401463754913       0.55691818084670675     
   5.0000000000000003E-002   3.5156250000000000E-002  0.61870252042165219       0.79342746252940310       0.55295381058952786     
   0.0000000000000000        3.5937500000000004E-002  0.92482609240444846       0.46897071304994142       0.69917097258766969     
   7.8125000000000004E-004   3.5937500000000004E-002  0.92773388734657158       0.47496272549978336       0.69910955034757216     
   1.5625000000000001E-003   3.5937500000000004E-002  0.93064168228869470       0.48092958489803694       0.69896910768674103     
   2.3437500000000003E-003   3.5937500000000004E-002  0.93330743144851602       0.48689729959404715       0.69874945953798095     
   3.1250000000000002E-003   3.5937500000000004E-002  0.93564768806995102       0.49286756405650178       0.69845043342543367     
   3.9062500000000000E-003   3.5937500000000004E-002  0.93766321653576357       0.49883556037633670       0.69807188747384818     
   4.6875000000000007E-003   3.5937500000000004E-002  0.93937041588280679       0.50479751635902703       0.69761372351769746     
   5.4687500000000005E-003   3.5937500000000004E-002  0.94077847684961236       0.51075143991026817       0.69707588895908834     
   6.2500000000000003E-003   3.5937500000000004E-002  0.94188986107198813       0.51669610186893833       0.69645837439150715     
   7.0312500000000002E-003   3.5937500000000004E-002  0.94270483451750053       0.52263034680578957       0.69576121197742846     
   7.8125000000000000E-003   3.5937500000000004E-002  0.94322384750812138       0.52855290980482206       0.69498447525130447     
   8.5937500000000007E-003   3.5937500000000004E-002  0.94344798224935555       0.53446244764917916       0.69412827944171340     
   9.3750000000000014E-003   3.5937500000000004E-002  0.94337874690686374       0.54035759195378341       0.69319278165186404     
   1.0156250000000000E-002   3.5937500000000004E-002  0.94301787534643267       0.54623697358881540       0.69217818074937232     
   1.0937500000000001E-002   3.5937500000000004E-002  0.94236725441953950       0.55209922691024393       0.69108471704207586     
   1.1718750000000000E-002   3.5937500000000004E-002  0.94142892127806421       0.55794298818695609       0.68991267182598859     
   1.2500000000000001E-002   3.5937500000000004E-002  0.94020507534417008       0.56376689463299834       0.68866236684536364     
   1.3281250000000001E-002   3.5937500000000004E-002  0.93869808488080164       0.56956958487054332       0.68733416367584521     
   1.4062500000000000E-002   3.5937500000000004E-002  0.93691048752829365       0.57534970004433383       0.68592846303477195     
   1.4843750000000001E-002   3.5937500000000004E-002  0.93484498834880647       0.58110588498078197       0.68444570402489047     
   1.5625000000000000E-002   3.5937500000000004E-002  0.93250445753664990       0.58683678919643356       0.68288636332049746     
   1.6406250000000001E-002   3.5937500000000004E-002  0.92989192834807588       0.59254106776364912       0.68125095430614424     
   1.7187500000000001E-002   3.5937500000000004E-002  0.92701059515067608       0.59821738207826314       0.67954002617798748     
   1.7968750000000002E-002   3.5937500000000004E-002  0.92386381142899210       0.60386440055570756       0.67775416301736802     
   1.8750000000000003E-002   3.5937500000000004E-002  0.92045508767443118       0.60948079926435372       0.67589398284558178     
   1.9531250000000000E-002   3.5937500000000004E-002  0.91678808915329491       0.61506526249822835       0.67396013666817023     
   2.0312500000000001E-002   3.5937500000000004E-002  0.91286663356682862       0.62061648329100183       0.67195330751641213     
   2.1093750000000001E-002   3.5937500000000004E-002  0.90869468861570746       0.62613316387437579       0.66987420949307463     
   2.1875000000000002E-002   3.5937500000000004E-002  0.90427636947630541       0.63161401608481382       0.66772358682892907     
   2.2656250000000003E-002   3.5937500000000004E-002  0.89961593619324709       0.63705776172284434       0.66550221295609813     
   2.3437500000000000E-002   3.5937500000000004E-002  0.89471779099199689       0.64246313286922463       0.66321088960402008     
   2.4218750000000001E-002   3.5937500000000004E-002  0.88958647551526748       0.64782887216232532       0.66085044592372089     
   2.5000000000000001E-002   3.5937500000000004E-002  0.88422666798714267       0.65315373304125424       0.65842173764620504     
   2.5781250000000002E-002   3.5937500000000004E-002  0.87864318030875921       0.65843647995950716       0.65592564628112515     
   2.6562500000000003E-002   3.5937500000000004E-002  0.87284095508925785       0.66367588857431681       0.65336307836249685     
   2.7343750000000000E-002   3.5937500000000004E-002  0.86682506261550840       0.66887074591739204       0.65073496474909387     
   2.8125000000000001E-002   3.5937500000000004E-002  0.86060069776389336       0.67401985055341851       0.64804225998831233     
   2.8906250000000001E-002   3.5937500000000004E-002  0.85417317685716521       0.67912201273358286       0.64528594175375154     
   2.9687500000000002E-002   3.5937500000000004E-002  0.84754793446908794       0.68417605455251318       0.64246701036853382     
   3.0468750000000003E-002   3.5937500000000004E-002  0.84073052017918015       0.68918081011847365       0.63958648842851407     
   3.1250000000000000E-002   3.5937500000000004E-002  0.83372659527935267       0.69413512574845382       0.63664542054203821     
   3.2031250000000004E-002   3.5937500000000004E-002  0.82654192943349691       0.69903786020203851       0.63364487320584417     
   3.2812500000000001E-002   3.5937500000000004E-002  0.81918239729005959       0.70388788497069188       0.63058593484012848     
   3.3593749999999999E-002   3.5937500000000004E-002  0.81165397504639669       0.70868408464243626       0.62746971600980128     
   3.4375000000000003E-002   3.5937500000000004E-002  0.80396273696256304       0.71342535736599655       0.62429734986365193     
   3.5156250000000000E-002   3.5937500000000004E-002  0.79611485182174624       0.71811061544354315       0.62106999282870201     
   3.5937500000000004E-002   3.5937500000000004E-002  0.78811657933441692       0.72273878608748199       0.61778882560366499     
   3.6718750000000001E-002   3.5937500000000004E-002  0.77997426647942036       0.72730881238422884       0.61445505450344440     
   3.7500000000000006E-002   3.5937500000000004E-002  0.77169434375663815       0.73181965451517139       0.61106991321630943     
   3.8281250000000003E-002   3.5937500000000004E-002  0.76328332127808796       0.73627029128828647       0.60763466504705665     
   3.9062500000000000E-002   3.5937500000000004E-002  0.75474778455641112       0.74065972202824903       0.60415060573316592     
   3.9843750000000004E-002   3.5937500000000004E-002  0.74609438985685017       0.74498696886117055       0.60061906693657419     
   4.0625000000000001E-002   3.5937500000000004E-002  0.73732985930566530       0.74925107944335290       0.59704142053146991     
   4.1406250000000006E-002   3.5937500000000004E-002  0.72846097687975242       0.75345113030035216       0.59341908383052033     
   4.2187500000000003E-002   3.5937500000000004E-002  0.71949458763974916       0.75758623125113855       0.58975352592364783     
   4.2968750000000000E-002   3.5937500000000004E-002  0.71043760185420868       0.76165553178015311       0.58604627535085629     
   4.3750000000000004E-002   3.5937500000000004E-002  0.70129699757780317       0.76565822992429544       0.58229892938383765     
   4.4531250000000001E-002   3.5937500000000004E-002  0.69207979405048026       0.76959358146936152       0.57851316518641194     
   4.5312500000000006E-002   3.5937500000000004E-002  0.68279294213118025       0.77346090016100366       0.57469075290386828     
   4.6093750000000003E-002   3.5937500000000004E-002  0.67344309865932073       0.77725953110557555       0.57083357009976721     
   4.6875000000000000E-002   3.5937500000000004E-002  0.66403643809915536       0.78098878700810836       0.56694361603317045     
   4.7656250000000004E-002   3.5937500000000004E-002  0.65457912548783126       0.78464789994372419       0.56302302430024664     
   4.8437500000000001E-002   3.5937500000000004E-002  0.64507963220188602       0.78823619857120708       0.55907407659975272     
   4.9218750000000006E-002   3.5937500000000004E-002  0.63555356466734936       0.79175390387894240       0.55509923290429330     
   5.0000000000000003E-002   3.5937500000000004E-002  0.62602749713281269       0.79520375633779339       0.55110121153613378     
   0.0000000000000000        3.6718750000000001E-002  0.92838072441396169       0.46764494111096760       0.69841151678337487     
   7.8125000000000004E-004   3.6718750000000001E-002  0.93136061434672268       0.47371367624633570       0.69835008589729897     
   1.5625000000000001E-003   3.6718750000000001E-002  0.93434050427948367       0.47975707825788616       0.69820891413909258     
   2.3437500000000003E-003   3.6718750000000001E-002  0.93707826315924714       0.48580111458584357       0.69798782991708808     
   3.1250000000000002E-003   3.6718750000000001E-002  0.93949053153221995       0.49184743844833390       0.69768667396587569     
   3.9062500000000000E-003   3.6718750000000001E-002  0.94157812024301824       0.49789120375873147       0.69730531780972604     
   4.6875000000000007E-003   3.6718750000000001E-002  0.94335739981331690       0.50392861534819944       0.69684367687556792     
   5.4687500000000005E-003   3.6718750000000001E-002  0.94483750799083421       0.50995765550803196       0.69630171199597524     
   6.2500000000000003E-003   3.6718750000000001E-002  0.94602086190794998       0.51597706524251274       0.69567942666213323     
   7.0312500000000002E-003   3.6718750000000001E-002  0.94690769478179770       0.52198565647624673       0.69497686516502155     
   7.8125000000000000E-003   3.6718750000000001E-002  0.94749842915831828       0.52798213013767969       0.69419411228521655     
   8.5937500000000007E-003   3.6718750000000001E-002  0.94779411981133999       0.53396510782634898       0.69333129357567658     
   9.3750000000000014E-003   3.6718750000000001E-002  0.94779624679573571       0.53993318499004739       0.69238857554449385     
   1.0156250000000000E-002   3.6718750000000001E-002  0.94750651567019473       0.54588495533596459       0.69136616557500308     
   1.0937500000000001E-002   3.6718750000000001E-002  0.94692678528698848       0.55181901511374332       0.69026431165357938     
   1.1718750000000000E-002   3.6718750000000001E-002  0.94605906528124417       0.55773396164166700       0.68908330198540835     
   1.2500000000000001E-002   3.6718750000000001E-002  0.94490552801915384       0.56362839244663177       0.68782346453213927     
   1.3281250000000001E-002   3.6718750000000001E-002  0.94346851510477514       0.56950090582596136       0.68648516647706137     
   1.4062500000000000E-002   3.6718750000000001E-002  0.94175053787170016       0.57535010205028669       0.68506881361790217     
   1.4843750000000001E-002   3.6718750000000001E-002  0.93975427540417211       0.58117458460401150       0.68357484969091420     
   1.5625000000000000E-002   3.6718750000000001E-002  0.93748257223477804       0.58697296127079046       0.68200375563374727     
   1.6406250000000001E-002   3.6718750000000001E-002  0.93493843626517159       0.59274384507308475       0.68035604879645206     
   1.7187500000000001E-002   3.6718750000000001E-002  0.93212503680770753       0.59848585511091468       0.67863228211037474     
   1.7968750000000002E-002   3.6718750000000001E-002  0.92904570258428376       0.60419761732633526       0.67683304322448545     
   1.8750000000000003E-002   3.6718750000000001E-002  0.92570391961036513       0.60987776520233206       0.67495895361823288     
   1.9531250000000000E-002   3.6718750000000001E-002  0.92210332895766767       0.61552494039817485       0.67301066769945883     
   2.0312500000000001E-002   3.6718750000000001E-002  0.91824772440900015       0.62113779332295682       0.67098887189529077     
   2.1093750000000001E-002   3.6718750000000001E-002  0.91414105001737556       0.62671498365024658       0.66889428374329507     
   2.1875000000000002E-002   3.6718750000000001E-002  0.90978739757657034       0.63225518077758813       0.66672765098958942     
   2.2656250000000003E-002   3.6718750000000001E-002  0.90519100400760510       0.63775706423488887       0.66448975070012539     
   2.3437500000000000E-002   3.6718750000000001E-002  0.90035624866497410       0.64321932404582749       0.66218138839100582     
   2.4218750000000001E-002   3.6718750000000001E-002  0.89528765056657489       0.64864066104652462       0.65980339718353487     
   2.5000000000000001E-002   3.6718750000000001E-002  0.88998986555146153       0.65401978716591702       0.65735663698972713     
   2.5781250000000002E-002   3.6718750000000001E-002  0.88446768336956916       0.65935542567259131       0.65484199373424612     
   2.6562500000000003E-002   3.6718750000000001E-002  0.87872602470747574       0.66464631139324404       0.65226037861921882     
   2.7343750000000000E-002   3.6718750000000001E-002  0.87276993815413351       0.66989119090849714       0.64961272743908560     
   2.8125000000000001E-002   3.6718750000000001E-002  0.86660459711035664       0.67508882273250204       0.64689999995360592     
   2.8906250000000001E-002   3.6718750000000001E-002  0.86023529664567688       0.68023797748368020       0.64412317932836338     
   2.9687500000000002E-002   3.6718750000000001E-002  0.85366745030598201       0.68533743805511860       0.64128327165359800     
   3.0468750000000003E-002   3.6718750000000001E-002  0.84690658687510934       0.69038599979461168       0.63838130555396555     
   3.1250000000000000E-002   3.6718750000000001E-002  0.83995834709321449       0.69538247070621406       0.63541833190389307     
   3.2031250000000004E-002   3.6718750000000001E-002  0.83282848033420998       0.70032567168750059       0.63239542366560486     
   3.2812500000000001E-002   3.6718750000000001E-002  0.82552284124378816       0.70521443681963025       0.62931367586967124     
   3.3593749999999999E-002   3.6718750000000001E-002  0.81804738633859198       0.71004761373090031       0.62617420576117200     
   3.4375000000000003E-002   3.6718750000000001E-002  0.81040817056625636       0.71482406405893562       0.62297815313835669     
   3.5156250000000000E-002   3.6718750000000001E-002  0.80261134382594757       0.71954266404229350       0.61972668091521921     
   3.5937500000000004E-002   3.6718750000000001E-002  0.79466314744915423       0.72420230527942797       0.61642097594491052     
   3.6718750000000001E-002   3.6718750000000001E-002  0.78656991063657011       0.72880189570164511       0.61306225014776472     
   3.7500000000000006E-002   3.6718750000000001E-002  0.77833804682728513       0.73334036081552967       0.60965174199632510     
   3.8281250000000003E-002   3.6718750000000001E-002  0.76997404992608309       0.73781664527547952       0.60619071842059691     
   3.9062500000000000E-002   3.6718750000000001E-002  0.76148449024283438       0.74222971484344691       0.60268047721016638     
   3.9843750000000004E-002   3.6718750000000001E-002  0.75287601000402704       0.74657855878376223       0.59912235000607927     
   4.0625000000000001E-002   3.6718750000000001E-002  0.74415531863469597       0.75086219275828792       0.59551770599519771     
   4.1406250000000006E-002   3.6718750000000001E-002  0.73532918897427579       0.75507966241270497       0.59186795644583179     
   4.2187500000000003E-002   3.6718750000000001E-002  0.72640445686557698       0.75923004816877859       0.58817456026188486     
   4.2968750000000000E-002   3.6718750000000001E-002  0.71738802578558547       0.76331247214069131       0.58443903079025761     
   4.3750000000000004E-002   3.6718750000000001E-002  0.70828686973342248       0.76732610777746124       0.58066294418306474     
   4.4531250000000001E-002   3.6718750000000001E-002  0.69910800550902474       0.77127018992900076       0.57684794962679620     
   4.5312500000000006E-002   3.6718750000000001E-002  0.68985837836665809       0.77514401562903901       0.57299578154120945     
   4.6093750000000003E-002   3.6718750000000001E-002  0.68054462679153704       0.77894691699518270       0.56910827321293711     
   4.6875000000000000E-002   3.6718750000000001E-002  0.67117288651919016       0.78267819544612405       0.56518737036695677     
   4.7656250000000004E-002   3.6718750000000001E-002  0.66174928347791673       0.78633707212258930       0.56123514315423628     
   4.8437500000000001E-002   3.6718750000000001E-002  0.65228234377036876       0.78992287303003672       0.55725379928034635     
   4.9218750000000006E-002   3.6718750000000001E-002  0.64278801754026460       0.79343585788746529       0.55324571381968890     
   5.0000000000000003E-002   3.6718750000000001E-002  0.63329369131016044       0.79687891512181019       0.54921351024002518     
   0.0000000000000000        3.7500000000000006E-002  0.93191708985424704       0.46629392246050905       0.69763654979448841     
   7.8125000000000004E-004   3.7500000000000006E-002  0.93496902145265526       0.47243942152746649       0.69757528299051896     
   1.5625000000000001E-003   3.7500000000000006E-002  0.93802095305106348       0.47855940079057419       0.69743352076229470     
   2.3437500000000003E-003   3.7500000000000006E-002  0.94083068172384821       0.48467978505274062       0.69721110596233049     
   3.1250000000000002E-003   3.7500000000000006E-002  0.94331493053426230       0.49080218507138418       0.69690789354624594     
   3.9062500000000000E-003   3.7500000000000006E-002  0.94547455441607153       0.49692172543783947       0.69652376977584041     
   4.6875000000000007E-003   3.7500000000000006E-002  0.94732589177453985       0.50303458673100743       0.69605866519539683     
   5.4687500000000005E-003   3.7500000000000006E-002  0.94887802365246454       0.50913872400193572       0.69551255563726244     
   6.2500000000000003E-003   3.7500000000000006E-002  0.95013331978341331       0.51523284649168699       0.69488545901930909     
   7.0312500000000002E-003   3.7500000000000006E-002  0.95109197847619464       0.52131573137667298       0.69417743320829417     
   7.8125000000000000E-003   3.7500000000000006E-002  0.95175439275340312       0.52738604325271343       0.69338857558047362     
   8.5937500000000007E-003   3.7500000000000006E-002  0.95212158842612626       0.53344236633869646       0.69251902326284076     
   9.3750000000000014E-003   3.7500000000000006E-002  0.95219501605984147       0.53948325772941619       0.69156895332376267     
   1.0156250000000000E-002   3.7500000000000006E-002  0.95197635166063788       0.54550727181549907       0.69053858273335800     
   1.0937500000000001E-002   3.7500000000000006E-002  0.95146742494858727       0.55151296463437427       0.68942816815484176     
   1.1718750000000000E-002   3.7500000000000006E-002  0.95067021699442200       0.55749889250562101       0.68823800563929494     
   1.2500000000000001E-002   3.7500000000000006E-002  0.94958687211969128       0.56346361128390154       0.68696843025049514     
   1.3281250000000001E-002   3.7500000000000006E-002  0.94821970431927682       0.56940567702113098       0.68561981561962115     
   1.4062500000000000E-002   3.7500000000000006E-002  0.94657119769401066       0.57532364725693519       0.68419257342599327     
   1.4843750000000001E-002   3.7500000000000006E-002  0.94464400443945296       0.58121608233840516       0.68268715280524428     
   1.5625000000000000E-002   3.7500000000000006E-002  0.94244094252540944       0.58708154658006417       0.68110403969133460     
   1.6406250000000001E-002   3.7500000000000006E-002  0.93996499360429675       0.59291860927478679       0.67944375610141072     
   1.7187500000000001E-002   3.7500000000000006E-002  0.93721930104315054       0.59872584560139275       0.67770685937332931     
   1.7968750000000002E-002   3.7500000000000006E-002  0.93420716791469971       0.60450183745559349       0.67589394136565506     
   1.8750000000000003E-002   3.7500000000000006E-002  0.93093205487496922       0.61024517421297009       0.67400562762957017     
   1.9531250000000000E-002   3.7500000000000006E-002  0.92739757792025856       0.61595445342588839       0.67204257656158117     
   2.0312500000000001E-002   3.7500000000000006E-002  0.92360750603641539       0.62162828145588278       0.67000547854525572     
   2.1093750000000001E-002   3.7500000000000006E-002  0.91956575875208102       0.62726527404418864       0.66789505508953573     
   2.1875000000000002E-002   3.7500000000000006E-002  0.91527640360285067       0.63286405682391389       0.66571205797051669     
   2.2656250000000003E-002   3.7500000000000006E-002  0.91074365351077091       0.63842326577765562       0.66345726838303010     
   2.3437500000000000E-002   3.7500000000000006E-002  0.90597186408305752       0.64394154764450040       0.66113149610794320     
   2.4218750000000001E-002   3.7500000000000006E-002  0.90096553083415576       0.64941756028049535       0.65873557870084687     
   2.5000000000000001E-002   3.7500000000000006E-002  0.89572928633549642       0.65484997297691971       0.65627038070774002     
   2.5781250000000002E-002   3.7500000000000006E-002  0.89026789729740374       0.66023746674103134       0.65373679291346765     
   2.6562500000000003E-002   3.7500000000000006E-002  0.88458626158757669       0.66557873454441219       0.65113573162901872     
   2.7343750000000000E-002   3.7500000000000006E-002  0.87868940519050598       0.67087248154460777       0.64846813802436187     
   2.8125000000000001E-002   3.7500000000000006E-002  0.87258247911211717       0.67611742528648155       0.64573497751427100     
   2.8906250000000001E-002   3.7500000000000006E-002  0.86627075623384719       0.68131229589061715       0.64293723920559198     
   2.9687500000000002E-002   3.7500000000000006E-002  0.85975962812030426       0.68645583623727224       0.64007593541559782     
   3.0468750000000003E-002   3.7500000000000006E-002  0.85305460178457593       0.69154680215585806       0.63715210127249355     
   3.1250000000000000E-002   3.7500000000000006E-002  0.84616129641512172       0.69658396263179545       0.63416679441075452     
   3.2031250000000004E-002   3.7500000000000006E-002  0.83908544006793606       0.70156610004495790       0.63112109477581557     
   3.2812500000000001E-002   3.7500000000000006E-002  0.83183286632723896       0.70649201045688137       0.62801610455471735     
   3.3593749999999999E-002   3.7500000000000006E-002  0.82440951093741222       0.71136050396765194       0.62485294825167825     
   3.4375000000000003E-002   3.7500000000000006E-002  0.81682140840858375       0.71617040516811747       0.62163277293031405     
   3.5156250000000000E-002   3.7500000000000006E-002  0.80907468859876519       0.72092055371917385       0.61835674864750145     
   3.5937500000000004E-002   3.7500000000000006E-002  0.80117557327619771       0.72560980509781936       0.61502606910794788     
   3.6718750000000001E-002   3.7500000000000006E-002  0.79313037266199593       0.73023703155955422       0.61164195257377363     
   3.7500000000000006E-002   3.7500000000000006E-002  0.78494548193301605       0.73480112337724457       0.60820564307037039     
   3.8281250000000003E-002   3.7500000000000006E-002  0.77662737761225797       0.73930099042394526       0.60471841193912323     
   3.9062500000000000E-002   3.7500000000000006E-002  0.76818261369872831       0.74373556416633990       0.60118155979995125     
   3.9843750000000004E-002   3.7500000000000006E-002  0.75961781739365686       0.74810380012975308       0.59759641900278737     
   4.0625000000000001E-002   3.7500000000000006E-002  0.75093968462920269       0.75240468091876966       0.59396435666849956     
   4.1406250000000006E-002   3.7500000000000006E-002  0.74215497660387530       0.75663722001398825       0.59028677844994215     
   4.2187500000000003E-002   3.7500000000000006E-002  0.73327051984188218       0.76080046690816550       0.58656513319010251     
   4.2968750000000000E-002   3.7500000000000006E-002  0.72429321146508752       0.76489351456731414       0.58280091872472806     
   4.3750000000000004E-002   3.7500000000000006E-002  0.71523002253538570       0.76891550986945267       0.57899568916269939     
   4.4531250000000001E-002   3.7500000000000006E-002  0.70608796933114748       0.77286566463739559       0.57515106401234195     
   4.5312500000000006E-002   3.7500000000000006E-002  0.69687399421572815       0.77674325715365489       0.57126873933613387     
   4.6093750000000003E-002   3.7500000000000006E-002  0.68759472052846404       0.78054760476393714       0.56735050048705682     
   4.6875000000000000E-002   3.7500000000000006E-002  0.67825624836692622       0.78427799626361694       0.56339823499366004     
   4.7656250000000004E-002   3.7500000000000006E-002  0.66886466798351885       0.78793364109118202       0.55941394408111833     
   4.8437500000000001E-002   3.7500000000000006E-002  0.65942857047500580       0.79151386270045965       0.55539975553114707     
   4.9218750000000006E-002   3.7500000000000006E-002  0.64996427893134689       0.79501896202378997       0.55135795345669270     
   5.0000000000000003E-002   3.7500000000000006E-002  0.64049998738768799       0.79845198162191178       0.54729105959182356     
   0.0000000000000000        3.8281250000000003E-002  0.93543457144803643       0.46491786055700507       0.69684612349122854     
   7.8125000000000004E-004   3.8281250000000003E-002  0.93855852498577641       0.47114016009549359       0.69678519501944547     
   1.5625000000000001E-003   3.8281250000000003E-002  0.94168247852351639       0.47733674850866226       0.69664298185150353     
   2.3437500000000003E-003   3.8281250000000003E-002  0.94456414932703803       0.48353350548003116       0.69641934188864973     
   3.1250000000000002E-003   3.8281250000000003E-002  0.94712035796187710       0.48973199773958509       0.69611414577663078     
   3.9062500000000000E-003   3.8281250000000003E-002  0.94935200335956815       0.49592731959620678       0.69572729623162732     
   4.6875000000000007E-003   3.8281250000000003E-002  0.95127538732191352       0.50211562604818771       0.69525874071166405     
   5.4687500000000005E-003   3.8281250000000003E-002  0.95289952992935045       0.50829484308481110       0.69470847180439843     
   6.2500000000000003E-003   3.8281250000000003E-002  0.95422675040496185       0.51446364601373973       0.69407652349516247     
   7.0312500000000002E-003   3.8281250000000003E-002  0.95525720991997654       0.52062077491536174       0.69336296872431979     
   7.8125000000000000E-003   3.8281250000000003E-002  0.95599127022064356       0.52676485564316955       0.69256791881676794     
   8.5937500000000007E-003   3.8281250000000003E-002  0.95642992665453030       0.53289443262671143       0.69169152369280007     
   9.3750000000000014E-003   3.8281250000000003E-002  0.95657459897152697       0.53900802223463729       0.69073397208441456     
   1.0156250000000000E-002   3.8281250000000003E-002  0.95642693244255306       0.54510413722514151       0.68969549155621701     
   1.0937500000000001E-002   3.8281250000000003E-002  0.95598872658550649       0.55118129117882608       0.68857634837985282     
   1.1718750000000000E-002   3.8281250000000003E-002  0.95526193291498840       0.55723799725064682       0.68737684732454030     
   1.2500000000000001E-002   3.8281250000000003E-002  0.95424866676448172       0.56327276753791355       0.68609733138214668     
   1.3281250000000001E-002   3.8281250000000003E-002  0.95295121360319546       0.56928411384128963       0.68473818142073839     
   1.4062500000000000E-002   3.8281250000000003E-002  0.95137202939636656       0.57527054903936725       0.68329981575931309     
   1.4843750000000001E-002   3.8281250000000003E-002  0.94951373855435883       0.58123058848357634       0.68178268966357047     
   1.5625000000000000E-002   3.8281250000000003E-002  0.94737913159043652       0.58716275122859107       0.68018729476882756     
   1.6406250000000001E-002   3.8281250000000003E-002  0.94497116301543682       0.59306556111103170       0.67851415843941432     
   1.7187500000000001E-002   3.8281250000000003E-002  0.94229294936002983       0.59893754772292584       0.67676384307497806     
   1.7968750000000002E-002   3.8281250000000003E-002  0.93934776715848223       0.60477724730677618       0.67493694537416427     
   1.8750000000000003E-002   3.8281250000000003E-002  0.93613905082044746       0.61058320358083873       0.67303409556572380     
   1.9531250000000000E-002   3.8281250000000003E-002  0.93267039038274424       0.61635396849632373       0.67105595661644113     
   2.0312500000000001E-002   3.8281250000000003E-002  0.92894552915330342       0.62208810292776973       0.66900322342451746     
   2.1093750000000001E-002   3.8281250000000003E-002  0.92496836125843862       0.62778417729896607       0.66687662200623643     
   2.1875000000000002E-002   3.8281250000000003E-002  0.92074292910014011       0.63344077214760186       0.66467690868299045     
   2.2656250000000003E-002   3.8281250000000003E-002  0.91627342072774454       0.63905647863217963       0.66240486927509279     
   2.3437500000000000E-002   3.8281250000000003E-002  0.91156416712795452       0.64462989898489675       0.66006131830830339     
   2.4218750000000001E-002   3.8281250000000003E-002  0.90661963943750845       0.65015964691440076       0.65764709823866796     
   2.5000000000000001E-002   3.8281250000000003E-002  0.90144444608310748       0.65564434796260862       0.65516307870112844     
   2.5781250000000002E-002   3.8281250000000003E-002  0.89604332985336410       0.66108263982015836       0.65261015578742332     
   2.6562500000000003E-002   3.8281250000000003E-002  0.89042116490755041       0.66647317260553440       0.64998925135903263     
   2.7343750000000000E-002   3.8281250000000003E-002  0.88458295372592166       0.67181460911348967       0.64730131240136923     
   2.8125000000000001E-002   3.8281250000000003E-002  0.87853382400638047       0.67710562503910510       0.64454731042602265     
   2.8906250000000001E-002   3.8281250000000003E-002  0.87227902551226777       0.68234490918472190       0.64172824092865166     
   2.9687500000000002E-002   3.8281250000000003E-002  0.86582392687612275       0.68753116365811151       0.63884512291105078     
   3.0468750000000003E-002   3.8281250000000003E-002  0.85917401236436264       0.69266310407167575       0.63589899847698217     
   3.1250000000000000E-002   3.8281250000000003E-002  0.85233487860794588       0.69773945975428198       0.63289093251254014     
   3.2031250000000004E-002   3.8281250000000003E-002  0.84531223130416655       0.70275897398964637       0.62982201246308156     
   3.2812500000000001E-002   3.8281250000000003E-002  0.83811188189474628       0.70772040429810923       0.62669334822010359     
   3.3593749999999999E-002   3.8281250000000003E-002  0.83073974422541008       0.71262252278238825       0.62350607213288423     
   3.4375000000000003E-002   3.8281250000000003E-002  0.82320183119256862       0.71746411656274856       0.62026133916126791     
   3.5156250000000000E-002   3.8281250000000003E-002  0.81550425138414850       0.72224398833342529       0.61696032718778793     
   3.5937500000000004E-002   3.8281250000000003E-002  0.80765320572343047       0.72696095708068165       0.61360423750959703     
   3.6718750000000001E-002   3.8281250000000003E-002  0.79965498412214353       0.73161385901381859       0.61019429553381699     
   3.7500000000000006E-002   3.8281250000000003E-002  0.79151596212910647       0.73620154877265476       0.60673175170451388     
   3.8281250000000003E-002   3.8281250000000003E-002  0.78324259750674419       0.74072290098473936       0.60321788269638377     
   3.9062500000000000E-002   3.8281250000000003E-002  0.77484142658962696       0.74517681224793775       0.59965399292040589     
   3.9843750000000004E-002   3.8281250000000003E-002  0.76631906028361518       0.74956220361285231       0.59604141640150488     
   4.0625000000000001E-002   3.8281250000000003E-002  0.75768217992459952       0.75387802367010914       0.59238151910996206     
   4.1406250000000006E-002   3.8281250000000003E-002  0.74893753424663012       0.75812325249779489       0.58867570186176676     
   4.2187500000000003E-002   3.8281250000000003E-002  0.74009194005928935       0.76229690709002451       0.58492540395739323     
   4.2968750000000000E-002   3.8281250000000003E-002  0.73115228834581625       0.76639804933490918       0.58113210781410862     
   4.3750000000000004E-002   3.8281250000000003E-002  0.72212554827577746       0.77042579726729254       0.57729734495791474     
   4.4531250000000001E-002   3.8281250000000003E-002  0.71301873769206248       0.77437933715755591       0.57342270381250016     
   4.5312500000000006E-002   3.8281250000000003E-002  0.70383879932889026       0.77825792593999743       0.56950983958005830     
   4.6093750000000003E-002   3.8281250000000003E-002  0.69459234579602303       0.78206086379510531       0.56556048591330610     
   4.6875000000000000E-002   3.8281250000000003E-002  0.68528544685625747       0.78578742505977839       0.56157646708485198     
   4.7656250000000004E-002   3.8281250000000003E-002  0.67592416171617786       0.78943680661590876       0.55755970920336451     
   4.8437500000000001E-002   3.8281250000000003E-002  0.66651714333635548       0.79300832982333735       0.55351225313971408     
   4.9218750000000006E-002   3.8281250000000003E-002  0.65708106857303550       0.79650233811740767       0.54943628485144391     
   5.0000000000000003E-002   3.8281250000000003E-002  0.64764499380971552       0.79992203200604928       0.54533421867087029     
   0.0000000000000000        3.9062500000000000E-002  0.93893267133036606       0.46351696263031672       0.69604029077853957     
   7.8125000000000004E-004   3.9062500000000000E-002  0.94212860120298114       0.46981609561678922       0.69597987601651845     
   1.5625000000000001E-003   3.9062500000000000E-002  0.94532453107559622       0.47608932151691102       0.69583735035774397     
   2.3437500000000003E-003   3.9062500000000000E-002  0.94827812556317703       0.48236247363097279       0.69561258892171907     
   3.1250000000000002E-003   3.9062500000000000E-002  0.95090628756739148       0.48863707377557331       0.69530547986359204     
   3.9062500000000000E-003   3.9062500000000000E-002  0.95320995463732605       0.49490818464259889       0.69491594442929150     
   4.6875000000000007E-003   3.9062500000000000E-002  0.95520538696969282       0.50117193399814897       0.69444394909157103     
   5.4687500000000005E-003   3.9062500000000000E-002  0.95690153912104503       0.50742621664195908       0.69388950514450354     
   6.2500000000000003E-003   3.9062500000000000E-002  0.95830067655325679       0.51366967146586984       0.69325266438146360     
   7.0312500000000002E-003   3.9062500000000000E-002  0.95940292107083047       0.51990099880837293       0.69253351634059701     
   7.8125000000000000E-003   3.9062500000000000E-002  0.96020860145426568       0.52611878310127147       0.69173218762055522     
   8.5937500000000007E-003   3.9062500000000000E-002  0.96071868118135917       0.53232152634062191       0.69084884209003372     
   9.3750000000000014E-003   3.9062500000000000E-002  0.96093454796941868       0.53850770159568062       0.68988368116360888     
   1.0156250000000000E-002   3.9062500000000000E-002  0.96085781528048353       0.54467577750956808       0.68883694391622197     
   1.0937500000000001E-002   3.9062500000000000E-002  0.96049025145739575       0.55082422282392141       0.68770890706927890     
   1.1718750000000000E-002   3.9062500000000000E-002  0.95983377754628374       0.55695150524995918       0.68649988489939773     
   1.2500000000000001E-002   3.9062500000000000E-002  0.95889047900929536       0.56305609094881359       0.68521022907979912     
   1.3281250000000001E-002   3.9062500000000000E-002  0.95766261191556712       0.56913644538564656       0.68384032844304499     
   1.4062500000000000E-002   3.9062500000000000E-002  0.95615260321861062       0.57519103478158085       0.68239060865552903     
   1.4843750000000001E-002   3.9062500000000000E-002  0.95436304866168031       0.58121832757722836       0.68086153180334963     
   1.5625000000000000E-002   3.9062500000000000E-002  0.95229671041352637       0.58721679572786234       0.67925359589655099     
   1.6406250000000001E-002   3.9062500000000000E-002  0.94995651495095335       0.59318491584528721       0.67756733430235772     
   1.7187500000000001E-002   3.9062500000000000E-002  0.94734555107362461       0.59912117023356737       0.67580331511911751     
   1.7968750000000002E-002   3.9062500000000000E-002  0.94446706788285961       0.60502404784549602       0.67396214050254299     
   1.8750000000000003E-002   3.9062500000000000E-002  0.94132447264963204       0.61089204516818074       0.67204444595518820     
   1.9531250000000000E-002   3.9062500000000000E-002  0.93792132856265975       0.61672366703911086       0.67005089958921804     
   2.0312500000000001E-002   3.9062500000000000E-002  0.93426135236792140       0.62251742739356408       0.66798220137155462     
   2.1093750000000001E-002   3.9062500000000000E-002  0.93034841191025286       0.62827184994532181       0.66583908235951617     
   2.1875000000000002E-002   3.9062500000000000E-002  0.92618652358349696       0.63398546880350637       0.66362230393416666     
   2.2656250000000003E-002   3.9062500000000000E-002  0.92177984969355087       0.63965682902875487       0.66133265703784527     
   2.3437500000000000E-002   3.9062500000000000E-002  0.91713269573843570       0.64528448713218123       0.65897096142175260     
   2.4218750000000001E-002   3.9062500000000000E-002  0.91224950760990986       0.65086701152083304       0.65653806490907340     
   2.5000000000000001E-002   3.9062500000000000E-002  0.90713486872152305       0.65640298289368182       0.65403484267890433     
   2.5781250000000002E-002   3.9062500000000000E-002  0.90179349706819001       0.66189099459260170       0.65146219657623572     
   2.6562500000000003E-002   3.9062500000000000E-002  0.89623024222241499       0.66732965291327906       0.64882105445339122     
   2.7343750000000000E-002   3.9062500000000000E-002  0.89045008227232214       0.67271757738158122       0.64611236954865947     
   2.8125000000000001E-002   3.9062500000000000E-002  0.88445812070668228       0.67805340100160405       0.64333711990832299     
   2.8906250000000001E-002   3.9062500000000000E-002  0.87825958325222209       0.68333577048247585       0.64049630785889111     
   2.9687500000000002E-002   3.9062500000000000E-002  0.87185981466867002       0.68856334645204931       0.63759095953703548     
   3.0468750000000003E-002   3.9062500000000000E-002  0.86526427550727580       0.69373480366694817       0.63462212448547672     
   3.1250000000000000E-002   3.9062500000000000E-002  0.85847853883890513       0.69884883123012265       0.63159087532382829     
   3.2031250000000004E-002   3.9062500000000000E-002  0.85150828695827185       0.70390413282922881       0.62849830750411717     
   3.2812500000000001E-002   3.9062500000000000E-002  0.84435930807139059       0.70889942701191455       0.62534553916131630     
   3.3593749999999999E-002   3.9062500000000000E-002  0.83703749297406560       0.71383344751768962       0.62213371106969384     
   3.4375000000000003E-002   3.9062500000000000E-002  0.82954883173062521       0.71870494369080007       0.61886398671608034     
   3.5156250000000000E-002   3.9062500000000000E-002  0.82189941036479652       0.72351268100496913       0.61553755250132225     
   3.5937500000000004E-002   3.9062500000000000E-002  0.81409540757803689       0.72825544173969858       0.61215561808136210     
   3.6718750000000001E-002   3.9062500000000000E-002  0.80614309150973784       0.73293202585948836       0.60871941685989905     
   3.7500000000000006E-002   3.9062500000000000E-002  0.79804881653502657       0.73754125216092159       0.60523020664601812     
   3.8281250000000003E-002   3.9062500000000000E-002  0.78981902004191717       0.74208195976455082       0.60168927049344345     
   3.9062500000000000E-002   3.9062500000000000E-002  0.78146021905005603       0.74655301003431718       0.59809791774446597     
   3.9843750000000004E-002   3.9062500000000000E-002  0.77297900653848362       0.75095328901137381       0.59445748531301512     
   4.0625000000000001E-002   3.9062500000000000E-002  0.76438204772236829       0.75528171048893200       0.59076933926106634     
   4.1406250000000006E-002   3.9062500000000000E-002  0.75567607758301725       0.75953722002191137       0.58703487675704547     
   4.2187500000000003E-002   3.9062500000000000E-002  0.74686790234405376       0.76371880055918373       0.58325552856569574     
   4.2968750000000000E-002   3.9062500000000000E-002  0.73796440664021445       0.76782548086691871       0.57943276232034457     
   4.3750000000000004E-002   3.9062500000000000E-002  0.72897255851718656       0.77185634757028065       0.57556808697005668     
   4.4531250000000001E-002   3.9062500000000000E-002  0.71989937949957694       0.77581055836098700       0.57166305891596125     
   4.5312500000000006E-002   3.9062500000000000E-002  0.71075181646744601       0.77968734553392260       0.56771929027856638     
   4.6093750000000003E-002   3.9062500000000000E-002  0.70153647666471375       0.78348598889175203       0.56373845921557930     
   4.6875000000000000E-002   3.9062500000000000E-002  0.69225940576216816       0.78720574560311518       0.55972232125394594     
   4.7656250000000004E-002   3.9062500000000000E-002  0.68292663972808076       0.79084579813920697       0.55567272039703464     
   4.8437500000000001E-002   3.9062500000000000E-002  0.67354691369025466       0.79440546527676525       0.55159160272029084     
   4.9218750000000006E-002   3.9062500000000000E-002  0.66413730977790386       0.79788513609399581       0.54748104782774742     
   5.0000000000000003E-002   3.9062500000000000E-002  0.65472770586555307       0.80128817627361892       0.54334335265950717     
   0.0000000000000000        3.9843750000000004E-002  0.94241068575052223       0.46209143965051896       0.69521910559254929     
   7.8125000000000004E-004   3.9843750000000004E-002  0.94567861774117878       0.46846743211691955       0.69515937834029640     
   1.5625000000000001E-003   3.9843750000000004E-002  0.94894654973183534       0.47481732096210155       0.69501667657552313     
   2.3437500000000003E-003   3.9843750000000004E-002  0.95197207034768483       0.48116689007073077       0.69479089400565375     
   3.1250000000000002E-003   3.9843750000000004E-002  0.95467219496891009       0.48751761444135244       0.69448193911100797     
   3.9062500000000000E-003   3.9843750000000004E-002  0.95704789983739191       0.49386452405230802       0.69408975440064291     
   4.6875000000000007E-003   3.9843750000000004E-002  0.95911539712038907       0.50020371760637516       0.69361432780699561     
   5.4687500000000005E-003   3.9843750000000004E-002  0.96088357070314234       0.50653305621152955       0.69305569145692303     
   6.2500000000000003E-003   3.9843750000000004E-002  0.96235462900364777       0.51285113947497540       0.69241391675938291     
   7.0312500000000002E-003   3.9843750000000004E-002  0.96352865233641061       0.51915662499572923       0.69168911135948674     
   7.8125000000000000E-003   3.9843750000000004E-002  0.96440593498404470       0.52544805279915663       0.69088141838035544     
   8.5937500000000007E-003   3.9843750000000004E-002  0.96498740733324351       0.53172387954840339       0.68999101668407037     
   9.3750000000000014E-003   3.9843750000000004E-002  0.96527442403709618       0.53798253223301873       0.68901812126141404     
   1.0156250000000000E-002   3.9843750000000004E-002  0.96526856583932064       0.54422243273347981       0.68796298348783258     
   1.0937500000000001E-002   3.9843750000000004E-002  0.96497156906888981       0.55044200243978803       0.68682589125926963     
   1.1718750000000000E-002   3.9843750000000004E-002  0.96438532349340489       0.55663966123650677       0.68560716904676788     
   1.2500000000000001E-002   3.9843750000000004E-002  0.96351188389292852       0.56281382708600192       0.68430717787213802     
   1.3281250000000001E-002   3.9843750000000004E-002  0.96235347610887911       0.56896291696466039       0.68292631518985270     
   1.4062500000000000E-002   3.9843750000000004E-002  0.96091249723313976       0.57508534838160941       0.68146501466541898     
   1.4843750000000001E-002   3.9843750000000004E-002  0.95919151347108622       0.58117954090184554       0.67992374585171289     
   1.5625000000000000E-002   3.9843750000000004E-002  0.95719325775992925       0.58724391749902582       0.67830301377281732     
   1.6406250000000001E-002   3.9843750000000004E-002  0.95492062764473240       0.59327690575508751       0.67660335842845376     
   1.7187500000000001E-002   3.9843750000000004E-002  0.95237668329113179       0.59927693895425060       0.67482535423278822     
   1.7968750000000002E-002   3.9843750000000004E-002  0.94956464546378205       0.60524245709799351       0.67296960940077732     
   1.8750000000000003E-002   3.9843750000000004E-002  0.94648789339419137       0.61117190784886599       0.67103676529413081     
   1.9531250000000000E-002   3.9843750000000004E-002  0.94314996252768724       0.61706374740394421       0.66902749573770148     
   2.0312500000000001E-002   3.9843750000000004E-002  0.93955454216005807       0.62291644129822810       0.66694250631584562     
   2.1093750000000001E-002   3.9843750000000004E-002  0.93570547297410811       0.62872846513944602       0.66478253365709417     
   2.1875000000000002E-002   3.9843750000000004E-002  0.93160674448250747       0.63449830527664541       0.66254834471442625     
   2.2656250000000003E-002   3.9843750000000004E-002  0.92726249238140213       0.64022445940543771       0.66024073604756162     
   2.3437500000000000E-002   3.9843750000000004E-002  0.92267699581915774       0.64590543711308601       0.65786053311302595     
   2.4218750000000001E-002   3.9843750000000004E-002  0.91785467458507031       0.65153976036694561       0.65540858956727810     
   2.5000000000000001E-002   3.9843750000000004E-002  0.91280008622327502       0.65712596395015910       0.65288578658793028     
   2.5781250000000002E-002   3.9843750000000004E-002  0.90751792307727508       0.66266259584895393       0.65029303221801116     
   2.6562500000000003E-002   3.9843750000000004E-002  0.90201300927055761       0.66814821759639986       0.64763126073832067     
   2.7343750000000000E-002   3.9843750000000004E-002  0.89629029762878054       0.67358140457805504       0.64490143207316741     
   2.8125000000000001E-002   3.9843750000000004E-002  0.89035486654907314       0.67896074630559455       0.64210453123514366     
   2.8906250000000001E-002   3.9843750000000004E-002  0.88421191682210620       0.68428484666530620       0.63924156781504726     
   2.9687500000000002E-002   3.9843750000000004E-002  0.87786676841284805       0.68955232414929790       0.63631357552355505     
   3.0468750000000003E-002   3.9843750000000004E-002  0.87132485720633246       0.69476181207845789       0.63332161179173319     
   3.1250000000000000E-002   3.9843750000000004E-002  0.86459173172537040       0.69991195882770985       0.63026675743786187     
   3.2031250000000004E-002   3.9843750000000004E-002  0.85767304982795345       0.70500142806602695       0.62715011640826879     
   3.2812500000000001E-002   3.9843750000000004E-002  0.85057457539315595       0.71002889902614474       0.62397281559979589     
   3.3593749999999999E-002   3.9843750000000004E-002  0.84330217500587046       0.71499306682216468       0.62073600477106017     
   3.4375000000000003E-002   3.9843750000000004E-002  0.83586181465324549       0.71989264283762666       0.61744085654868086     
   3.5156250000000000E-002   3.9843750000000004E-002  0.82825955644996618       0.72472635521275452       0.61408856653307242     
   3.5937500000000004E-002   3.9843750000000004E-002  0.82050155541509850       0.72949294946825616       0.61068035350623107     
   3.6718750000000001E-002   3.9843750000000004E-002  0.81259405632490578       0.73419118931492000       0.60721745974136132     
   3.7500000000000006E-002   3.9843750000000004E-002  0.80454339064997871       0.73881985771262437       0.60370115141164504     
   3.8281250000000003E-002   3.9843750000000004E-002  0.79635597353291976       0.74337775825607888       0.60013271909380672     
   3.9062500000000000E-002   3.9843750000000004E-002  0.78803830068433178       0.74786371697351794       0.59651347836278212     
   3.9843750000000004E-002   3.9843750000000004E-002  0.77959694508319299       0.75227658463422764       0.59284477047908313     
   4.0625000000000001E-002   3.9843750000000004E-002  0.77103855375443031       0.75661523971091460       0.58912796318459604     
   4.1406250000000006E-002   3.9843750000000004E-002  0.76236984599658220       0.76087859232992905       0.58536445165377415     
   4.2187500000000003E-002   3.9843750000000004E-002  0.75359761586380358       0.76506558997065888       0.58155565971022871     
   4.2968750000000000E-002   3.9843750000000004E-002  0.74472874070954886       0.76917522620059497       0.57770304153341290     
   4.3750000000000004E-002   3.9843750000000004E-002  0.73577018760489910       0.77320655341069811       0.57380808425477026     
   4.4531250000000001E-002   3.9843750000000004E-002  0.72672898355541238       0.77715869714282360       0.56987231202941202     
   4.5312500000000006E-002   3.9843750000000004E-002  0.71761208369622498       0.78103086090738405       0.56589729220212814     
   4.6093750000000003E-002   3.9843750000000004E-002  0.70842609698292214       0.78482229982809193       0.56188464379791903     
   4.6875000000000000E-002   3.9843750000000004E-002  0.69917705525902873       0.78853225016398665       0.55783604771406770     
   4.7656250000000004E-002   3.9843750000000004E-002  0.68987098112460676       0.79215987778173957       0.55375325774244843     
   4.8437500000000001E-002   3.9843750000000004E-002  0.68051668248281849       0.79570449885423433       0.54963811524146933     
   4.9218750000000006E-002   3.9843750000000004E-002  0.67113159200577244       0.79916654825853106       0.54549258283929447     
   5.0000000000000003E-002   3.9843750000000004E-002  0.66174650152872638       0.80254955864725641       0.54131883275593173     
   0.0000000000000000        4.0625000000000001E-002  0.94586819323305549       0.46064150629612899       0.69438262289696062     
   7.8125000000000004E-004   4.0625000000000001E-002  0.94920808567475190       0.46709438058235231       0.69432375501096022     
   1.5625000000000001E-003   4.0625000000000001E-002  0.95254797811644831       0.47352095360123631       0.69418100757818035     
   2.3437500000000003E-003   4.0625000000000001E-002  0.95564543997287044       0.47994695951128946       0.69395429812779430     
   3.1250000000000002E-003   4.0625000000000001E-002  0.95841755817512386       0.48637382583207356       0.69364355892793073     
   3.9062500000000000E-003   4.0625000000000001E-002  0.96086533603271274       0.49279654759081593       0.69324875688853416     
   4.6875000000000007E-003   4.0625000000000001E-002  0.96300493135440246       0.49921119181564078       0.69276990410499606     
   5.4687500000000005E-003   4.0625000000000001E-002  0.96484515245689806       0.50561558288352959       0.69220705578042407     
   6.2500000000000003E-003   4.0625000000000001E-002  0.96638814750475577       0.51200827778945890       0.69156030475416330     
   7.0312500000000002E-003   4.0625000000000001E-002  0.96763395335390701       0.51838788799253477       0.69082977820592817     
   7.8125000000000000E-003   4.0625000000000001E-002  0.96858282852950983       0.52475290579024148       0.69001563689365275     
   8.5937500000000007E-003   4.0625000000000001E-002  0.96923566941749306       0.53110173934625782       0.68911807554916105     
   9.3750000000000014E-003   4.0625000000000001E-002  0.96959379685653280       0.53743276658517736       0.68813732345935574     
   1.0156250000000000E-002   4.0625000000000001E-002  0.96965875818852465       0.54374435982254354       0.68707364492680789     
   1.0937500000000001E-002   4.0625000000000001E-002  0.96943225706102754       0.55003489046743237       0.68592733960269114     
   1.1718750000000000E-002   4.0625000000000001E-002  0.96891615127512398       0.55630272810566173       0.68469874271894404     
   1.2500000000000001E-002   4.0625000000000001E-002  0.96811246419751718       0.56254624016791432       0.68338822521608789     
   1.3281250000000001E-002   4.0625000000000001E-002  0.96702339065923459       0.56876379293085277       0.68199619375160936     
   1.4062500000000000E-002   4.0625000000000001E-002  0.96565129706013508       0.57495375308816099       0.68052309058275162     
   1.4843750000000001E-002   4.0625000000000001E-002  0.96399871919923297       0.58111448932214393       0.67896939333013362     
   1.5625000000000000E-002   4.0625000000000001E-002  0.96206835988691353       0.58724437370602611       0.67733561463640035     
   1.6406250000000001E-002   4.0625000000000001E-002  0.95986308682499133       0.59334178295558582       0.67562230173675486     
   1.7187500000000001E-002   4.0625000000000001E-002  0.95738593062635002       0.59940509957741983       0.67383003595794655     
   1.7968750000000002E-002   4.0625000000000001E-002  0.95464008280017998       0.60543271293960998       0.67195943216084508     
   1.8750000000000003E-002   4.0625000000000001E-002  0.95162889362493375       0.61142302027175188       0.67001113813995061     
   1.9531250000000000E-002   4.0625000000000001E-002  0.94835586989772636       0.61737442759431393       0.66798583399140510     
   2.0312500000000001E-002   4.0625000000000001E-002  0.94482467257016178       0.62328535057689605       0.66588423145941478     
   2.1093750000000001E-002   4.0625000000000001E-002  0.94103911428066567       0.62915421532624904       0.66370707326952927     
   2.1875000000000002E-002   4.0625000000000001E-002  0.93700315678985224       0.63497945910596154       0.66145513245600196     
   2.2656250000000003E-002   4.0625000000000001E-002  0.93272090832372923       0.64075953099033101       0.65912921168948213     
   2.3437500000000000E-002   4.0625000000000001E-002  0.92819662082952403       0.64649289245536112       0.65673014261055818     
   2.4218750000000001E-002   4.0625000000000001E-002  0.92343468714940169       0.65217801791023255       0.65425878517417346     
   2.5000000000000001E-002   4.0625000000000001E-002  0.91843963811771123       0.65781339517304260       0.65171602700964315     
   2.5781250000000002E-002   4.0625000000000001E-002  0.91321613958755976       0.66339752589509360       0.64910278280089728     
   2.6562500000000003E-002   4.0625000000000001E-002  0.90776898939249706       0.66892892593853126       0.64641999369163450     
   2.7343750000000000E-002   4.0625000000000001E-002  0.90210311424907363       0.67440612571269132       0.64366862672025882     
   2.8125000000000001E-002   4.0625000000000001E-002  0.89622356660603830       0.67982767047514137       0.64084967428976880     
   2.8906250000000001E-002   4.0625000000000001E-002  0.89013552144604990       0.68519212060411672       0.63796415367811454     
   2.9687500000000002E-002   4.0625000000000001E-002  0.88384427304604307       0.69049805184989987       0.63501310659489152     
   3.0468750000000003E-002   4.0625000000000001E-002  0.87735523170287610       0.69574405557371344       0.63199759879051332     
   3.1250000000000000E-002   4.0625000000000001E-002  0.87067392043165448       0.70092873898397023       0.62891871972411684     
   3.2031250000000004E-002   4.0625000000000001E-002  0.86380597164524098       0.70605072538132552       0.62577758229625979     
   3.2812500000000001E-002   4.0625000000000001E-002  0.85675712382501046       0.71110865442603521       0.62257532265182380     
   3.3593749999999999E-002   4.0625000000000001E-002  0.84953321819523231       0.71610118244384935       0.61931310005723927     
   3.4375000000000003E-002   4.0625000000000001E-002  0.84214019541721064       0.72102698279041544       0.61599209685397283     
   3.5156250000000000E-002   4.0625000000000001E-002  0.83458409232541997       0.72588474629957200       0.61261351848692835     
   3.5937500000000004E-002   4.0625000000000001E-002  0.82687103873607259       0.73067318184886454       0.60917859360182192     
   3.6718750000000001E-002   4.0625000000000001E-002  0.81900725436373867       0.73539101708691568       0.60568857419960209     
   3.7500000000000006E-002   4.0625000000000001E-002  0.81099904586969174       0.74003699938149781       0.60214473582878769     
   3.8281250000000003E-002   4.0625000000000001E-002  0.80285280401780734       0.74460989706147784       0.59854837778875236     
   3.9062500000000000E-002   4.0625000000000001E-002  0.79457500083968025       0.74910850103671378       0.59490082330973260     
   3.9843750000000004E-002   4.0625000000000001E-002  0.78617218672610079       0.75353162689436182       0.59120341967106449     
   4.0625000000000001E-002   4.0625000000000001E-002  0.77765098776690011       0.75787811763055057       0.58745753822266311     
   4.1406250000000006E-002   4.0625000000000001E-002  0.76901810480093402       0.76214684738503902       0.58366457429583274     
   4.2187500000000003E-002   4.0625000000000001E-002  0.76028031711931454       0.76633672701464306       0.57982594704639068     
   4.2968750000000000E-002   4.0625000000000001E-002  0.75144449273520464       0.77044671292362732       0.57594309939283572     
   4.3750000000000004E-002   4.0625000000000001E-002  0.74251759678309781       0.77447582029154283       0.57201749841653593     
   4.4531250000000001E-002   4.0625000000000001E-002  0.73350666274047782       0.77842313841243849       0.56805063685251311     
   4.5312500000000006E-002   4.0625000000000001E-002  0.72441865802124517       0.78228783689968440       0.56404403647522294     
   4.6093750000000003E-002   4.0625000000000001E-002  0.71526020107463262       0.78606914051024257       0.55999925400997386     
   4.6875000000000000E-002   4.0625000000000001E-002  0.70603732099715188       0.78976625907601372       0.55591788958116128     
   4.7656250000000004E-002   4.0625000000000001E-002  0.69675604322402207       0.79337833728176466       0.55180159757201752     
   4.8437500000000001E-002   4.0625000000000001E-002  0.68742529161917876       0.79690468613844079       0.54765210318941926     
   4.9218750000000006E-002   4.0625000000000001E-002  0.67806295420040552       0.80034579011019014       0.54347123937012198     
   5.0000000000000003E-002   4.0625000000000001E-002  0.66870061678163228       0.80370535795231790       0.53926103608564802     
   0.0000000000000000        4.1406250000000006E-002  0.94930429470995759       0.45916738092177672       0.69353089867937134     
   7.8125000000000004E-004   4.1406250000000006E-002  0.95271626775788487       0.46569714833249276       0.69347305430795925     
   1.5625000000000001E-003   4.1406250000000006E-002  0.95612824080581216       0.47220042476402618       0.69333038446499140     
   2.3437500000000003E-003   4.1406250000000006E-002  0.95929769810899534       0.47870288982999054       0.69310283400038897     
   3.1250000000000002E-003   4.1406250000000006E-002  0.96214186272704261       0.48520591989321682       0.69279036437503672     
   3.9062500000000000E-003   4.1406250000000006E-002  0.96466176876525989       0.49170447300343356       0.69239297084964835     
   4.6875000000000007E-003   4.1406250000000006E-002  0.96687351289292678       0.49819458158694430       0.69191069260271554     
   5.4687500000000005E-003   4.1406250000000006E-002  0.96878582265538915       0.50467402971943964       0.69134361018138368     
   6.2500000000000003E-003   4.1406250000000006E-002  0.97040078265362706       0.51114132794082723       0.69069183956939895     
   7.0312500000000002E-003   4.1406250000000006E-002  0.97171838451786341       0.51759503772382998       0.68995552871963695     
   7.8125000000000000E-003   4.1406250000000006E-002  0.97273885019568995       0.52403359996277765       0.68913485690678467     
   8.5937500000000007E-003   4.1406250000000006E-002  0.97346304163016506       0.53045537089112649       0.68823003537164673     
   9.3750000000000014E-003   4.1406250000000006E-002  0.97389224547781872       0.53685867619253080       0.68724130818987716     
   1.0156250000000000E-002   4.1406250000000006E-002  0.97402797528484952       0.54324183568028217       0.68616895301425251     
   1.0937500000000001E-002   4.1406250000000006E-002  0.97387190155793979       0.54960316805794052       0.68501328166141751     
   1.1718750000000000E-002   4.1406250000000006E-002  0.97342584958022227       0.55594099007097975       0.68377464055539638     
   1.2500000000000001E-002   4.1406250000000006E-002  0.97269181065069754       0.56225361623117120       0.68245341102186252     
   1.3281250000000001E-002   4.1406250000000006E-002  0.97167194784027366       0.56853935985879289       0.68105000942423644     
   1.4062500000000000E-002   4.1406250000000006E-002  0.97036859603021053       0.57479653468834624       0.67956488714536345     
   1.4843750000000001E-002   4.1406250000000006E-002  0.96878425973103155       0.58102345647645237       0.67799853043019653     
   1.5625000000000000E-002   4.1406250000000006E-002  0.96692161070814087       0.58721844444556859       0.67635146011063974     
   1.6406250000000001E-002   4.1406250000000006E-002  0.96478348588225360       0.59337982258230593       0.67462423123427773     
   1.7187500000000001E-002   4.1406250000000006E-002  0.96237288536889787       0.59950592083640564       0.67281743261689686     
   1.7968750000000002E-002   4.1406250000000006E-002  0.95969297048014757       0.60559507624463171       0.67093168633605971     
   1.8750000000000003E-002   4.1406250000000006E-002  0.95674706160947209       0.61164563398517990       0.66896764718032264     
   1.9531250000000000E-002   4.1406250000000006E-002  0.95353863598785538       0.61765594836144300       0.66692600206625119     
   2.0312500000000001E-002   4.1406250000000006E-002  0.95007132532107952       0.62362438371382567       0.66480746943330005     
   2.1093750000000001E-002   4.1406250000000006E-002  0.94634891331855364       0.62954931525980473       0.66261279862489753     
   2.1875000000000002E-002   4.1406250000000006E-002  0.94237533312074817       0.63542912986367495       0.66034276926270308     
   2.2656250000000003E-002   4.1406250000000006E-002  0.93815466463068264       0.64126222673818689       0.65799819061995812     
   2.3437500000000000E-002   4.1406250000000006E-002  0.93369113175488805       0.64704701808082410       0.65557990099909424     
   2.4218750000000001E-002   4.1406250000000006E-002  0.92898909955970965       0.65278192964796589       0.65308876711825303     
   2.5000000000000001E-002   4.1406250000000006E-002  0.92405307134909598       0.65846540127068554       0.65052568351108186     
   2.5781250000000002E-002   4.1406250000000006E-002  0.91888768567008505       0.66409588731645230       0.64789157194406799     
   2.6562500000000003E-002   4.1406250000000006E-002  0.91349771325208140       0.66967185710153343       0.64518738085572014     
   2.7343750000000000E-002   4.1406250000000006E-002  0.90788805388588356       0.67519179525943973       0.64241408482208273     
   2.8125000000000001E-002   4.1406250000000006E-002  0.90206373324833056       0.68065420207133553       0.63957268405332157     
   2.8906250000000001E-002   4.1406250000000006E-002  0.89602989967844049       0.68605759376497921       0.63666420392641354     
   2.9687500000000002E-002   4.1406250000000006E-002  0.88979182091112219       0.69140050278947907       0.63368969455923907     
   3.0468750000000003E-002   4.1406250000000006E-002  0.88335488077498814       0.69668147807399972       0.63065023043152357     
   3.1250000000000000E-002   4.1406250000000006E-002  0.87672457586161567       0.70189908527955902       0.62754691005799867     
   3.2031250000000004E-002   4.1406250000000006E-002  0.86990651217487158       0.70705190705429510       0.62438085571868140     
   3.2812500000000001E-002   4.1406250000000006E-002  0.86290640177082811       0.71213854330413118       0.62115321325010786     
   3.3593749999999999E-002   4.1406250000000006E-002  0.85573005940176206       0.71715761149280444       0.61786515189941593     
   3.4375000000000003E-002   4.1406250000000006E-002  0.84838339918261396       0.72210774698807112       0.61451786424002097     
   3.5156250000000000E-002   4.1406250000000006E-002  0.84087243130625589       0.72698760347515756       0.61111256614284237     
   3.5937500000000004E-002   4.1406250000000006E-002  0.83320325884502255       0.73179585346512654       0.60765049679016570     
   3.6718750000000001E-002   4.1406250000000006E-002  0.82538207468534508       0.73653118893563030       0.60413291870982566     
   3.7500000000000006E-002   4.1406250000000006E-002  0.81741515863597991       0.74119232215429309       0.60056111779517862     
   3.8281250000000003E-002   4.1406250000000006E-002  0.80930887470919810       0.74577798674822260       0.59693640326133623     
   3.9062500000000000E-002   4.1406250000000006E-002  0.80106966850848027       0.75028693909397759       0.59326010747098668     
   3.9843750000000004E-002   4.1406250000000006E-002  0.79270406468445942       0.75471796011905257       0.58953358554566082     
   4.0625000000000001E-002   4.1406250000000006E-002  0.78421866485101355       0.75906985767463564       0.58575821466496669     
   4.1406250000000006E-002   4.1406250000000006E-002  0.77562014754104802       0.76334146986890328       0.58193539295740471     
   4.2187500000000003E-002   4.1406250000000006E-002  0.76691527332484000       0.76753167026145330       0.57806653792309937     
   4.2968750000000000E-002   4.1406250000000006E-002  0.75811089717555824       0.77163937647184688       0.57415308443655622     
   4.3750000000000004E-002   4.1406250000000006E-002  0.74921397950807878       0.77566356355203780       0.57019648259657851     
   4.4531250000000001E-002   4.1406250000000006E-002  0.74023155952573116       0.77960328004756418       0.56619819602661792     
   4.5312500000000006E-002   4.1406250000000006E-002  0.73117061999932764       0.78345765552386171       0.56215970158383100     
   4.6093750000000003E-002   4.1406250000000006E-002  0.72203779834692217       0.78722587697496493       0.55808249157578615     
   4.6875000000000000E-002   4.1406250000000006E-002  0.71283913903209406       0.79090712034084687       0.55396807935663950     
   4.7656250000000004E-002   4.1406250000000006E-002  0.70358068993220091       0.79450050365806923       0.54981800926118485     
   4.8437500000000001E-002   4.1406250000000006E-002  0.69427146610164736       0.79800533071055935       0.54563387498110438     
   4.9218750000000006E-002   4.1406250000000006E-002  0.68492967361077506       0.80142213177752486       0.54141736157042530     
   5.0000000000000003E-002   4.1406250000000006E-002  0.67558788111990276       0.80475478798389055       0.53717034561153765     
   0.0000000000000000        4.2187500000000003E-002  0.95271876561400071       0.45766928552532127       0.69266398994752754     
   7.8125000000000004E-004   4.2187500000000003E-002  0.95620277683057309       0.46427595473559996       0.69260732574773776     
   1.5625000000000001E-003   4.2187500000000003E-002  0.95968678804714547       0.47085594941978876       0.69246484202121128     
   2.3437500000000003E-003   4.2187500000000003E-002  0.96292831410593627       0.47743489547620199       0.69223652384403789     
   3.1250000000000002E-003   4.2187500000000003E-002  0.96584460798700633       0.48401411640820635       0.69192236759309422     
   3.9062500000000000E-003   4.2187500000000003E-002  0.96843671905140505       0.49058852830055943       0.69152240082353544     
   4.6875000000000007E-003   4.2187500000000003E-002  0.97072068079866436       0.49715412460115938       0.69103669280253621     
   5.4687500000000005E-003   4.2187500000000003E-002  0.97270513561952110       0.50370864477072552       0.69046535156372790     
   6.2500000000000003E-003   4.2187500000000003E-002  0.97439210081552463       0.51025054846702533       0.68980851763361062     
   7.0312500000000002E-003   4.2187500000000003E-002  0.97578152135778906       0.51677834286720503       0.68906636062285453     
   7.8125000000000000E-003   4.2187500000000003E-002  0.97687358242430378       0.52329041344995109       0.68823907887251023     
   8.5937500000000007E-003   4.2187500000000003E-002  0.97766911166039205       0.52978506084836718       0.68732690046168698     
   9.3750000000000014E-003   4.2187500000000003E-002  0.97816936163276236       0.53626055516513571       0.68633008446286825     
   1.0156250000000000E-002   4.2187500000000003E-002  0.97837581206085478       0.54271516066796111       0.68524892205908428     
   1.0937500000000001E-002   4.2187500000000003E-002  0.97829010009991824       0.54914714056349623       0.68408373745126771     
   1.1718750000000000E-002   4.2187500000000003E-002  0.97791401810646472       0.55555475616916294       0.68283488854460150     
   1.2500000000000001E-002   4.2187500000000003E-002  0.97724952471595650       0.56193626665255081       0.68150276741359872     
   1.3281250000000001E-002   4.2187500000000003E-002  0.97629875049572756       0.56828993008518114       0.68008780055630758     
   1.4062500000000000E-002   4.2187500000000003E-002  0.97506399795844090       0.57461400506420879       0.67859044896058685     
   1.4843750000000001E-002   4.2187500000000003E-002  0.97354773940603567       0.58090675234541611       0.67701120801140602     
   1.5625000000000000E-002   4.2187500000000003E-002  0.97175261459713336       0.58716643632170373       0.67535060726902629     
   1.6406250000000001E-002   4.2187500000000003E-002  0.96968142869028395       0.59339132636404279       0.67360921014524888     
   1.7187500000000001E-002   4.2187500000000003E-002  0.96733715032009504       0.59957969806853573       0.67178761350108718     
   1.7968750000000002E-002   4.2187500000000003E-002  0.96472290962744423       0.60572983443159811       0.66988644718509627     
   1.8750000000000003E-002   4.2187500000000003E-002  0.96184199616399568       0.61184002695706274       0.66790637352788129     
   1.9531250000000000E-002   4.2187500000000003E-002  0.95869785665951746       0.61790857669269461       0.66584808680516461     
   2.0312500000000001E-002   4.2187500000000003E-002  0.95529409266260379       0.62393379519385728       0.66371231267928377     
   2.1093750000000001E-002   4.2187500000000003E-002  0.95163445806619773       0.62991400541389431       0.66149980762705118     
   2.1875000000000002E-002   4.2187500000000003E-002  0.94772285652603616       0.63584754252227371       0.65921135836044564     
   2.2656250000000003E-002   4.2187500000000003E-002  0.94356333877850762       0.64173275465248569       0.65684778124554666     
   2.3437500000000000E-002   4.2187500000000003E-002  0.93916009986426496       0.64756800358234956       0.65440992172437373     
   2.4218750000000001E-002   4.2187500000000003E-002  0.93451747626424830       0.65335166534996214       0.65189865374382427     
   2.5000000000000001E-002   4.2187500000000003E-002  0.92963994295489172       0.65908213080907463       0.64931487919564235     
   2.5781250000000002E-002   4.2187500000000003E-002  0.92453211038918870       0.66475780612822899       0.64665952737127830     
   2.6562500000000003E-002   4.2187500000000003E-002  0.91919872141000514       0.67037711323851257       0.64393355443556710     
   2.7343750000000000E-002   4.2187500000000003E-002  0.91364464810173329       0.67593849023532215       0.64113794292333570     
   2.8125000000000001E-002   4.2187500000000003E-002  0.90787488858609744       0.68144039174006688       0.63827370126330518     
   2.8906250000000001E-002   4.2187500000000003E-002  0.90189456376776522       0.68688128922831015       0.63534186333393239     
   2.9687500000000002E-002   4.2187500000000003E-002  0.89570891403543340       0.69225967133146493       0.63234348805607532     
   3.0468750000000003E-002   4.2187500000000003E-002  0.88932329592435322       0.69757404411982993       0.62927965902747107     
   3.1250000000000000E-002   4.2187500000000003E-002  0.88274317874694197       0.70282293137551199       0.62615148420386435     
   3.2031250000000004E-002   4.2187500000000003E-002  0.87597414119933581       0.70800487486463926       0.62296009563103016     
   3.2812500000000001E-002   4.2187500000000003E-002  0.86902186795375491       0.71311843461927571       0.61970664923065566     
   3.3593749999999999E-002   4.2187500000000003E-002  0.86189214624984012       0.71816218924070896       0.61639232464074456     
   3.4375000000000003E-002   4.2187500000000003E-002  0.85459086250381699       0.72313473623752966       0.61301832510741716     
   3.5156250000000000E-002   4.2187500000000003E-002  0.84712399896386148       0.72803469241469099       0.60958587741911452     
   3.5937500000000004E-002   4.2187500000000003E-002  0.83949763045393799       0.73286069433435563       0.60609623186552053     
   3.6718750000000001E-002   4.2187500000000003E-002  0.83171792126231447       0.73761139887666205       0.60255066219110509     
   3.7500000000000006E-002   4.2187500000000003E-002  0.82379112223123663       0.74228548393836868       0.59895046549616116     
   3.8281250000000003E-002   4.2187500000000003E-002  0.81572356807206481       0.74688164931733592       0.59529696201575233     
   3.9062500000000000E-002   4.2187500000000003E-002  0.80752167487620741       0.75139861783847151       0.59159149467869798     
   3.9843750000000004E-002   4.2187500000000003E-002  0.79919193783918296       0.75583513679160330       0.58783542831504143     
   4.0625000000000001E-002   4.2187500000000003E-002  0.79074092968049736       0.76018997982315195       0.58403014834406530     
   4.1406250000000006E-002   4.2187500000000003E-002  0.78217530149440573       0.76446194966809178       0.58017705874421865     
   4.2187500000000003E-002   4.2187500000000003E-002  0.77350178939758008       0.76864988266066381       0.57627757910254607     
   4.2968750000000000E-002   4.2187500000000003E-002  0.76472722933517712       0.77275265669346616       0.57233314060695439     
   4.3750000000000004E-002   4.2187500000000003E-002  0.75585857151592040       0.77676920420011597       0.56834518104367160     
   4.4531250000000001E-002   4.2187500000000003E-002  0.74690285733815709       0.78069852839077736       0.56431513924952781     
   4.5312500000000006E-002   4.2187500000000003E-002  0.73786708570145021       0.78453971175547987       0.56024445002036771     
   4.6093750000000003E-002   4.2187500000000003E-002  0.72875792063254530       0.78829189422669699       0.55613454103408611     
   4.6875000000000000E-002   4.2187500000000003E-002  0.71958143777746930       0.79195420711318454       0.55198683376675906     
   4.7656250000000004E-002   4.2187500000000003E-002  0.71034373878506485       0.79552573080396183       0.54780275117042221     
   4.8437500000000001E-002   4.2187500000000003E-002  0.70105402905201897       0.79900575300293719       0.54358373811406802     
   4.9218750000000006E-002   4.2187500000000003E-002  0.69173107571264691       0.80239485331601079       0.53933130916772298     
   5.0000000000000003E-002   4.2187500000000003E-002  0.68240812237327486       0.80569709786118626       0.53504715004257253     
   0.0000000000000000        4.2968750000000000E-002  0.95611023474625800       0.45614744571441890       0.69178195472550763     
   7.8125000000000004E-004   4.2968750000000000E-002  0.95966664091210119       0.46283100680962080       0.69172660687259679     
   1.5625000000000001E-003   4.2968750000000000E-002  0.96322304707794437       0.46948773655052095       0.69158440400033205     
   2.3437500000000003E-003   4.2968750000000000E-002  0.96653679246567570       0.47614319562219004       0.69135537714105777     
   3.1250000000000002E-003   4.2968750000000000E-002  0.96952532157885851       0.48279864490182450       0.69103956557414803     
   3.9062500000000000E-003   4.2968750000000000E-002  0.97218973532822661       0.48944895456690235       0.69063703471750493     
   4.6875000000000007E-003   4.2968750000000000E-002  0.97454600230448218       0.49609007459963006       0.69014788723187115     
   5.4687500000000005E-003   4.2968750000000000E-002  0.97660267322905414       0.50271969474503964       0.68957226028909702     
   6.2500000000000003E-003   4.2968750000000000E-002  0.97836169458718159       0.50933621870927037       0.68891031965321226     
   7.0312500000000002E-003   4.2968750000000000E-002  0.97982296432545268       0.51593809468224017       0.68816225694616573     
   7.8125000000000000E-003   4.2968750000000000E-002  0.98098663134089603       0.52252364845910992       0.68732828969870852     
   8.5937500000000007E-003   4.2968750000000000E-002  0.98185348965888630       0.52909112121005186       0.68640866277272983     
   9.3750000000000014E-003   4.2968750000000000E-002  0.98242475837742405       0.53563872398854584       0.68540365009726556     
   1.0156250000000000E-002   4.2968750000000000E-002  0.98270188383383728       0.54216466240603123       0.68431355628942958     
   1.0937500000000001E-002   4.2968750000000000E-002  0.98268646991783792       0.54866714134886208       0.68313871795447523     
   1.1718750000000000E-002   4.2968750000000000E-002  0.98238027577934173       0.55514436409610324       0.68187950463340863     
   1.2500000000000001E-002   4.2968750000000000E-002  0.98178522680971680       0.56159453201947496       0.68053631942218640     
   1.3281250000000001E-002   4.2968750000000000E-002  0.98090342029039013       0.56801584561736562       0.67910959931878445     
   1.4062500000000000E-002   4.2968750000000000E-002  0.97973712545190417       0.57440650613701649       0.67759981534901292     
   1.4843750000000001E-002   4.2968750000000000E-002  0.97828878139636344       0.58076471722530587       0.67600747251767790     
   1.5625000000000000E-002   4.2968750000000000E-002  0.97656099484312164       0.58708868643842382       0.67433310962330373     
   1.6406250000000001E-002   4.2968750000000000E-002  0.97455653814341303       0.59337662662344837       0.67257729896910190     
   1.7187500000000001E-002   4.2968750000000000E-002  0.97227834741299146       0.59962675721202641       0.67074064599633598     
   1.7968750000000002E-002   4.2968750000000000E-002  0.96972952060437845       0.60583730544534575       0.66882378886079041     
   1.8750000000000003E-002   4.2968750000000000E-002  0.96691331543881576       0.61200650753211450       0.66682739796809953     
   1.9531250000000000E-002   4.2968750000000000E-002  0.96383314718862312       0.61813260973561779       0.66475217547996801     
   2.0312500000000001E-002   4.2968750000000000E-002  0.96049258632230505       0.62421386938672385       0.66259885480046576     
   2.1093750000000001E-002   4.2968750000000000E-002  0.95689535602588560       0.63024855582192341       0.66036820004955454     
   2.1875000000000002E-002   4.2968750000000000E-002  0.95304532961026167       0.63623495124723317       0.65806100552955427     
   2.2656250000000003E-002   4.2968750000000000E-002  0.94894652781260247       0.64217135152989990       0.65567809518925091     
   2.3437500000000000E-002   4.2968750000000000E-002  0.94460311599936997       0.64805606692060758       0.65322032208968628     
   2.4218750000000001E-002   4.2968750000000000E-002  0.94001940127861583       0.65388742270952172       0.65068856787526486     
   2.5000000000000001E-002   4.2968750000000000E-002  0.93519982952909164       0.65966375982009107       0.64808374225362220     
   2.5781250000000002E-002   4.2968750000000000E-002  0.93014898235336707       0.66538343534507249       0.64540678248767913     
   2.6562500000000003E-002   4.2968750000000000E-002  0.92487157396164044       0.67104482302977553       0.64265865290341373     
   2.7343750000000000E-002   4.2968750000000000E-002  0.91937244799238960       0.67664631370802808       0.63984034441709781     
   2.8125000000000001E-002   4.2968750000000000E-002  0.91365657427548630       0.68218631569687394       0.63695287408602541     
   2.8906250000000001E-002   4.2968750000000000E-002  0.90772904554296885       0.68766325515652960       0.63399728468706007     
   2.9687500000000002E-002   4.2968750000000000E-002  0.90159507409238104       0.69307557642265505       0.63097464432759442     
   3.0468750000000003E-002   4.2968750000000000E-002  0.89525998840756127       0.69842174231853471       0.62788604609365017     
   3.1250000000000000E-002   4.2968750000000000E-002  0.88872922974208968       0.70370023445530816       0.62473260773973438     
   3.2031250000000004E-002   4.2968750000000000E-002  0.88200834867147293       0.70890955352892238       0.62151547142450803     
   3.2812500000000001E-002   4.2968750000000000E-002  0.87510300162184296       0.71404821962297926       0.61823580349507057     
   3.3593749999999999E-002   4.2968750000000000E-002  0.86801894738609764       0.71911477252714251       0.61489479432031502     
   3.4375000000000003E-002   4.2968750000000000E-002  0.86076204364421161       0.72410777208136778       0.61149365816985046     
   3.5156250000000000E-002   4.2968750000000000E-002  0.85333824351480903       0.72902579855729677       0.60803363312865089     
   3.5937500000000004E-002   4.2968750000000000E-002  0.84575359218086532       0.73386745309035961       0.60451598102785331     
   3.6718750000000001E-002   4.2968750000000000E-002  0.83801422365061085       0.73863135818010872       0.60094198735765847     
   3.7500000000000006E-002   4.2968750000000000E-002  0.83012635772156218       0.74331615828171227       0.59731296110737020     
   3.8281250000000003E-002   4.2968750000000000E-002  0.82209629719431554       0.74792052051590974       0.59363023444846486     
   3.9062500000000000E-002   4.2968750000000000E-002  0.81393042534205207       0.75244313552553688       0.58989516213716098     
   3.9843750000000004E-002   4.2968750000000000E-002  0.80563520371209207       0.75688271851380973       0.58610912046188091     
   4.0625000000000001E-002   4.2968750000000000E-002  0.79721717084232713       0.76123801056442331       0.58227350549725798     
   4.1406250000000006E-002   4.2968750000000000E-002  0.78868294381902304       0.76550778058995328       0.57838973035361496     
   4.2187500000000003E-002   4.2968750000000000E-002  0.78003922637202960       0.76969082883339246       0.57445922104282587     
   4.2968750000000000E-002   4.2968750000000000E-002  0.77129282632940910       0.77378599365391110       0.57048341056081675     
   4.3750000000000004E-002   4.2968750000000000E-002  0.76245067421929513       0.77779216337180301       0.56646373089664448     
   4.4531250000000001E-002   4.2968750000000000E-002  0.75351980548809072       0.78170829177112666       0.56240160304480735     
   4.5312500000000006E-002   4.2968750000000000E-002  0.74450723159401966       0.78553340674953742       0.55829842582062550     
   4.6093750000000003E-002   4.2968750000000000E-002  0.73541965012329691       0.78926658998775978       0.55415556535417143     
   4.6875000000000000E-002   4.2968750000000000E-002  0.72626319302009434       0.79290691452873929       0.54997434843675463     
   4.7656250000000004E-002   4.2968750000000000E-002  0.71704404707175384       0.79645341058418839       0.54575606463034043     
   4.8437500000000001E-002   4.2968750000000000E-002  0.70777153848530672       0.79990534114798550       0.54150198575087638     
   4.9218750000000006E-002   4.2968750000000000E-002  0.69846465522539114       0.80326331824016495       0.53721342101617253     
   5.0000000000000003E-002   4.2968750000000000E-002  0.68915777196547556       0.80653157236917350       0.53289184374119580     
   0.0000000000000000        4.3750000000000004E-002  0.95947903721826644       0.45460209067254742       0.69088485204983874     
   7.8125000000000004E-004   4.3750000000000004E-002  0.96310777834382877       0.46136254088352752       0.69083093797193906     
   1.5625000000000001E-003   4.3750000000000004E-002  0.96673651946939110       0.46809601900752418       0.69068908470119894     
   2.3437500000000003E-003   4.3750000000000004E-002  0.97012264144127613       0.47482802293824455       0.69045938863687462     
   3.1250000000000002E-003   4.3750000000000004E-002  0.97318355937237766       0.48155974815784325       0.69014193785019984     
   3.9062500000000000E-003   4.3750000000000004E-002  0.97592040747612685       0.48828600957805784       0.68973684234111776     
   4.6875000000000007E-003   4.3750000000000004E-002  0.97834908889022876       0.49500270558461462       0.68924424104458393     
   5.4687500000000005E-003   4.3750000000000004E-002  0.98047805913093278       0.50170746938771960       0.68866430054303318     
   6.2500000000000003E-003   4.3750000000000004E-002  0.98230919588954602       0.50839864313428129       0.68799721147838722     
   7.0312500000000002E-003   4.3750000000000004E-002  0.98384235135053011       0.51507461124379728       0.68724318730040679     
   7.8125000000000000E-003   4.3750000000000004E-002  0.98507763892966071       0.52173363543082407       0.68640246437259023     
   8.5937500000000007E-003   4.3750000000000004E-002  0.98601581996468868       0.52837389339229557       0.68547530380067168     
   9.3750000000000014E-003   4.3750000000000004E-002  0.98665808150292400       0.53499353357963342       0.68446199380886930     
   1.0156250000000000E-002   4.3750000000000004E-002  0.98700583756486260       0.54159069982346453       0.68336285206418612     
   1.0937500000000001E-002   4.3750000000000004E-002  0.98706065919041142       0.54816353587180477       0.68217822741835998     
   1.1718750000000000E-002   4.3750000000000004E-002  0.98682427209511236       0.55471018434716235       0.68090850109848022     
   1.2500000000000001E-002   4.3750000000000004E-002  0.98629856778756553       0.56122878634518170       0.67955408742790124     
   1.3281250000000001E-002   4.3750000000000004E-002  0.98548560937361462       0.56771748242592157       0.67811543422345655     
   1.4062500000000000E-002   4.3750000000000004E-002  0.98438763177351618       0.57417441423028326       0.67659302294522949     
   1.4843750000000001E-002   4.3750000000000004E-002  0.98300703978427695       0.58059772614836103       0.67498736866640663     
   1.5625000000000000E-002   4.3750000000000004E-002  0.98134640595081490       0.58698556686077807       0.67329901990511287     
   1.6406250000000001E-002   4.3750000000000004E-002  0.97940846868406739       0.59333609076114979       0.67152855835669034     
   1.7187500000000001E-002   4.3750000000000004E-002  0.97719613047285803       0.59964745929573948       0.66967659855336004     
   1.7968750000000002E-002   4.3750000000000004E-002  0.97471245601113266       0.60591784223658540       0.66774378747283214     
   1.8750000000000003E-002   4.3750000000000004E-002  0.97196067016381982       0.61214541888767482       0.66573080411057295     
   1.9531250000000000E-002   4.3750000000000004E-002  0.96894415576603288       0.61832837921906558       0.66363835902677459     
   2.0312500000000001E-002   4.3750000000000004E-002  0.96566645127159056       0.62446492492524475       0.66146719387586839     
   2.1093750000000001E-002   4.3750000000000004E-002  0.96213124826746999       0.63055327040665776       0.65921808092463652     
   2.1875000000000002E-002   4.3750000000000004E-002  0.95834238886642975       0.63659164367529020       0.65689182256358880     
   2.2656250000000003E-002   4.3750000000000004E-002  0.95430386298784398       0.64257828718640819       0.65448925081546105     
   2.3437500000000000E-002   4.3750000000000004E-002  0.95001980553588150       0.64851145859937120       0.65201122684413559     
   2.4218750000000001E-002   4.3750000000000004E-002  0.94549449348390524       0.65438943147107864       0.64945864046700552     
   2.5000000000000001E-002   4.3750000000000004E-002  0.94073234287351182       0.66021049588618652       0.64683240967369926     
   2.5781250000000002E-002   4.3750000000000004E-002  0.93573790573598559       0.66597295902876708       0.64413348015412730     
   2.6562500000000003E-002   4.3750000000000004E-002  0.93051586694315236       0.67167514570058662       0.64136282483897988     
   2.7343750000000000E-002   4.3750000000000004E-002  0.92507104099378346       0.67731539879166636       0.63852144345605266     
   2.8125000000000001E-002   4.3750000000000004E-002  0.91940836874086562       0.68289207970927557       0.63561036210610300     
   2.8906250000000001E-002   4.3750000000000004E-002  0.91353291406427073       0.68840356877198661       0.63263063286227905     
   2.9687500000000002E-002   4.3750000000000004E-002  0.90744986049266096       0.69384826557591039       0.62958333339748973     
   3.0468750000000003E-002   4.3750000000000004E-002  0.90116450777792512       0.69922458934068654       0.62646956664430942     
   3.1250000000000000E-002   4.3750000000000004E-002  0.89468226842518683       0.70453097924322061       0.62329046049202352     
   3.2031250000000004E-002   4.3750000000000004E-002  0.88800866418158930       0.70976589474745899       0.62004716752504929     
   3.2812500000000001E-002   4.3750000000000004E-002  0.88114932248794808       0.71492781593861798       0.61674086480594936     
   3.3593749999999999E-002   4.3750000000000004E-002  0.87410997289970904       0.72001524387013982       0.61337275370422273     
   3.4375000000000003E-002   4.3750000000000004E-002  0.86689644348852468       0.72502670093123422       0.60994405976840227     
   3.5156250000000000E-002   4.3750000000000004E-002  0.85951465724574683       0.72996073124231364       0.60645603263297465     
   3.5937500000000004E-002   4.3750000000000004E-002  0.85197062852484751       0.73481590108531147       0.60290994594185010     
   3.6718750000000001E-002   4.3750000000000004E-002  0.84427045958066438       0.73959079937602246       0.59930709725515363     
   3.7500000000000006E-002   4.3750000000000004E-002  0.83642033727499243       0.74428403818549449       0.59564880788295538     
   3.8281250000000003E-002   4.3750000000000004E-002  0.82842653000850652       0.74889425331414305       0.59193642255611179     
   3.9062500000000000E-002   4.3750000000000004E-002  0.82029538491153364       0.75342010491269351       0.58817130879528923     
   3.9843750000000004E-002   4.3750000000000004E-002  0.81203332542137774       0.75786027813713719       0.58435485577292245     
   4.0625000000000001E-002   4.3750000000000004E-002  0.80364684991477542       0.76221348387183452       0.58048847237061296     
   4.1406250000000006E-002   4.3750000000000004E-002  0.79514253351183894       0.76647845978190154       0.57657358401757575     
   4.2187500000000003E-002   4.3750000000000004E-002  0.78652703713619032       0.77065397252793788       0.57261162774424668     
   4.2968750000000000E-002   4.3750000000000004E-002  0.77780712738107205       0.77473882282268280       0.56860404473361814     
   4.3750000000000004E-002   4.3750000000000004E-002  0.76898969985107080       0.77873185519375065       0.56455226955929816     
   4.4531250000000001E-002   4.3750000000000004E-002  0.76008176885495882       0.78263197141293417       0.56045771548420908     
   4.5312500000000006E-002   4.3750000000000004E-002  0.75109034726831092       0.78643813780073013       0.55632175590277333     
   4.6093750000000003E-002   4.3750000000000004E-002  0.74202216325411496       0.79014936526969914       0.55214570363815685     
   4.6875000000000000E-002   4.3750000000000004E-002  0.73288341290370884       0.79376465011843056       0.54793079239488851     
   4.7656250000000004E-002   4.3750000000000004E-002  0.72368041205141287       0.79728294800476385       0.54367816857744722     
   4.8437500000000001E-002   4.3750000000000004E-002  0.71442283617706648       0.80070347108388140       0.53938890692170849     
   4.9218750000000006E-002   4.3750000000000004E-002  0.70513051370350699       0.80402686207342622       0.53506406945020391     
   5.0000000000000003E-002   4.3750000000000004E-002  0.69583819122994750       0.80725753228730512       0.53070482662939134     
   0.0000000000000000        4.4531250000000001E-002  0.96282281425425364       0.45303345312449178       0.68997274196554548     
   7.8125000000000004E-004   4.4531250000000001E-002  0.96652470019758996       0.45987076798852250       0.68992032492522148     
   1.5625000000000001E-003   4.4531250000000001E-002  0.97022658614092627       0.46668101813782792       0.68977887475432109     
   2.3437500000000003E-003   4.4531250000000001E-002  0.97368535258845756       0.47348961835748932       0.68954852895620722     
   3.1250000000000002E-003   4.4531250000000001E-002  0.97681888900216551       0.48029768535189094       0.68922944040561096     
   3.9062500000000000E-003   4.4531250000000001E-002  0.97962836022811939       0.48709997307364306       0.68882177315851900     
   4.6875000000000007E-003   4.4531250000000001E-002  0.98212959201116434       0.49389231734881212       0.68832570233376711     
   5.4687500000000005E-003   4.4531250000000001E-002  0.98433095305405993       0.50067228656382656       0.68774142160425245     
   6.2500000000000003E-003   4.4531250000000001E-002  0.98623427075463388       0.50743815601975761       0.68706914586172485     
   7.0312500000000002E-003   4.4531250000000001E-002  0.98783935233322218       0.51418824191901225       0.68630911004808914     
   7.8125000000000000E-003   4.4531250000000001E-002  0.98914627686167389       0.52092073737575795       0.68546156850647844     
   8.5937500000000007E-003   4.4531250000000001E-002  0.99015577417512202       0.52763375245994970       0.68452679737067901     
   9.3750000000000014E-003   4.4531250000000001E-002  0.99086900235925002       0.53432536945716258       0.68350509812935789     
   1.0156250000000000E-002   4.4531250000000001E-002  0.99128734475062197       0.54099366735478904       0.68239680086012799     
   1.0937500000000001E-002   4.4531250000000001E-002  0.99141234022333591       0.54763672597538227       0.68120226639608950     
   1.1718750000000000E-002   4.4531250000000001E-002  0.99124568065342888       0.55425262464564917       0.67992188764906081     
   1.2500000000000001E-002   4.4531250000000001E-002  0.99078922287468774       0.56083944164687882       0.67855609034476438     
   1.3281250000000001E-002   4.4531250000000001E-002  0.99004499471512808       0.56739525516620348       0.67710533340932444     
   1.4062500000000000E-002   4.4531250000000001E-002  0.98901519558455420       0.57391814491599769       0.67557010910453186     
   1.4843750000000001E-002   4.4531250000000001E-002  0.98770219469820175       0.58040619382831848       0.67395094298923586     
   1.5625000000000000E-002   4.4531250000000001E-002  0.98610852915474223       0.58685748963174245       0.67224839374983814     
   1.6406250000000001E-002   4.4531250000000001E-002  0.98423690217834048       0.59327012631633880       0.67046305294168174     
   1.7187500000000001E-002   4.4531250000000001E-002  0.98209018144000970       0.59964220551811465       0.66859554466754156     
   1.7968750000000002E-002   4.4531250000000001E-002  0.97967139724501007       0.60597183783719633       0.66664652521399959     
   1.8750000000000003E-002   4.4531250000000001E-002  0.97698374053772041       0.61225714408732934       0.66461668265807172     
   1.9531250000000000E-002   4.4531250000000001E-002  0.97403056071451721       0.61849625647119388       0.66250673645330471     
   2.0312500000000001E-002   4.4531250000000001E-002  0.97081536327232087       0.62468731967772151       0.66031743700128365     
   2.1093750000000001E-002   4.4531250000000001E-002  0.96734180731051167       0.63082849190072121       0.65804956521321811     
   2.1875000000000002E-002   4.4531250000000001E-002  0.96361370290326653       0.63691794578007122       0.65570393206505218     
   2.2656250000000003E-002   4.4531250000000001E-002  0.95963500835396365       0.64295386926801357       0.65328137814902609     
   2.3437500000000000E-002   4.4531250000000001E-002  0.95540982734306290       0.64893446642383157       0.65078277322420586     
   2.4218750000000001E-002   4.4531250000000001E-002  0.95094240597953084       0.65485795814080239       0.64820901576837109     
   2.5000000000000001E-002   4.4531250000000001E-002  0.94623712976530316       0.66072258280983420       0.64556103253363617     
   2.5781250000000002E-002   4.4531250000000001E-002  0.94129852048115326       0.66652659692469063       0.64283977810830495     
   2.6562500000000003E-002   4.4531250000000001E-002  0.93613123300127354       0.67226827563416913       0.64004623448766707     
   2.7343750000000000E-002   4.4531250000000001E-002  0.93074005204269705       0.67794591324706432       0.63718141065673972     
   2.8125000000000001E-002   4.4531250000000001E-002  0.92512988885449121       0.68355782369621132       0.63424634218831233     
   2.8906250000000001E-002   4.4531250000000001E-002  0.91930577785048084       0.68910234096838718       0.63124209086003891     
   2.9687500000000002E-002   4.4531250000000001E-002  0.91327287318800654       0.69457781950732411       0.62816974429472139     
   3.0468750000000003E-002   4.4531250000000001E-002  0.90703644529407146       0.69998263459754417       0.62503041562826211     
   3.1250000000000000E-002   4.4531250000000001E-002  0.90060187733910246       0.70531518273711113       0.62182524320996402     
   3.2031250000000004E-002   4.4531250000000001E-002  0.89397466165762585       0.71057388200760652       0.61855539033976759     
   3.2812500000000001E-002   4.4531250000000001E-002  0.88716039611483744       0.71575717244958958       0.61522204504640210     
   3.3593749999999999E-002   4.4531250000000001E-002  0.88016478041834090       0.72086351645127722       0.61182641990901465     
   3.4375000000000003E-002   4.4531250000000001E-002  0.87299361237801487       0.72589139915711054       0.60836975192191833     
   3.5156250000000000E-002   4.4531250000000001E-002  0.86565278412293234       0.73083932890104542       0.60485330239723190     
   3.5937500000000004E-002   4.4531250000000001E-002  0.85814827830041307       0.73570583766702247       0.60127835689137388     
   3.6718750000000001E-002   4.4531250000000001E-002  0.85048616429632262       0.74048948157547001       0.59764622512798649     
   3.7500000000000006E-002   4.4531250000000001E-002  0.84267259453709198       0.74518884138896302       0.59395824086665372     
   3.8281250000000003E-002   4.4531250000000001E-002  0.83471380091829450       0.74980252301762418       0.59021576163331146     
   3.9062500000000000E-002   4.4531250000000001E-002  0.82661609141388637       0.75432915798285682       0.58642016817254683     
   3.9843750000000004E-002   4.4531250000000001E-002  0.81838584700517514       0.75876740377186092       0.58257286340706749     
   4.0625000000000001E-002   4.4531250000000001E-002  0.81002951968179249       0.76311594403573968       0.57867527057098289     
   4.1406250000000006E-002   4.4531250000000001E-002  0.80155363370235333       0.76737348876758948       0.57472883003334418     
   4.2187500000000003E-002   4.4531250000000001E-002  0.79296479456731794       0.77153877511486879       0.57073499408876471     
   4.2968750000000000E-002   4.4531250000000001E-002  0.78426970998060241       0.77561057027911873       0.56669521869905748     
   4.3750000000000004E-002   4.4531250000000001E-002  0.77547521721834778       0.77958767819906483       0.56261095074397549     
   4.4531250000000001E-002   4.4531250000000001E-002  0.76658828163050985       0.78346894909259945       0.55848360909433847     
   4.5312500000000006E-002   4.4531250000000001E-002  0.75761589147829012       0.78725328285692475       0.55431455800829932     
   4.6093750000000003E-002   4.4531250000000001E-002  0.74856479427477995       0.79093960700704080       0.55010507325345248     
   4.6875000000000000E-002   4.4531250000000001E-002  0.73944127115484326       0.79452682047457202       0.54585630527718942     
   4.7656250000000004E-002   4.4531250000000001E-002  0.73025179042238419       0.79801378045512517       0.54156925086923902     
   4.8437500000000001E-002   4.4531250000000001E-002  0.72100614688748466       0.80139962442772350       0.53724475280621831     
   4.9218750000000006E-002   4.4531250000000001E-002  0.71172412485834613       0.80468496964885339       0.53288356054224029     
   5.0000000000000003E-002   4.4531250000000001E-002  0.70244210282920760       0.80787433470521297       0.52848650409346931     
   0.0000000000000000        4.5312500000000006E-002  0.96614424338035521       0.45144176930129687       0.68904568552213064     
   7.8125000000000004E-004   4.5312500000000006E-002  0.96991840768432858       0.45835597986846094       0.68899478026008953     
   1.5625000000000001E-003   4.5312500000000006E-002  0.97369257198830195       0.46524301412547248       0.68885372691871749     
   2.3437500000000003E-003   4.5312500000000006E-002  0.97722420932476006       0.47212824942460296       0.68862271582054457     
   3.1250000000000002E-003   4.5312500000000006E-002  0.98043080163809104       0.47901274279482403       0.68830198791360364     
   3.9062500000000000E-003   4.5312500000000006E-002  0.98331317971169940       0.48589115683958534       0.68789174764798433     
   4.6875000000000007E-003   4.5312500000000006E-002  0.98588712215827212       0.49275924314963326       0.68739219713470678     
   5.4687500000000005E-003   4.5312500000000006E-002  0.98816097470767861       0.49961449780353490       0.68680355326323250     
   6.2500000000000003E-003   4.5312500000000006E-002  0.99013654601628709       0.50645512618860711       0.68612605822178085     
   7.0312500000000002E-003   4.5312500000000006E-002  0.99181359502003352       0.51327937181201011       0.68535996840228064     
   7.8125000000000000E-003   4.5312500000000006E-002  0.99319216983077752       0.52008535412563484       0.68450555473702224     
   8.5937500000000007E-003   4.5312500000000006E-002  0.99427297311887197       0.52687111122791530       0.68356310611785898     
   9.3750000000000014E-003   4.5312500000000006E-002  0.99505713953293129       0.53363465583790193       0.68253293589589004     
   1.0156250000000000E-002   4.5312500000000006E-002  0.99554602347228394       0.54037399917463824       0.68141538574981686     
   1.0937500000000001E-002   4.5312500000000006E-002  0.99574113204570391       0.54708715435871258       0.68021082825869683     
   1.1718750000000000E-002   4.5312500000000006E-002  0.99564412234624600       0.55377213468622388       0.67891966801831294     
   1.2500000000000001E-002   4.5312500000000006E-002  0.99525681541030464       0.56042695295761480       0.67754234233913624     
   1.3281250000000001E-002   4.5312500000000006E-002  0.99458120234270275       0.56704962242898460       0.67607932152246941     
   1.4062500000000000E-002   4.5312500000000006E-002  0.99361944558356663       0.57363815846260213       0.67453110896895518     
   1.4843750000000001E-002   4.5312500000000006E-002  0.99237387724695703       0.58019058025975478       0.67289824109694429     
   1.5625000000000000E-002   4.5312500000000006E-002  0.99084699753599648       0.58670491247789724       0.67118128716444403     
   1.6406250000000001E-002   4.5312500000000006E-002  0.98904147310272172       0.59317918673760361       0.66938084900778916     
   1.7187500000000001E-002   4.5312500000000006E-002  0.98696013551766204       0.59961144304766356       0.66749756073711375     
   1.7968750000000002E-002   4.5312500000000006E-002  0.98460597950569806       0.60599973116122785       0.66553208839753542     
   1.8750000000000003E-002   4.5312500000000006E-002  0.98198216099297497       0.61234211185968290       0.66348512960980488     
   1.9531250000000000E-002   4.5312500000000006E-002  0.97909199492162258       0.61863665815932534       0.66135741319435137     
   2.0312500000000001E-002   4.5312500000000006E-002  0.97593895289209631       0.62488145643771675       0.65914969878388541     
   2.1093750000000001E-002   4.5312500000000006E-002  0.97252666064248461       0.63107460747996957       0.65686277642693625     
   2.1875000000000002E-002   4.5312500000000006E-002  0.96885889539279602       0.63721422744694445       0.65449746618492655     
   2.2656250000000003E-002   4.5312500000000006E-002  0.96493958306473604       0.64329844876853892       0.65205461772459616     
   2.3437500000000000E-002   4.5312500000000006E-002  0.96077279539246641       0.64932542096582091       0.64953510990764440     
   2.4218750000000001E-002   4.5312500000000006E-002  0.95636274693484780       0.65529331140627101       0.64693985037933643     
   2.5000000000000001E-002   4.5312500000000006E-002  0.95171379200022765       0.66120030599680824       0.64426977515796036     
   2.5781250000000002E-002   4.5312500000000006E-002  0.94683042149253960       0.66704460981969160       0.64152584822717507     
   2.6562500000000003E-002   4.5312500000000006E-002  0.94171725968645337       0.67282444771679717       0.63870906113354398     
   2.7343750000000000E-002   4.5312500000000006E-002  0.93637906093765566       0.67853806482819812       0.63582043259186083     
   2.8125000000000001E-002   4.5312500000000006E-002  0.93082070633281266       0.68418372709143405       0.63286100810123913     
   2.8906250000000001E-002   4.5312500000000006E-002  0.92504720028219334       0.68975972170834476       0.62983185957536114     
   2.9687500000000002E-002   4.5312500000000006E-002  0.91906366705602482       0.69526435758686145       0.62673408499071992     
   3.0468750000000003E-002   4.5312500000000006E-002  0.91287534726381014       0.70069596576566107       0.62356880805714077     
   3.1250000000000000E-002   4.5312500000000006E-002  0.90648759427375292       0.70605289983005115       0.62033717791524257     
   3.2031250000000004E-002   4.5312500000000006E-002  0.89990587056664606       0.71133353632773977       0.61704036886572466     
   3.2812500000000001E-002   4.5312500000000006E-002  0.89313574401772389       0.71653627519316887       0.61367958013526713     
   3.3593749999999999E-002   4.5312500000000006E-002  0.88618288409475598       0.72165954018851608       0.61025603568311770     
   3.4375000000000003E-002   4.5312500000000006E-002  0.87905305796722544       0.72670177936828884       0.60677098405075613     
   3.5156250000000000E-002   4.5312500000000006E-002  0.87175212651124001       0.73166146557194423       0.60322569825352979     
   3.5937500000000004E-002   4.5312500000000006E-002  0.86428604022612399       0.73653709694557512       0.59962147570693269     
   3.6718750000000001E-002   4.5312500000000006E-002  0.85666083504901158       0.74132719748720288       0.59595963816911002     
   3.7500000000000006E-002   4.5312500000000006E-002  0.84888262812819604       0.74603031760025262       0.59224153166240345     
   3.8281250000000003E-002   4.5312500000000006E-002  0.84095761350140641       0.75064503461800203       0.58846852630545698     
   3.9062500000000000E-002   4.5312500000000006E-002  0.83289205779820386       0.75516995322787506       0.58464201593548448     
   3.9843750000000004E-002   4.5312500000000006E-002  0.82469229596133142       0.75960370567615465       0.58076341732027670     
   4.0625000000000001E-002   4.5312500000000006E-002  0.81636472797510584       0.76394495162628651       0.57683416863231840     
   4.1406250000000006E-002   4.5312500000000006E-002  0.80791581846294336       0.76819237766835191       0.57285572667784757     
   4.2187500000000003E-002   4.5312500000000006E-002  0.79935210408900670       0.77234469690222640       0.56882956208272006     
   4.2968750000000000E-002   4.5312500000000006E-002  0.79068021257587739       0.77640064963482602       0.56475715121573355     
   4.3750000000000004E-002   4.5312500000000006E-002  0.78190689065892294       0.78035900632011101       0.56063996287940321     
   4.4531250000000001E-002   4.5312500000000006E-002  0.77303900822882932       0.78421857128556494       0.55647943684668866     
   4.5312500000000006E-002   4.5312500000000006E-002  0.76408347313253733       0.78797817857506958       0.55227695026040857     
   4.6093750000000003E-002   4.5312500000000006E-002  0.75504699811023168       0.79163666263938604       0.54803376873962795     
   4.6875000000000000E-002   4.5312500000000006E-002  0.74593591631588496       0.79519279942272780       0.54375098367739449     
   4.7656250000000004E-002   4.5312500000000006E-002  0.73675690544482797       0.79864530035394743       0.53942945030542933     
   4.8437500000000001E-002   4.5312500000000006E-002  0.72752043566135183       0.80199316491211037       0.53506975818368985     
   4.9218750000000006E-002   4.5312500000000006E-002  0.71824789656775412       0.80523697254684301       0.53067227706059716     
   5.0000000000000003E-002   4.5312500000000006E-002  0.70897535747415641       0.80838137332523308       0.52623728688759142     
   0.0000000000000000        4.6093750000000003E-002  0.96943883688497701       0.44982727890469187       0.68810374476948932     
   7.8125000000000004E-004   4.6093750000000003E-002  0.97328598842337211       0.45681835344029603       0.68805421367385999     
   1.5625000000000001E-003   4.6093750000000003E-002  0.97713313996176721       0.46378221030798117       0.68791346241983675     
   2.3437500000000003E-003   4.6093750000000003E-002  0.98073843391549098       0.47074419292817632       0.68768175046240865     
   3.1250000000000002E-003   4.6093750000000003E-002  0.98401859194570829       0.47770525505720707       0.68735941737439432     
   3.9062500000000000E-003   4.6093750000000003E-002  0.98697421806609997       0.48465992227313737       0.68694663237534026     
   4.6875000000000007E-003   4.6093750000000003E-002  0.98962102821765519       0.49160385886632973       0.68644360430467699     
   5.4687500000000005E-003   4.6093750000000003E-002  0.99196751602423339       0.49853449327772881       0.68585057984325037     
   6.2500000000000003E-003   4.6093750000000003E-002  0.99401541808265437       0.50544996117616214       0.68516784042875833     
   7.0312500000000002E-003   4.6093750000000003E-002  0.99576447177086580       0.51234842560505856       0.68439566432573995     
   7.8125000000000000E-003   4.6093750000000003E-002  0.99721469427215370       0.51922792595500711       0.68353433640299022     
   8.5937500000000007E-003   4.6093750000000003E-002  0.99836678442499183       0.52608642379711112       0.68258415486108570     
   9.3750000000000014E-003   4.6093750000000003E-002  0.99922185518236606       0.53292185939555348       0.68154544335163092     
   1.0156250000000000E-002   4.6093750000000003E-002  0.99978123539066477       0.53973217336435431       0.68041855437960075     
   1.0937500000000001E-002   4.6093750000000003E-002   1.0000463975124363       0.54651530924035518       0.67920387217553158     
   1.1718750000000000E-002   4.6093750000000003E-002   1.0000189628836256       0.55326921128099305       0.67790181305133523     
   1.2500000000000001E-002   4.6093750000000003E-002  0.99970071441993635       0.55999182390217683       0.67651282608841390     
   1.3281250000000001E-002   4.6093750000000003E-002  0.99909360486304621       0.56668109266827527       0.67503739318078715     
   1.4062500000000000E-002   4.6093750000000003E-002  0.99819975763656754       0.57333496603486789       0.67347602914522220     
   1.4843750000000001E-002   4.6093750000000003E-002  0.99702146600381680       0.57995139711225852       0.67182928155804533     
   1.5625000000000000E-002   4.6093750000000003E-002  0.99556119153068090       0.58652834532942566       0.67009773057822564     
   1.6406250000000001E-002   4.6093750000000003E-002  0.99382156277745337       0.59306377797030640       0.66828198867285071     
   1.7187500000000001E-002   4.6093750000000003E-002  0.99180537381087719       0.59955567163068268       0.66638270033499680     
   1.7968750000000002E-002   4.6093750000000003E-002  0.98951558253161997       0.60600201359639427       0.66440054176771712     
   1.8750000000000003E-002   4.6093750000000003E-002  0.98695530871732939       0.61240080314687473       0.66233622056047159     
   1.9531250000000000E-002   4.6093750000000003E-002  0.98412783183917807       0.61875005277718598       0.66019047534955466     
   2.0312500000000001E-002   4.6093750000000003E-002  0.98103658867518939       0.62504778933904381       0.65796407547063540     
   2.1093750000000001E-002   4.6093750000000003E-002  0.97768517075785288       0.63129205510140540       0.65565782060158628     
   2.1875000000000002E-002   4.6093750000000003E-002  0.97407732167643657       0.63748090873415308       0.65327254039860938     
   2.2656250000000003E-002   4.6093750000000003E-002  0.97021693425286670       0.64361242621847314       0.65080909412591081     
   2.3437500000000000E-002   4.6093750000000003E-002  0.96610804760604618       0.64968470168830461       0.64826837028057405     
   2.4218750000000001E-002   4.6093750000000003E-002  0.96175484411781365       0.65569584820734828       0.64565128621366297     
   2.5000000000000001E-002   4.6093750000000003E-002  0.95716164631204392       0.66164399848650801       0.64295878774910142     
   2.5781250000000002E-002   4.6093750000000003E-002  0.95233291365652251       0.66752730554689466       0.64019184880190272     
   2.6562500000000003E-002   4.6093750000000003E-002  0.94727323929559060       0.67334394333388303       0.63735147099765910     
   2.7343750000000000E-002   4.6093750000000003E-002  0.94198734671967810       0.67909210728808467       0.63443868329546904     
   2.8125000000000001E-002   4.6093750000000003E-002  0.93648008637605351       0.68477001487954781       0.63145454161683767     
   2.8906250000000001E-002   4.6093750000000003E-002  0.93075643222297200       0.69037590611200506       0.62840012848350302     
   2.9687500000000002E-002   4.6093750000000003E-002  0.92482147822720429       0.69590804400456385       0.62527655266758364     
   3.0468750000000003E-002   4.6093750000000003E-002  0.91868043480197337       0.70136471505885400       0.62208494885795196     
   3.1250000000000000E-002   4.6093750000000003E-002  0.91233862517953590       0.70674422972024853       0.61882647734726770     
   3.2031250000000004E-002   4.6093750000000003E-002  0.90580148170789465       0.71204492284231213       0.61550232374451264     
   3.2812500000000001E-002   4.6093750000000003E-002  0.89907454205831905       0.71726515416385861       0.61211369871841281     
   3.3593749999999999E-002   4.6093750000000003E-002  0.89216344532205538       0.72240330880790948       0.60866183777679128     
   3.4375000000000003E-002   4.6093750000000003E-002  0.88507392797608964       0.72745779781078046       0.60514800108713374     
   3.5156250000000000E-002   4.6093750000000003E-002  0.87781181968311606       0.73242705868777136       0.60157347334070777     
   3.5937500000000004E-002   4.6093750000000003E-002  0.87038303890970070       0.73730955603793147       0.59793956366125867     
   3.6718750000000001E-002   4.6093750000000003E-002  0.86279358830911812       0.74210378218422979       0.59424760554879341     
   3.7500000000000006E-002   4.6093750000000003E-002  0.85504954986450155       0.74680825783174853       0.59049895684133791     
   3.8281250000000003E-002   4.6093750000000003E-002  0.84715707966324383       0.75142153270153944       0.58669499964636007     
   3.9062500000000000E-002   4.6093750000000003E-002  0.83912240233251856       0.75594218605065200       0.58283714016320931     
   3.9843750000000004E-002   4.6093750000000003E-002  0.83095180505636002       0.76036882692703389       0.57892680823222054     
   4.0625000000000001E-002   4.6093750000000003E-002  0.82265163215835047       0.76470009396766858       0.57496545634635809     
   4.1406250000000006E-002   4.6093750000000003E-002  0.81422828196570418       0.76893465462999122       0.57095455764482317     
   4.2187500000000003E-002   4.6093750000000003E-002  0.80568821065982688       0.77307120405425533       0.56689560212647649     
   4.2968750000000000E-002   4.6093750000000003E-002  0.79703794565069708       0.77710846413330503       0.56279008977933087     
   4.3750000000000004E-002   4.6093750000000003E-002  0.78828410585589581       0.78104518295791048       0.55863951843971726     
   4.4531250000000001E-002   4.6093750000000003E-002  0.77943339897018071       0.78488013166236492       0.55444536256585608     
   4.5312500000000006E-002   4.6093750000000003E-002  0.77049254823374580       0.78861208859212706       0.55020903652079689     
   4.6093750000000003E-002   4.6093750000000003E-002  0.76146811797218061       0.79223979483186879       0.54593183372513676     
   4.6875000000000000E-002   4.6093750000000003E-002  0.75236645722538953       0.79576188501970846       0.54161483427694301     
   4.7656250000000004E-002   4.6093750000000003E-002  0.74319449288904726       0.79917689204645936       0.53725878775647740     
   4.8437500000000001E-002   4.6093750000000003E-002  0.73396278210012800       0.80248363380673049       0.53286400758545160     
   4.9218750000000006E-002   4.6093750000000003E-002  0.72469181373766223       0.80568250510512240       0.52843037204941168     
   5.0000000000000003E-002   4.6093750000000003E-002  0.71542084537519646       0.80877807875164176       0.52395759103605966     
   0.0000000000000000        4.6875000000000000E-002  0.97271602374516231       0.44819022507099182       0.68714698275375541     
   7.8125000000000004E-004   4.6875000000000000E-002  0.97663183637800133       0.45525810149638263       0.68709862362937424     
   1.5625000000000001E-003   4.6875000000000000E-002  0.98054764901084035       0.46229885367705970       0.68695768255267953     
   2.3437500000000003E-003   4.6875000000000000E-002  0.98422767844663317       0.46933780810279380       0.68672527715274068     
   3.1250000000000002E-003   4.6875000000000000E-002  0.98758120393363236       0.47637565493804457       0.68640144402454262     
   3.9062500000000000E-003   4.6875000000000000E-002  0.99061036527310653       0.48340670232696253       0.68598619703872743     
   4.6875000000000007E-003   4.6875000000000000E-002  0.99333015344481868       0.49042658917541276       0.68547969527510433     
   5.4687500000000005E-003   4.6875000000000000E-002  0.99574955540071552       0.49743270453744670       0.68488228067895285     
   6.2500000000000003E-003   4.6875000000000000E-002  0.99786984009884749       0.50442310952833436       0.68419427823555967     
   7.0312500000000002E-003   4.6875000000000000E-002  0.99969092296223083       0.51139586956407612       0.68341599628869543     
   7.8125000000000000E-003   4.6875000000000000E-002   1.0012127477807955       0.51834893541912230       0.68254772326133062     
   8.5937500000000007E-003   4.6875000000000000E-002   1.0024360929994245       0.52528018779887276       0.68158976565921847     
   9.3750000000000014E-003   4.6875000000000000E-002   1.0033620224230344       0.53218749230604567       0.68054245426455284     
   1.0156250000000000E-002   4.6875000000000000E-002   1.0039918537307793       0.53906871590796512       0.67940615290364137     
   1.0937500000000001E-002   4.6875000000000000E-002   1.0043270097927783       0.54592172925125015       0.67818125688344510     
   1.1718750000000000E-002   4.6875000000000000E-002   1.0043690787783381       0.55274440401728953       0.67686819458202885     
   1.2500000000000001E-002   4.6875000000000000E-002   1.0041197991207598       0.55953461295896545       0.67546742675156524     
   1.3281250000000001E-002   4.6875000000000000E-002   1.0035810845362525       0.56629023091163389       0.67397944708336499     
   1.4062500000000000E-002   4.6875000000000000E-002   1.0027550157780116       0.57300913671111209       0.67240478188503050     
   1.4843750000000001E-002   4.6875000000000000E-002   1.0016438456461338       0.57968921493375347       0.67074399008962993     
   1.5625000000000000E-002   4.6875000000000000E-002   1.0002499946897867       0.58632835761017843       0.66899766293970353     
   1.6406250000000001E-002   4.6875000000000000E-002  0.99857605184572329       0.59292446575495661       0.66716642378616942     
   1.7187500000000001E-002   4.6875000000000000E-002  0.99662477204261191       0.59947545083824327       0.66525092778570671     
   1.7968750000000002E-002   4.6875000000000000E-002  0.99439907510141723       0.60597923615623950       0.66325186163538608     
   1.8750000000000003E-002   4.6875000000000000E-002  0.99190204345553390       0.61243375813214573       0.66116994327000322     
   1.9531250000000000E-002   4.6875000000000000E-002  0.98913692010145482       0.61883696752941186       0.65900592156477000     
   2.0312500000000001E-002   4.6875000000000000E-002  0.98610710607454222       0.62518683058799596       0.65676057601992899     
   2.1093750000000001E-002   4.6875000000000000E-002  0.98281615789286048       0.63148133008137208       0.65443471644072049     
   2.1875000000000002E-002   4.6875000000000000E-002  0.97926778477700638       0.63771846630119911       0.65202918260612897     
   2.2656250000000003E-002   4.6875000000000000E-002  0.97546584578189865       0.64389625797251315       0.64954484393082601     
   2.3437500000000000E-002   4.6875000000000000E-002  0.97141434679707972       0.65001274310480228       0.64698259911903044     
   2.4218750000000001E-002   4.6875000000000000E-002  0.96711743746101186       0.65606597978316950       0.64434337581222922     
   2.5000000000000001E-002   4.6875000000000000E-002  0.96257940798600594       0.66205404690457526       0.64162813023129173     
   2.5781250000000002E-002   4.6875000000000000E-002  0.95780468591161105       0.66797504486400172       0.63883784681450684     
   2.6562500000000003E-002   4.6875000000000000E-002  0.95279783279144548       0.67382709619580683       0.63597353785292254     
   2.7343750000000000E-002   4.6875000000000000E-002  0.94756354082071281       0.67960834617576860       0.63303624312476048     
   2.8125000000000001E-002   4.6875000000000000E-002  0.94210662940905388       0.68531696338979697       0.63002702953098599     
   2.8906250000000001E-002   4.6875000000000000E-002  0.93643204169932137       0.69095114027577276       0.62694699073436166     
   2.9687500000000002E-002   4.6875000000000000E-002  0.93054484103278645       0.69650909364560532       0.62379724680488347     
   3.0468750000000003E-002   4.6875000000000000E-002  0.92445020735603878       0.70198906519535842       0.62057894387485524     
   3.1250000000000000E-002   4.6875000000000000E-002  0.91815343355809576       0.70738932201195404       0.61729325380732425     
   3.2031250000000004E-002   4.6875000000000000E-002  0.91165992173487498       0.71270815708603530       0.61394137388290504     
   3.2812500000000001E-002   4.6875000000000000E-002  0.90497517933256433       0.71794388984070434       0.61052452650862465     
   3.3593749999999999E-002   4.6875000000000000E-002  0.89810481520067498       0.72309486668726353       0.60704395895789820     
   3.4375000000000003E-002   4.6875000000000000E-002  0.89105453539884150       0.72815946161724254       0.60350094314107083     
   3.5156250000000000E-002   4.6875000000000000E-002  0.88383013892382456       0.73313607684194626       0.59989677542579023     
   3.5937500000000004E-002   4.6875000000000000E-002  0.87643751291571947       0.73802314348383913       0.59623277648914419     
   3.6718750000000001E-002   4.6875000000000000E-002  0.86888262790164195       0.74281912232596703       0.59251029124497900     
   3.7500000000000006E-002   4.6875000000000000E-002  0.86117153191466589       0.74752250460338732       0.58873068877389567     
   3.8281250000000003E-002   4.6875000000000000E-002  0.85331034497060820       0.75213181281048092       0.58489536235165862     
   3.9062500000000000E-002   4.6875000000000000E-002  0.84530525109700916       0.75664560142745463       0.58100572935542028     
   3.9843750000000004E-002   4.6875000000000000E-002  0.83716249176268642       0.76106245742927270       0.57706323124329995     
   4.0625000000000001E-002   4.6875000000000000E-002  0.82888835526080085       0.76538100033652801       0.57306933299076768     
   4.1406250000000006E-002   4.6875000000000000E-002  0.82048917304393632       0.76959988167488569       0.56902552232065440     
   4.2187500000000003E-002   4.6875000000000000E-002  0.81197131260761668       0.77371778383720535       0.56493330697498068     
   4.2968750000000000E-002   4.6875000000000000E-002  0.80334119016397632       0.77773341865401802       0.56079421049790956     
   4.3750000000000004E-002   4.6875000000000000E-002  0.79460526105496254       0.78164552478972482       0.55660976152670272     
   4.4531250000000001E-002   4.6875000000000000E-002  0.78577001180430195       0.78545285914275753       0.55238147720044395     
   4.5312500000000006E-002   4.6875000000000000E-002  0.77684182904368748       0.78915416837584962       0.54811082618324702     
   4.6093750000000003E-002   4.6875000000000000E-002  0.76782690406431053       0.79274812159177710       0.54379917083699436     
   4.6875000000000000E-002   4.6875000000000000E-002  0.75873126103104993       0.79623320849322798       0.53944765023774410     
   4.7656250000000004E-002   4.6875000000000000E-002  0.74956216048330138       0.79960771635193573       0.53505702076858208     
   4.8437500000000001E-002   4.6875000000000000E-002  0.74033201688812478       0.80287014155690262       0.53062741567963723     
   4.9218750000000006E-002   4.6875000000000000E-002  0.73106604093860950       0.80602068127875048       0.52615819829397836     
   5.0000000000000003E-002   4.6875000000000000E-002  0.72180006498909421       0.80906391876647943       0.52164783773439616     
   0.0000000000000000        4.7656250000000004E-002  0.97595142120011358       0.44653085433448259       0.68617546351308234     
   7.8125000000000004E-004   4.7656250000000004E-002  0.97994547129267096       0.45367457657513499       0.68612781713361892     
   1.5625000000000001E-003   4.7656250000000004E-002  0.98393952138522833       0.46079276993587537       0.68598565929151434     
   2.3437500000000003E-003   4.7656250000000004E-002  0.98769343269131626       0.46790955730812916       0.68575292910757613     
   3.1250000000000002E-003   4.7656250000000004E-002  0.99111783523681229       0.47502449879184561       0.68542766355486939     
   3.9062500000000000E-003   4.7656250000000004E-002  0.99422016245275979       0.48213200578914106       0.68501009588466788     
   4.6875000000000007E-003   4.7656250000000004E-002  0.99701327595773348       0.48922789972648151       0.68450006963784060     
   5.4687500000000005E-003   4.7656250000000004E-002  0.99950595696204103       0.49630960369840837       0.68389827737344588     
   6.2500000000000003E-003   4.7656250000000004E-002   1.0016986626526390       0.50337505802213978       0.68320498846539801     
   7.0312500000000002E-003   4.7656250000000004E-002   1.0035917236435457       0.51042220966501695       0.68242059881472728     
   7.8125000000000000E-003   4.7656250000000004E-002   1.0051850583894384       0.51744890536021981       0.68154535548425388     
   8.5937500000000007E-003   4.7656250000000004E-002   1.0064795984062596       0.52445294451758084       0.68057959166191673     
   9.3750000000000014E-003   4.7656250000000004E-002   1.0074763298580685       0.53143211408524882       0.67952363172671748     
   1.0156250000000000E-002   4.7656250000000004E-002   1.0081765624692736       0.53838420445874713       0.67837785784473592     
   1.0937500000000001E-002   4.7656250000000004E-002   1.0085816522636042       0.54530700854701053       0.67714267199768963     
   1.1718750000000000E-002   4.7656250000000004E-002   1.0086931540945920       0.55219832148439729       0.67581851687861894     
   1.2500000000000001E-002   4.7656250000000004E-002   1.0085127544786026       0.55905594040339546       0.67440586326792107     
   1.3281250000000001E-002   4.7656250000000004E-002   1.0080423264277731       0.56587766619462898       0.67290521730728914     
   1.4062500000000000E-002   4.7656250000000004E-002   1.0072839036240213       0.57266130516356106       0.67131711618017353     
   1.4843750000000001E-002   4.7656250000000004E-002   1.0062396963455511       0.57940467091781911       0.66964213038874676     
   1.5625000000000000E-002   4.7656250000000004E-002   1.0049120813635075       0.58610558594989715       0.66788086210187469     
   1.6406250000000001E-002   4.7656250000000004E-002   1.0033036062846685       0.59276188318946421       0.66603394573011321     
   1.7187500000000001E-002   4.7656250000000004E-002   1.0014169850988106       0.59937140740366124       0.66410204720611155     
   1.7968750000000002E-002   4.7656250000000004E-002  0.99925509822820902       0.60593201654455409       0.66208586399596459     
   1.8750000000000003E-002   4.7656250000000004E-002  0.99682098950447084       0.61244158299817053       0.65998612468531759     
   1.9531250000000000E-002   4.7656250000000004E-002  0.99411786443152672       0.61889799476603469       0.65780358878993928     
   2.0312500000000001E-002   4.7656250000000004E-002  0.99114908737101381       0.62529915656639501       0.65553904642553418     
   2.1093750000000001E-002   4.7656250000000004E-002  0.98791817902789913       0.63164299086847941       0.65319331803839342     
   2.1875000000000002E-002   4.7656250000000004E-002  0.98442881352947753       0.63792743885930492       0.65076725408660807     
   2.2656250000000003E-002   4.7656250000000004E-002  0.98068481551840714       0.64415046135035980       0.64826173473186643     
   2.3437500000000000E-002   4.7656250000000004E-002  0.97669015706463380       0.65031003962706568       0.64567766951045291     
   2.4218750000000001E-002   4.7656250000000004E-002  0.97244895452389946       0.65640417624616099       0.64301599700084477     
   2.5000000000000001E-002   4.7656250000000004E-002  0.96796546529757133       0.66243089578489955       0.64027768448007139     
   2.5781250000000002E-002   4.7656250000000004E-002  0.96324408453340893       0.66838824554669929       0.63746372757406544     
   2.6562500000000003E-002   4.7656250000000004E-002  0.95828934176268876       0.67427429622767987       0.63457514990122155     
   2.7343750000000000E-002   4.7656250000000004E-002  0.95310589748468499       0.68008714254899683       0.63161300271103238     
   2.8125000000000001E-002   4.7656250000000004E-002  0.94769853970354989       0.68582490386011552       0.62857836451956739     
   2.8906250000000001E-002   4.7656250000000004E-002  0.94207218041632357       0.69148572471874425       0.62547234074288272     
   2.9687500000000002E-002   4.7656250000000004E-002  0.93623185205387649       0.69706777545375354       0.62229606333117959     
   3.0468750000000003E-002   4.7656250000000004E-002  0.93018270387280189       0.70256925271803694       0.61905069040631344     
   3.1250000000000000E-002   4.7656250000000004E-002  0.92392999826932265       0.70798838003963493       0.61573740590296611     
   3.2031250000000004E-002   4.7656250000000004E-002  0.91747910705535163       0.71332340837929797       0.61235741922577092     
   3.2812500000000001E-002   4.7656250000000004E-002  0.91083550754056419       0.71857261670619643       0.60891196490547683     
   3.3593749999999999E-002   4.7656250000000004E-002  0.90400477865787332       0.72373431259964471       0.60540230230476755     
   3.4375000000000003E-002   4.7656250000000004E-002  0.89699259655426489       0.72880683289456505       0.60182971529070717     
   3.5156250000000000E-002   4.7656250000000004E-002  0.88980473054358677       0.73378854437293883       0.59819551204724153     
   3.5937500000000004E-002   4.7656250000000004E-002  0.88244703763755183       0.73867784453034413       0.59450102474168764     
   3.6718750000000001E-002   4.7656250000000004E-002  0.87492545838668034       0.74347316239974370       0.59074760955823169     
   3.7500000000000006E-002   4.7656250000000004E-002  0.86724600914323680       0.74817295947924489       0.58693664627036901     
   3.8281250000000003E-002   4.7656250000000004E-002  0.85941477798501309       0.75277573067956072       0.58306953870937006     
   3.9062500000000000E-002   4.7656250000000004E-002  0.85143791205672181       0.75728000534169104       0.57914771398633691     
   3.9843750000000004E-002   4.7656250000000004E-002  0.84332161430980657       0.76168434804559171       0.57517262380055589     
   4.0625000000000001E-002   4.7656250000000004E-002  0.83507212129537667       0.76598735928058970       0.57114574259183504     
   4.1406250000000006E-002   4.7656250000000004E-002  0.82669570720646557       0.77018767540821620       0.56706857044434444     
   4.2187500000000003E-002   4.7656250000000004E-002  0.81819864794275421       0.77428396853144243       0.56294262760515745     
   4.2968750000000000E-002   4.7656250000000004E-002  0.80958725424474154       0.77827494522088403       0.55876945959003033     
   4.3750000000000004E-002   4.7656250000000004E-002  0.80086778753688292       0.78215934469225523       0.55455061819981089     
   4.4531250000000001E-002   4.7656250000000004E-002  0.79204649994874765       0.78593592735926032       0.55028766717420585     
   4.5312500000000006E-002   4.7656250000000004E-002  0.78312930513292112       0.78960344166931573       0.54598212224044140     
   4.6093750000000003E-002   4.7656250000000004E-002  0.77412187768163809       0.79316053559939081       0.54163545450028594     
   4.6875000000000000E-002   4.7656250000000004E-002  0.76502947278369182       0.79660562567583237       0.53724891369811456     
   4.7656250000000004E-002   4.7656250000000004E-002  0.75585930819495173       0.79993682234099672       0.53282348673968050     
   4.8437500000000001E-002   4.7656250000000004E-002  0.74662276101002767       0.80315230299813556       0.52835926182468340     
   4.9218750000000006E-002   4.7656250000000004E-002  0.73734316636621289       0.80625156019297073       0.52385532722550177     
   5.0000000000000003E-002   4.7656250000000004E-002  0.72806357172239811       0.80923839859184921       0.51930845324923802     
   0.0000000000000000        4.8437500000000001E-002  0.97914370272909113       0.44484941659029342       0.68518925207335635     
   7.8125000000000004E-004   4.8437500000000001E-002  0.98323711670080849       0.45206700609038564       0.68514213503304044     
   1.5625000000000001E-003   4.8437500000000001E-002  0.98733053067252585       0.45926417011948800       0.68499719767359535     
   2.3437500000000003E-003   4.8437500000000001E-002  0.99113607961162009       0.46646026644094440       0.68476482445467979     
   3.1250000000000002E-003   4.8437500000000001E-002  0.99463152099460239       0.47365238335742416       0.68443777829660535     
   3.9062500000000000E-003   4.8437500000000001E-002  0.99780277384672278       0.48083637703718513       0.68401799914841521     
   4.6875000000000007E-003   4.8437500000000001E-002   1.0006719502527350       0.48800826823313731       0.68350427866101338     
   5.4687500000000005E-003   4.8437500000000001E-002   1.0032370856881516       0.49516569975854069       0.68289816023900229     
   6.2500000000000003E-003   4.8437500000000001E-002   1.0055028712907275       0.50230631882987953       0.68219954467072619     
   7.0312500000000002E-003   4.8437500000000001E-002   1.0074673685049498       0.50942798369160924       0.68140906561910730     
   7.8125000000000000E-003   4.8437500000000001E-002   1.0091323107122210       0.51652839106625204       0.68052682422531607     
   8.5937500000000007E-003   4.8437500000000001E-002   1.0104978274948453       0.52360527669295232       0.67955323649891908     
   9.3750000000000014E-003   4.8437500000000001E-002   1.0115653734302072       0.53065633203770768       0.67848858679619173     
   1.0156250000000000E-002   4.8437500000000001E-002   1.0123359082040171       0.53767927212513378       0.67733329465157166     
   1.0937500000000001E-002   4.8437500000000001E-002   1.0128108972918239       0.54467180223502498       0.67608775655450215     
   1.1718750000000000E-002   4.8437500000000001E-002   1.0129917468827587       0.55163163821419103       0.67475243539594554     
   1.2500000000000001E-002   4.8437500000000001E-002   1.0128801492850357       0.55855649595792634       0.67332780730545672     
   1.3281250000000001E-002   4.8437500000000001E-002   1.0124778961189405       0.56544409971736620       0.67181439252916630     
   1.4062500000000000E-002   4.8437500000000001E-002   1.0117869914118123       0.57229217992670300       0.67021273724442787     
   1.4843750000000001E-002   4.8437500000000001E-002   1.0108095877815675       0.57909847712965812       0.66852342391226938     
   1.5625000000000000E-002   4.8437500000000001E-002   1.0095480227134792       0.58586074217366946       0.66674706490906333     
   1.6406250000000001E-002   4.8437500000000001E-002   1.0080047964961469       0.59257673839012825       0.66488430585115865     
   1.7187500000000001E-002   4.8437500000000001E-002   1.0061825827406956       0.59924424246418595       0.66293582331210255     
   1.7968750000000002E-002   4.8437500000000001E-002   1.0040842197971720       0.60586104593227885       0.66090232575845853     
   1.8750000000000003E-002   4.8437500000000001E-002   1.0017127123841312       0.61242495620248083       0.65878455263919311     
   1.9531250000000000E-002   4.8437500000000001E-002  0.99907122708679341       0.61893379774097945       0.65658327450303744     
   2.0312500000000001E-002   4.8437500000000001E-002  0.99616309088936195       0.62538541306552953       0.65429929252225127     
   2.1093750000000001E-002   4.8437500000000001E-002  0.99299178776715791       0.63177766375576727       0.65193343832616213     
   2.1875000000000002E-002   4.8437500000000001E-002  0.98956095609229455       0.63810843136978412       0.64948657364629259     
   2.2656250000000003E-002   4.8437500000000001E-002  0.98587438541188077       0.64437561833439538       0.64695959004477777     
   2.3437500000000000E-002   4.8437500000000001E-002  0.98193601339345382       0.65057714877805362       0.64435340858039747     
   2.4218750000000001E-002   4.8437500000000001E-002  0.97774992254769311       0.65671096932866313       0.64166897949009438     
   2.5000000000000001E-002   4.8437500000000001E-002  0.97332033694906295       0.66277504986959579       0.63890728184634848     
   2.5781250000000002E-002   4.8437500000000001E-002  0.96865161886289008       0.66876738426272231       0.63606932321120913     
   2.6562500000000003E-002   4.8437500000000001E-002  0.96374826533364588       0.67468599103894267       0.63315613927859604     
   2.7343750000000000E-002   4.8437500000000001E-002  0.95861490472706812       0.68052891406159199       0.63016879350872923     
   2.8125000000000001E-002   4.8437500000000001E-002  0.95325629322707373       0.68629422316566180       0.62710837675634035     
   2.8906250000000001E-002   4.8437500000000001E-002  0.94767731130403243       0.69198001477755022       0.62397600689129185     
   2.9687500000000002E-002   4.8437500000000001E-002  0.94188296013989192       0.69758441252088366       0.62077282841521964     
   3.0468750000000003E-002   4.8437500000000001E-002  0.93587835800233166       0.70310556781125289       0.61750001207793292     
   3.1250000000000000E-002   4.8437500000000001E-002  0.92966873661698179       0.70854166045319633       0.61415875448065937     
   3.2031250000000004E-002   4.8437500000000001E-002  0.92325943733732652       0.71389089923201920       0.61075027771259971     
   3.2812500000000001E-002   4.8437500000000001E-002  0.91665590752924375       0.71915152253840298       0.60727582892004639     
   3.3593749999999999E-002   4.8437500000000001E-002  0.90986369619806395       0.72432179898152238       0.60373668002967795     
   3.4375000000000003E-002   4.8437500000000001E-002  0.90288845061882861       0.72940002809818139       0.60013412720714265     
   3.5156250000000000E-002   4.8437500000000001E-002  0.89573591054885471       0.73438454100783568       0.59646949083939405     
   3.5937500000000004E-002   4.8437500000000001E-002  0.88841190577810947       0.73927370129667069       0.59274411466789134     
   3.6718750000000001E-002   4.8437500000000001E-002  0.88092234690413906       0.74406590571634401       0.58895936643961067     
   3.7500000000000006E-002   4.8437500000000001E-002  0.87327322543507568       0.74875958538353260       0.58511663618656851     
   3.8281250000000003E-002   4.8437500000000001E-002  0.86547059665861681       0.75335320645147152       0.58121733845739387     
   3.9062500000000000E-002   4.8437500000000001E-002  0.85752058585799351       0.75784527182002237       0.57726290852033357     
   3.9843750000000004E-002   4.8437500000000001E-002  0.84942935345339121       0.76223432141967196       0.57325480824926989     
   4.0625000000000001E-002   4.8437500000000001E-002  0.84120311633557732       0.76651893472725829       0.56919451732168513     
   4.1406250000000006E-002   4.8437500000000001E-002  0.83284807393660654       0.77069772949338811       0.56508354794447180     
   4.2187500000000003E-002   4.8437500000000001E-002  0.82437047411598763       0.77476936615023617       0.56092342265313133     
   4.2968750000000000E-002   4.8437500000000001E-002  0.81577644764776491       0.77873254209712073       0.55671571051817959     
   4.3750000000000004E-002   4.8437500000000001E-002  0.80707219171466660       0.78258600023875158       0.55246196406819170     
   4.4531250000000001E-002   4.8437500000000001E-002  0.79826352314836746       0.78632850521197151       0.54816380524752495     
   4.5312500000000006E-002   4.8437500000000001E-002  0.78935626151263671       0.78995884032695296       0.54382274778693396     
   4.6093750000000003E-002   4.8437500000000001E-002  0.78035500210608577       0.79347568848473971       0.53944042235731626     
   4.6875000000000000E-002   4.8437500000000001E-002  0.77126460334717939       0.79687755331611043       0.53501812274476568     
   4.7656250000000004E-002   4.8437500000000001E-002  0.76208954935328710       0.80016244643077683       0.53055746056369768     
   4.8437500000000001E-002   4.8437500000000001E-002  0.75284511909569096       0.80332830188174187       0.52605871183383079     
   4.9218750000000006E-002   4.8437500000000001E-002  0.74355910180450546       0.80637367903511448       0.52152207101380321     
   5.0000000000000003E-002   4.8437500000000001E-002  0.73427308451331996       0.80930106113858025       0.51693986881707366     
   0.0000000000000000        4.9218750000000006E-002  0.98218459238315337       0.44314616505676374       0.68418841444384448     
   7.8125000000000004E-004   4.9218750000000006E-002  0.98647225694188545       0.45043426018103166       0.68414137924846719     
   1.5625000000000001E-003   4.9218750000000006E-002  0.99075992150061754       0.45771332639279483       0.68399475259610099     
   2.3437500000000003E-003   4.9218750000000006E-002  0.99455003411750609       0.46499051890544324       0.68376180750244220     
   3.1250000000000002E-003   4.9218750000000006E-002  0.99813726101745104       0.47225964390584119       0.68343249424785435     
   3.9062500000000000E-003   4.9218750000000006E-002   1.0013609700793991       0.47952027979478962       0.68301003229252577     
   4.6875000000000007E-003   4.9218750000000006E-002   1.0043163123349805       0.48676817147615015       0.68249258880192576     
   5.4687500000000005E-003   4.9218750000000006E-002   1.0069485985754667       0.49400151847052970       0.68188210606303212     
   6.2500000000000003E-003   4.9218750000000006E-002   1.0092905887591634       0.50121741239548967       0.68117819866600060     
   7.0312500000000002E-003   4.9218750000000006E-002   1.0113244839714346       0.50841374253599725       0.68038161706587685     
   7.8125000000000000E-003   4.9218750000000006E-002   1.0130620158410910       0.51558797059068051       0.67949237422163400     
   8.5937500000000007E-003   4.9218750000000006E-002   1.0144977958811252       0.52273780425740002       0.67851093939587781     
   9.3750000000000014E-003   4.9218750000000006E-002   1.0156364785971845       0.52986080278296688       0.67743757673169913     
   1.0156250000000000E-002   4.9218750000000006E-002   1.0164770524962976       0.53695461209124318       0.67627273096102880     
   1.0937500000000001E-002   4.9218750000000006E-002   1.0170220225715960       0.54401683353307384       0.67501679785474233     
   1.1718750000000000E-002   4.9218750000000006E-002   1.0172720908513264       0.55104510323230549       0.67367025514544332     
   1.2500000000000001E-002   4.9218750000000006E-002   1.0172292738991782       0.55803704837142720       0.67223358510336040     
   1.3281250000000001E-002   4.9218750000000006E-002   1.0168950892881277       0.56499031494833474       0.67070731962834762     
   1.4062500000000000E-002   4.9218750000000006E-002   1.0162716194674990       0.57190255380410959       0.66909201367789051     
   1.4843750000000001E-002   4.9218750000000006E-002   1.0153608923149771       0.57877143098467487       0.66738826050664668     
   1.5625000000000000E-002   4.9218750000000006E-002   1.0141652418830196       0.58559462373425519       0.66559668243339121     
   1.6406250000000001E-002   4.9218750000000006E-002   1.0126870978197193       0.59236982477648592       0.66371793583663752     
   1.7187500000000001E-002   4.9218750000000006E-002   1.0109291046319362       0.59909474164445897       0.66175270790767315     
   1.7968750000000002E-002   4.9218750000000006E-002   1.0088940503964650       0.60576709880095103       0.65970171814146961     
   1.8750000000000003E-002   4.9218750000000006E-002   1.0065849038350936       0.61238463806309762       0.65756571710693079     
   1.9531250000000000E-002   4.9218750000000006E-002   1.0040047895696151       0.61894511993210943       0.65534548673998849     
   2.0312500000000001E-002   4.9218750000000006E-002   1.0011569977461698       0.62544632434243519       0.65304183976303409     
   2.1093750000000001E-002   4.9218750000000006E-002  0.99804497430311068       0.63188605168060585       0.65065561956910778     
   2.1875000000000002E-002   4.9218750000000006E-002  0.99467232164910002       0.63826212359915668       0.64818769983144242     
   2.2656250000000003E-002   4.9218750000000006E-002  0.99104279351383351       0.64457238389400229       0.64563898424230493     
   2.3437500000000000E-002   4.9218750000000006E-002  0.98716029276884631       0.65081469930075198       0.64301040616375693     
   2.4218750000000001E-002   4.9218750000000006E-002  0.98302886756178320       0.65698696029191073       0.64030292830625002     
   2.5000000000000001E-002   4.9218750000000006E-002  0.97865270821541983       0.66308708183351850       0.63751754237524028     
   2.5781250000000002E-002   4.9218750000000006E-002  0.97403614367355484       0.66911300412653441       0.63465526871643596     
   2.6562500000000003E-002   4.9218750000000006E-002  0.96918363807210095       0.67506269332187963       0.63171715594630684     
   2.7343750000000000E-002   4.9218750000000006E-002  0.96409978724287493       0.68093414221848636       0.62870428057293715     
   2.8125000000000001E-002   4.9218750000000006E-002  0.95878931514548615       0.68672537094236441       0.62561774660855229     
   2.8906250000000001E-002   4.9218750000000006E-002  0.95325707034133544       0.69243442761019625       0.62245868517079983     
   2.9687500000000002E-002   4.9218750000000006E-002  0.94750802243555798       0.69805938898377606       0.61922825407643667     
   3.0468750000000003E-002   4.9218750000000006E-002  0.94154725827624830       0.70359836110543872       0.61592763743203927     
   3.1250000000000000E-002   4.9218750000000006E-002  0.93537997889024094       0.70904947994983991       0.61255804519951051     
   3.2031250000000004E-002   4.9218750000000006E-002  0.92901149442077446       0.71441091202972040       0.60912071280489477     
   3.2812500000000001E-002   4.9218750000000006E-002  0.92244722325531125       0.71968085509118895       0.60561690063489559     
   3.3593749999999999E-002   4.9218750000000006E-002  0.91569268251187685       0.72485753866547975       0.60204789375147816     
   3.4375000000000003E-002   4.9218750000000006E-002  0.90875349442798958       0.72993922490637109       0.59841500119009505     
   3.5156250000000000E-002   4.9218750000000006E-002  0.90163536361596619       0.73492420900854349       0.59471955601892512     
   3.5937500000000004E-002   4.9218750000000006E-002  0.89434410390546915       0.73981082039154267       0.59096291409440482     
   3.6718750000000001E-002   4.9218750000000006E-002  0.88688558084480595       0.74459742278589125       0.58714645504939689     
   3.7500000000000006E-002   4.9218750000000006E-002  0.87926579012216888       0.74928241617692093       0.58327157968319132     
   3.8281250000000003E-002   4.9218750000000006E-002  0.87149071605105133       0.75386423608178277       0.57933971320831168     
   3.9062500000000000E-002   4.9218750000000006E-002  0.86356653247194071       0.75834135714446571       0.57535229940040078     
   3.9843750000000004E-002   4.9218750000000006E-002  0.85549926300355572       0.76271229032151511       0.57131080918169352     
   4.0625000000000001E-002   4.9218750000000006E-002  0.84729527616625078       0.76697559044962904       0.56721672708336079     
   4.1406250000000006E-002   4.9218750000000006E-002  0.83896045457750290       0.77112984749606017       0.56307157307726097     
   4.2187500000000003E-002   4.9218750000000006E-002  0.83050144842749141       0.77517370472598623       0.55887686914589085     
   4.2968750000000000E-002   4.9218750000000006E-002  0.82192354594123274       0.77910583255450594       0.55463419509971545     
   4.3750000000000004E-002   4.9218750000000006E-002  0.81323397644091167       0.78292497302918462       0.55034509767952033     
   4.4531250000000001E-002   4.9218750000000006E-002  0.80443634216045945       0.78662986284638436       0.54601123013418651     
   4.5312500000000006E-002   4.9218750000000006E-002  0.79553939231953119       0.79021933632954311       0.54163410234245990     
   4.6093750000000003E-002   4.9218750000000006E-002  0.78654233260060247       0.79369209510773964       0.53721545306703078     
   4.6875000000000000E-002   4.9218750000000006E-002  0.77745881185906307       0.79704700797393446       0.53275662813985525     
   4.7656250000000004E-002   4.9218750000000006E-002  0.76827364397092335       0.80028235741653442       0.52825976025405574     
   4.8437500000000001E-002   4.9218750000000006E-002  0.75901944000582233       0.80339701781771089       0.52372567700896877     
   4.9218750000000006E-002   4.9218750000000006E-002  0.74963337344107084       0.80638755019728503       0.51915638717692358     
   5.0000000000000003E-002   4.9218750000000006E-002  0.74024730687631934       0.80925148724114904       0.51454252054184724     
   0.0000000000000000        5.0000000000000003E-002  0.98522548203721561       0.44142135623730949       0.68317301761277638     
   7.8125000000000004E-004   5.0000000000000003E-002  0.98970739718296241       0.44878403909643966       0.68312558729233519     
   1.5625000000000001E-003   5.0000000000000003E-002  0.99418931232870922       0.45614417260034312       0.68298331382284183     
   2.3437500000000003E-003   5.0000000000000003E-002  0.99796398862339208       0.46349920829921948       0.68274624967314512     
   3.1250000000000002E-003   5.0000000000000003E-002   1.0016430010402997       0.47084659955379221       0.68241448226919177     
   3.9062500000000000E-003   5.0000000000000003E-002   1.0049191663120753       0.47818380243974995       0.68198813396083202     
   4.6875000000000007E-003   5.0000000000000003E-002   1.0079606744172260       0.48550827665120300       0.68146736197536750     
   5.4687500000000005E-003   5.0000000000000003E-002   1.0106601114627818       0.49281748640282852       0.68085235835785574     
   6.2500000000000003E-003   5.0000000000000003E-002   1.0130783062275994       0.50010890133037489       0.68014334989819836     
   7.0312500000000002E-003   5.0000000000000003E-002   1.0151815994379194       0.50737999738920236       0.67934059804503777     
   7.8125000000000000E-003   5.0000000000000003E-002   1.0169917209699610       0.51462825775052989       0.67844439880649898     
   8.5937500000000007E-003   5.0000000000000003E-002   1.0184977642674051       0.52185117369506717       0.67745508263781162     
   9.3750000000000014E-003   5.0000000000000003E-002   1.0197075837641618       0.52904624550370516       0.67637301431585972     
   1.0156250000000000E-002   5.0000000000000003E-002   1.0206181967885781       0.53621098334494377       0.67519859280070360     
   1.0937500000000001E-002   5.0000000000000003E-002   1.0212331478513681       0.54334290815873409       0.67393225108413146     
   1.1718750000000000E-002   5.0000000000000003E-002   1.0215524348198941       0.55043955253641474       0.67257445602529764     
   1.2500000000000001E-002   5.0000000000000003E-002   1.0215783985133207       0.55749846159642447       0.67112570817351080     
   1.3281250000000001E-002   5.0000000000000003E-002   1.0213122824573149       0.56451719385547272       0.66958654157824260     
   1.4062500000000000E-002   5.0000000000000003E-002   1.0207562475231857       0.57149332209485215       0.66795752358642868     
   1.4843750000000001E-002   5.0000000000000003E-002   1.0199121968483866       0.57842443422157996       0.66623925462714140     
   1.5625000000000000E-002   5.0000000000000003E-002   1.0187824610525600       0.58530813412405613       0.66443236798371974     
   1.6406250000000001E-002   5.0000000000000003E-002   1.0173693991432917       0.59214204252192770       0.66253752955344014     
   1.7187500000000001E-002   5.0000000000000003E-002   1.0156756265231768       0.59892379780985161       0.66055543759482760     
   1.7968750000000002E-002   5.0000000000000003E-002   1.0137038809957579       0.60565105689485055       0.65848682246269918     
   1.8750000000000003E-002   5.0000000000000003E-002   1.0114570952860560       0.61232149602695962       0.65633244633104759     
   1.9531250000000000E-002   5.0000000000000003E-002   1.0089383520524369       0.61893281162286051       0.65409310290386879     
   2.0312500000000001E-002   5.0000000000000003E-002   1.0061509046029777       0.62548272108220748       0.65176961711404791     
   2.1093750000000001E-002   5.0000000000000003E-002   1.0030981608390634       0.63196896359634791       0.64936284481041984     
   2.1875000000000002E-002   5.0000000000000003E-002  0.99978368720590549       0.63838930094914692       0.64687367243312555     
   2.2656250000000003E-002   5.0000000000000003E-002  0.99621120161578625       0.64474151830962267       0.64430301667738976     
   2.3437500000000000E-002   5.0000000000000003E-002  0.99238457214423881       0.65102342501610977       0.64165182414585165     
   2.4218750000000001E-002   5.0000000000000003E-002  0.98830781257587330       0.65723285535166354       0.63892107098958184     
   2.5000000000000001E-002   5.0000000000000003E-002  0.98398507948177671       0.66336766931042779       0.63611176253792678     
   2.5781250000000002E-002   5.0000000000000003E-002  0.97942066848421960       0.66942575335468568       0.63322493291732218     
   2.6562500000000003E-002   5.0000000000000003E-002  0.97461901081055602       0.67540502116232326       0.63026164465922374     
   2.7343750000000000E-002   5.0000000000000003E-002  0.96958466975868174       0.68130341436443365       0.62722298829730938     
   2.8125000000000001E-002   5.0000000000000003E-002  0.96432233706389858       0.68711890327279579       0.62411008195410556     
   2.8906250000000001E-002   5.0000000000000003E-002  0.95883682937863846       0.69284948759696463       0.62092407091720025     
   2.9687500000000002E-002   5.0000000000000003E-002  0.95313308473122405       0.69849319715071534       0.61766612720520742     
   3.0468750000000003E-002   5.0000000000000003E-002  0.94721615855016494       0.70404809254758349       0.61433744912364907     
   3.1250000000000000E-002   5.0000000000000003E-002  0.94109122116350008       0.70951226588525451       0.61093926081092842     
   3.2031250000000004E-002   5.0000000000000003E-002  0.93476355150422241       0.71488384141855077       0.60747281177457046     
   3.2812500000000001E-002   5.0000000000000003E-002  0.92823853898137876       0.72016097622077768       0.60393937641790874     
   3.3593749999999999E-002   5.0000000000000003E-002  0.92152166882568975       0.72534186083318730       0.60034025355740162     
   3.4375000000000003E-002   5.0000000000000003E-002  0.91461853823715056       0.73042471990232760       0.59667676593076713     
   3.5156250000000000E-002   5.0000000000000003E-002  0.90753481668307767       0.73540781280504652       0.59295025969612325     
   3.5937500000000004E-002   5.0000000000000003E-002  0.90027630203282882       0.74028943426092642       0.58916210392233237     
   3.6718750000000001E-002   5.0000000000000003E-002  0.89284881478547284       0.74506791493192803       0.58531369007074252     
   3.7500000000000006E-002   5.0000000000000003E-002  0.88525835480926207       0.74974162200902850       0.58140643146852977     
   3.8281250000000003E-002   5.0000000000000003E-002  0.87751083544348585       0.75430895978564261       0.57744176277384385     
   3.9062500000000000E-002   5.0000000000000003E-002  0.86961247908588790       0.75876837021762122       0.57342113943296513     
   3.9843750000000004E-002   5.0000000000000003E-002  0.86156917255372023       0.76311833346962499       0.56934603712968190     
   4.0625000000000001E-002   5.0000000000000003E-002  0.85338743599692424       0.76735736844767921       0.56521795122710294     
   4.1406250000000006E-002   5.0000000000000003E-002  0.84507283521839927       0.77148403331771576       0.56103839620211982     
   4.2187500000000003E-002   5.0000000000000003E-002  0.83663242273899519       0.77549692600991926       0.55680890507273761     
   4.2968750000000000E-002   5.0000000000000003E-002  0.82807064423470056       0.77939468470869577       0.55253102881849858     
   4.3750000000000004E-002   5.0000000000000003E-002  0.81939576116715673       0.78317598832808677       0.54820633579421874     
   4.4531250000000001E-002   5.0000000000000003E-002  0.81060916117255144       0.78683955697246166       0.54383641113726777     
   4.5312500000000006E-002   5.0000000000000003E-002  0.80172252312642567       0.79038415238232218       0.53942285616861962     
   4.6093750000000003E-002   5.0000000000000003E-002  0.79272966309511916       0.79380857836505980       0.53496728778790614     
   4.6875000000000000E-002   5.0000000000000003E-002  0.78365302037094675       0.79711168121051301       0.53047133786270761     
   4.7656250000000004E-002   5.0000000000000003E-002  0.77445773858855960       0.80029235009117605       0.52593665261231604     
   4.8437500000000001E-002   5.0000000000000003E-002  0.76519376091595370       0.80334951744691740       0.52136489198621050     
   4.9218750000000006E-002   5.0000000000000003E-002  0.75570764507763621       0.80628215935406988       0.51675772903748252     
   5.0000000000000003E-002   5.0000000000000003E-002  0.74622152923931873       0.80908929587876377       0.51211684929145684     
